39602,122.8,124.1,122.8,123.3,80
39603,123.3,123.3,121.3,121.6,92
39604,122.05,123.5,121.1,123.4,83
39605,123.45,125.65,123.3,125.3,157
39606,125.9,126.4,125.5,126,12
39608,125.65,126.6,124.35,125.05,121
39609,124.7,125.75,123.8,125.15,130
39610,124.05,125.5,124.05,125.25,84
39611,125.15,125.5,124.05,124.45,158
39612,124.35,125.4,124.15,124.55,70
39613,125,125,124.6,124.8,4
39615,124.7,126.7,124.5,125.9,123
39616,125.9,128.9,125.65,128.5,231
39617,128.3,132.35,128.3,131.3,667
39618,131.45,132.2,130,130.25,235
39619,130.3,133.8,130.3,133.15,386
39620,132.75,136.9,132.75,133.8,39
39622,133.8,134.6,132.05,133.35,315
39623,132.8,133.4,131.2,131.3,160
39624,131.1,131.35,129,129.35,206
39625,130.15,131,129.1,130.55,241
39626,130.75,131.95,130.2,131.45,175
39627,131.3,131.85,131,131.75,27
39629,132,132.8,131.95,132,204
39630,132,136.75,132,136.5,326
39631,136,139.5,133.05,138.85,516
39632,139.7,139.7,136.55,136.85,246
39633,137.85,137.85,135.05,135.55,158
39634,136.4,136.4,135.5,135.8,5
39636,135.95,142.6,135.95,142.2,689
39637,142,142.75,134.4,135.3,719
39638,134.5,138,131.5,136.75,633
39639,136.7,143.7,135.6,140.05,1292
39640,140.9,144.2,139.65,141.75,1043
39641,141.95,142.55,141.95,142.25,19
39643,142.65,143.5,139.35,140.55,696
39644,140.5,141.35,137.85,138.05,541
39645,137.5,139.05,132.5,133.2,1118
39646,133.05,134.5,130.25,132.25,787
39647,131.55,132,127.5,128.55,1172
39648,128.25,128.65,128.25,128.5,19
39650,128.5,130.1,126.7,129.3,622
39651,129.6,130.6,126.9,128.2,550
39652,127.5,127.6,124.7,125.7,556
39653,124.9,126.85,122.7,123.65,531
39654,125,125,122.75,123.95,275
39655,123.6,123.7,123.5,123.6,9
39657,124.35,126.55,124.2,126,266
39658,126.85,127.5,123.85,124.6,341
39659,124.5,124.5,122.9,124.05,162
39660,124.6,125.5,124.05,124.35,418
39661,125.3,125.7,123,123.75,393
39662,123.55,123.9,123.5,123.65,10
39664,123.85,124.85,120,121.2,429
39665,121,122.2,120,121.5,319
39666,121.45,122.25,120.9,121,208
39667,121.9,122.1,121.05,121.4,136
39668,121.5,121.9,118.95,119.3,299
39669,119,119,118.6,118.85,9
39671,118.5,119.9,117.85,118,190
39672,118.4,118.9,115.5,116,351
39673,117,119.5,116.7,119,170
39674,119.95,120.65,118,118.2,213
39676,116,118.5,116,118.2,13
39678,122.95,122.95,118.65,119.3,166
39679,119.15,120.6,117.1,120.3,305
39680,120.6,120.95,118.55,119.25,522
39681,119.75,122.35,119.15,121.3,275
39682,121.3,122.3,118,119.25,274
39683,119.1,119.35,119,119.1,6
39685,119.35,120.25,119.35,119.65,87
39686,121,121.5,118.5,119.55,233
39687,119.55,120.25,118.9,119.05,131
39688,119,119.5,117.75,118,202
39689,118,118.2,116.5,117.45,218
39692,119.4,119.45,117.7,118.45,130
39693,118.35,118.9,117.6,118.75,149
39694,118.95,119.2,117.95,118.15,89
39695,118.2,118.8,117.85,117.95,114
39696,117.55,117.6,116.6,117,200
39697,119,119,117.25,117.45,12
39699,117.7,117.7,116.55,116.95,98
39700,118.15,118.15,115.85,116.3,200
39701,116.05,117.35,115.65,117.25,183
39702,117.2,118.35,116.75,117.95,285
39703,118.55,119.9,118.3,119.6,199
39704,118.7,119.65,118.7,119.5,11
39706,120.4,120.45,116.85,117.55,266
39707,117.05,118.3,115.9,116.9,627
39708,117,117,114.5,115.25,523
39709,115.25,116.8,114.45,115.1,183
39710,115,116,113.6,114.05,622
39711,113.7,114.85,113.7,114.6,21
39713,114.25,115.75,113.75,113.95,295
39714,114.5,114.9,113.05,113.3,166
39715,113.05,114.05,112.9,112.95,152
39716,113.3,113.95,112.4,113.85,204
39717,113.75,114.7,113.75,113.95,129
39718,113.8,114.05,113.8,113.95,7
39720,113.6,114.35,111.7,112,227
39721,112,112.65,110.5,112.35,255
39722,114.8,114.8,111.95,112.05,207
39724,109,109.7,106.1,108.6,229
39725,107.85,108.9,107.85,108.65,23
39727,109,109,106.2,106.95,130
39728,108,108.55,106.7,108.35,97
39729,108.8,110.9,107.3,108.65,177
39730,108.65,109.45,108.6,109.1,24
39731,107.35,108,104.75,107.4,245
39732,105.55,107.45,105.55,106.4,8
39734,107.4,108,106.75,107.05,123
39735,106.85,110.3,106.85,108.8,85
39736,109.8,109.8,103.55,104.1,525
39737,103.2,106.3,101.8,105.55,263
39738,106,107.15,104.15,106.3,126
39739,105.1,106.55,105.1,105.55,23
39741,107.5,107.5,102.9,103.6,170
39742,103.1,103.7,100.7,101,248
39743,99.7,101,95.5,96.35,282
39744,95,98.2,94.1,97.95,258
39745,97.2,97.6,94.3,95.35,244
39746,95.15,95.5,95.1,95.3,4
39748,91.5,99.65,91.5,99.2,191
39749,99.2,100.6,98.1,99.65,45
39750,101.75,106.15,101.6,103.15,253
39751,102.7,102.9,99.25,99.4,126
39752,99.45,99.85,96,97.05,NaN
39755,101,102.2,96.9,98.5,342
39756,102.45,102.45,95.4,98.45,352
39757,97.9,99.35,96.45,97.5,181
39758,97.9,97.9,95.1,95.65,187
39759,96.8,96.8,92.95,93.05,194
39760,93.45,93.85,93.35,93.65,8
39762,94.4,96,92.7,93.5,358
39763,93.5,93.9,92.2,92.65,204
39764,93,94.5,92.5,93.75,220
39765,92.7,94.3,92.65,93.45,100
39766,94.1,94.6,92.25,92.75,137
39767,93.1,93.1,92.9,92.95,5
39769,92.55,92.9,90.45,91.2,345
39770,91.5,93.4,91.1,92.45,248
39771,93.1,93.1,91.35,91.65,300
39772,91,91.55,87.4,87.6,256
39773,86.7,88.8,86.05,86.2,434
39774,86.5,86.6,86.4,86.5,19
39776,86.8,89.25,86.1,87.5,194
39777,88,89,87.2,87.6,144
39778,87.55,88,86.45,86.95,91
39780,85.5,87.2,84.75,84.85,271
39783,87.45,88.5,86.25,86.55,243
39784,86.2,86.5,83.55,83.85,220
39785,84,84,79.35,80,364
39786,79.9,79.9,76.8,76.9,636
39787,77.3,77.3,72.6,73.5,614
39788,74.85,74.85,73.5,73.7,15
39790,75.8,75.8,73.45,73.9,347
39791,73.1,73.55,72.35,72.9,99
39792,73.8,74.2,72.55,73,351
39793,73,74.05,71.65,73.8,412
39794,72.7,73.6,71.1,71.25,298
39795,71,71.55,71,71.45,19
39797,72.4,72.95,69.25,69.5,346
39798,68.3,69.85,67.75,69.05,480
39799,69.9,69.9,67.95,69.4,626
39800,69.8,69.8,67.4,68.5,497
39801,68.1,70.3,67.9,70.2,660
39802,69.75,70.75,69.75,70.55,33
39804,71.2,73.15,70.45,72.75,355
39805,72.5,75.65,72.5,74.2,586
39806,74.8,75,71.9,72.95,369
39808,72.8,73.75,71.9,73.3,114
39809,72.45,73.85,72.45,73.55,20
39811,73.55,73.8,71.3,72.1,341
39812,71.9,72.25,69.4,70.65,435
39813,71.3,71.9,70.75,70.8,437
39814,74.4,74.4,73.4,74.3,161
39815,74.8,75.45,72.65,75.05,621
39816,75.3,75.3,74.75,75.1,39
39818,74.45,75.6,73.5,74,489
39819,74.5,77.65,74.5,77.35,681
39820,77.8,78.75,76,76.2,591
39821,76.25,76.25,74.4,75.3,547
39822,75.5,76.2,73.65,74.85,338
39823,74.5,74.95,74.45,74.9,25
39825,75,75.4,72.4,72.7,352
39826,72.5,73.35,70.7,73,401
39827,72.55,73.4,70.9,71.3,295
39828,71.05,71.65,70.05,71,377
39829,71.05,71.75,69.6,70,348
39830,70.1,70.5,70.05,70.3,28
39832,70.8,70.8,67.65,68.15,609
39833,68.05,68.5,66.25,67.35,759
39834,67.25,67.25,64.15,64.35,747
39835,63.9,65.35,63.9,64.4,510
39836,64.7,65,63.5,64.5,269
39837,64.7,64.85,64.65,64.7,28
39840,65.55,66.25,63.7,64,361
39841,63.15,66.6,63.15,65.05,636
39842,65.35,65.75,63.85,65.55,364
39843,65.45,65.85,64.25,64.3,388
39846,65.1,66.6,64.9,66.5,255
39847,66.25,67.6,65.7,66.95,429
39848,67.1,69.1,66.55,68.55,589
39849,68.7,69.7,67.8,68.55,540
39850,68.75,70.5,68.55,70.35,402
39851,70.15,70.8,70.05,70.6,22
39853,70.8,70.95,68.4,68.55,338
39854,68.55,68.85,66.9,67,402
39855,66.85,67.45,66.1,67.05,324
39856,67.15,67.3,65.6,66,304
39857,66,66.3,65.4,65.95,225
39858,65.95,66.2,65.95,66.15,15
39860,65.8,65.8,64.5,64.6,375
39861,65.1,65.6,64.75,65.05,183
39862,65.35,65.5,64.15,65.4,324
39863,65.1,66,64.8,65.3,281
39864,65.3,65.55,63.2,63.35,382
39865,63.5,63.5,63.3,63.4,15
39867,63.6,63.9,62.5,62.6,214
39868,62.5,64.4,62.2,64.3,341
39869,64.85,65.65,64.25,65.5,258
39870,65.05,67.25,65.05,66.85,269
39871,65.6,66.8,65.3,65.5,403
39874,67.7,68.15,67.05,67.45,315
39875,67.3,68.2,66.9,67,316
39876,67.45,68.95,67.05,68.6,421
39877,68.85,69.5,66.95,67.05,442
39878,67,67.9,66.4,66.5,416
39879,66.55,66.85,66.45,66.7,15
39881,66.7,67.1,66.15,66.15,243
39882,66.35,67.95,66.05,67.2,172
39883,67.35,68.4,67.35,67.5,101
39884,67.1,68.7,67.1,68,290
39885,68.3,69.4,67.8,68.25,602
39886,68.4,68.7,68.3,68.55,17
39888,68.7,69,67.25,68.25,354
39889,68.35,69.2,68.25,68.75,228
39890,68.95,69.75,68.4,69.2,536
39891,70,72.25,69.55,71.95,544
39892,70,73.95,70,72.15,744
39893,72.3,72.5,72.3,72.4,12
39895,72.5,73.25,70,71.25,557
39896,71,71.55,69.2,69.9,523
39897,70.45,70.9,69.2,69.95,734
39898,70.2,71.55,69.65,71.1,495
39899,71.5,71.7,70,70.35,479
39900,70.5,70.5,70.2,70.3,19
39902,70.25,70.3,69.6,69.7,246
39903,69.7,70.6,69.2,69.5,382
39904,71,71.1,68.1,69.45,617
39905,69.35,71.45,69.35,70.75,686
39906,70.8,73.65,70.65,73.25,935
39907,73.1,73.6,73.05,73.5,63
39909,73.4,74.65,72.2,72.3,837
39910,72.7,73.35,72.1,72.55,251
39911,72.1,73.9,71.8,73.5,742
39912,73.2,75.9,73,75.5,901
39914,76.1,77.35,76.1,77.1,149
39916,78.9,78.9,76.5,77.5,566
39917,75.7,75.7,73.3,73.9,1028
39918,74.55,74.6,72.9,74.45,1528
39919,74.1,74.35,72.2,72.5,1383
39920,71.9,73.35,71.65,72.65,1028
39921,72.75,72.8,72.6,72.7,67
39923,72.9,72.9,71.2,71.45,749
39924,71,72.15,70.55,71.9,885
39925,72.2,72.45,71.05,72.1,518
39926,71.55,72.85,70.75,70.95,591
39927,70.6,71.25,70.4,70.9,384
39928,70.95,71,70.7,70.8,25
39930,70.5,71.1,70,70.8,463
39931,70.6,71.45,70.3,70.7,534
39932,70.45,72,68.1,70.4,1087
39934,75.25,75.55,74.25,75.3,553
39935,75.25,75.45,75,75.05,39
39937,75.5,76.2,75,75.55,309
39938,75.1,75.1,73.6,74.35,509
39939,74.6,77.1,74.3,76.25,712
39940,76,77.6,75.55,75.9,706
39941,76.35,76.6,74.55,75.05,737
39944,74.75,75.25,74.15,75.1,361
39945,75.25,75.85,74.65,75.15,564
39946,75.3,75.5,73.75,74.35,571
39947,74.4,75,73.45,74.9,359
39948,74.9,75,73.4,73.7,475
39949,73.7,74,73.5,73.85,16
39951,73.1,73.1,70.1,71.55,918
39952,71.05,71.9,70.35,70.45,900
39953,70.75,70.95,68.6,69.2,666
39954,69,69.5,66.9,67.05,719
39955,67.15,67.75,65.95,66.65,905
39956,66.5,66.75,66.45,66.65,82
39958,67.1,67.2,66.5,66.95,117
39959,67.55,68,67,67.7,801
39960,67.65,68.15,65.15,65.35,1248
39961,65.25,65.85,64.65,65.65,736
39962,65.7,65.7,64.95,65.4,915
39965,68.15,69.2,67.55,68.85,2306
39966,69.4,69.75,68.15,68.25,2346
39967,68.5,69.4,68.3,68.6,2335
39968,68.25,73.4,68.15,73.15,4634
39969,73,74.65,72.7,73.3,3338
39970,73.3,73.55,73.15,73.45,109
39972,73.65,77.35,73.2,75.85,4396
39973,75.6,78.25,75.45,77.9,3093
39974,77.8,79.6,76.75,76.9,3739
39975,77.15,79.8,76.75,79.4,3250
39976,78.7,79.75,77,77.25,3858
39977,77.3,77.45,77.25,77.35,90
39979,76.8,77.15,75.25,76.1,2163
39980,75.6,77.6,75.35,75.7,2578
39981,76.05,77.6,75.3,77.45,2076
39982,77.3,78.1,77.05,77.9,1942
39983,77.9,79.5,77.55,79.2,2181
39984,79,79.1,78.8,78.9,96
39986,78.75,79.25,75.8,76.05,2614
39987,76.1,76.9,75.95,76.7,1531
39988,76.7,79.6,76.6,78.6,2542
39989,78.6,80.4,78.05,79.75,3190
39990,80,80.75,78.05,78.3,2926
39991,78.3,78.5,78.25,78.4,41
39993,77.8,78.65,77.25,77.3,1542
39994,77.75,77.75,76.75,77.2,940
39995,77.95,79.85,77.6,79.15,1808
39996,79.25,79.4,77.6,78.4,1295
39997,78.7,78.8,76.45,76.65,1365
39998,76.8,77,76.55,76.95,85
40000,76.7,78.3,76.05,77.9,1345
40001,77.9,79.25,77.75,78.05,1375
40002,77.95,78.5,75.45,76.15,1848
40003,76.95,76.95,75.5,76.45,1139
40004,76.5,76.7,75.6,76.35,1363
40005,76.2,76.35,76.15,76.3,20
40007,76.3,76.55,75.6,75.75,1154
40008,75.85,77.5,75.85,77.35,1501
40009,77.7,80,77.5,79.55,2605
40010,79.55,81.3,79.1,81.15,2809
40011,81.25,83.65,81.05,82.15,3584
40012,81.75,82.65,81.75,82.1,68
40014,82.5,83.3,81.25,81.85,2485
40015,82.15,83.2,81.1,81.75,2984
40016,81.5,83.6,81.5,83.4,2889
40017,83.3,85.1,82.6,84.9,3922
40018,85,86.5,84.7,86.35,2886
40019,86.5,86.75,86.4,86.7,108
40021,86.8,89.2,86.8,87.05,3956
40022,87.4,88.75,86.55,87.4,3899
40023,87.15,87.15,85.6,86.1,2820
40024,86.1,89.7,85.7,89.5,3198
40025,90.1,90.4,89.15,89.75,1921
40028,91.45,93.15,90.4,92.8,4270
40029,92.5,95.2,90.95,93.8,5183
40030,94.3,99.45,94.25,97.1,7098
40031,96.3,96.6,92.75,93.9,5493
40032,92.75,96.75,92.3,95,7002
40033,94.6,95.6,94.6,95.2,92
40035,95.2,96.7,92.4,92.6,5888
40036,93.4,94.8,91.75,92,5588
40037,92.2,94.55,90.7,94.2,6030
40038,94.65,99.2,94.65,97.95,6121
40039,97.5,99.25,94.05,94.2,6188
40042,94,95.65,91.05,95.45,5585
40043,96.25,98.3,95.7,96.35,6926
40044,96.1,96.65,91.35,94.35,7457
40045,94.4,95.25,90.95,91.6,5526
40046,92,93.45,90.3,92.7,6265
40047,92.95,93.35,92.75,93.2,162
40049,93.65,94.1,90.75,91.95,5453
40050,91.75,92.4,90.55,91,3809
40051,91.5,93.1,89.3,89.7,5070
40052,90,91.25,88.4,90.65,4738
40053,91.45,92.4,90.55,91.85,2529
40057,91,91.8,89.6,89.95,4978
40058,89.3,90.45,88.5,89.9,3410
40059,89.95,90.6,88.85,89.85,3899
40060,90.2,90.95,88.85,89.2,2998
40061,89.1,89.6,89.1,89.45,90
40063,89.65,90.4,89.15,89.95,1717
40064,89.95,92.65,89.95,90.95,4593
40065,91.35,91.9,89.8,90.4,3349
40066,90.2,91.4,87.75,89,3352
40067,89.1,90.1,88.3,88.65,3647
40068,88.55,88.75,88.55,88.65,66
40070,88.55,88.6,87.05,88.35,1983
40071,89.45,89.45,87.9,89.2,1678
40072,89.45,92.1,89,91.8,3237
40073,91.95,93.9,91.4,92,5615
40074,92.45,93.2,90.75,91.1,3964
40075,91.25,91.5,91.05,91.1,73
40077,90.5,90.6,88.85,89.75,1590
40078,89.8,90.5,88.8,89.65,3149
40079,89.5,89.9,88.5,88.7,2028
40080,88.35,88.85,86.6,87,2332
40081,87.5,87.5,85.4,86,2264
40082,86,86,82.55,84.5,113
40084,84.7,86.65,84.7,86.5,969
40085,86.4,87.7,85.15,87.4,2449
40086,87.95,89.35,87.6,89.1,1822
40087,89.6,90.4,88.1,88.3,1825
40089,86.45,87.35,86.45,86.7,328
40091,86.25,86.25,83.95,84.8,2766
40092,84.7,85.7,84,84.15,2311
40093,84.1,86.2,84.1,84.9,2646
40094,85.65,87.85,85.2,87.35,3723
40095,87.1,88,86.6,87.15,2643
40096,87.35,87.6,87.3,87.55,67
40098,87.85,89.75,87.55,88.7,3308
40099,89.25,89.6,85.4,87,2750
40100,87.9,88,85.9,86.85,1866
40101,86.75,87.4,85.35,86.85,2134
40102,87.2,87.75,86.4,86.95,1637
40103,87.35,87.35,86.5,86.85,116
40105,86.8,89.2,86.65,88.8,1816
40106,88.65,89.25,87.15,87.8,3693
40107,87.75,90,87,89.5,3258
40108,89.6,91.4,89.5,90,3797
40109,90.55,91.35,89.75,90.45,2498
40110,90.6,90.65,90.3,90.4,67
40112,90.85,92.9,90.65,92,3715
40113,91.95,93.4,91.25,91.75,3640
40114,92,92.7,89.2,89.6,2400
40115,89.3,90.35,88.8,90.05,2007
40116,90.2,90.5,88.75,89.15,1109
40120,89.75,89.95,88.45,89.6,1901
40121,89.5,90.3,89.1,89.3,2206
40122,89.15,89.5,89.1,89.3,194
40123,89.55,89.8,88.3,88.7,1435
40124,88.75,88.9,88.75,88.85,56
40126,88.95,89.7,88.55,89.65,1244
40127,89.6,90.35,89.05,89.85,1700
40128,88.95,90.65,88.85,90.05,1390
40129,90.15,90.65,89.5,89.95,1487
40130,90.1,90.1,88.5,89.35,1428
40131,89.3,89.45,89.25,89.35,39
40133,89.8,92.3,89.5,92.05,2580
40134,91.95,93.85,91.6,93.25,2828
40135,93.1,95.4,93.1,93.95,2702
40136,94.15,94.95,93.1,93.8,2205
40137,93.85,94.6,92.3,94.3,2099
40138,94.15,95.05,94.15,94.9,211
40140,94.85,95.2,93,93.15,2275
40141,93.2,93.25,92.45,92.7,1418
40142,92.75,93.5,92.05,93.3,1597
40143,93.4,93.75,92.35,92.55,1408
40144,93,93.05,90.35,92.6,2637
40147,93.45,93.45,92.15,93.25,1091
40148,94.85,96.65,94.5,96.1,2585
40149,96.2,99.15,96.2,98.5,3053
40150,98.6,99.25,97.1,97.3,2223
40151,96.7,99,96.05,98.7,2967
40152,98.45,99.45,98.4,99.4,243
40154,98.7,100.2,97.4,99.95,3044
40155,100.05,101.1,99.6,99.9,3983
40156,99.6,102.2,98.35,100.55,4692
40157,101.35,102.7,100.1,101.5,4482
40158,101.1,105.55,101.05,104.95,7423
40159,104.9,105.35,104.9,105.1,173
40161,104.95,106.3,103.85,104,6103
40162,104.5,104.8,102.8,103.15,4141
40163,103.3,105.5,103,104.6,4699
40164,104.4,104.85,103.1,103.35,3437
40165,103.25,104.4,103.05,103.75,3338
40166,103.8,104.35,103.8,104.25,95
40168,103.15,105.15,103.15,104.85,2808
40169,104.75,105.25,103.5,103.7,4179
40170,104.3,104.6,103.65,104.25,2927
40171,104.5,105.25,103.1,104.2,3832
40173,104.45,104.7,104.3,104.45,108
40175,104.75,105.1,104.3,104.55,968
40176,104.9,105.25,104.3,104.9,3005
40177,105,105.7,103.3,103.9,3491
40178,104.05,104.8,103,103.05,1593
40179,104.25,104.35,104,104.25,131
40180,104.25,104.8,104.15,104.7,116
40182,104.85,104.95,103.5,104.5,3827
40183,104.65,106.05,104.15,105.7,5588
40184,105.5,108.5,105.5,107.7,9272
40185,107.85,107.85,104.8,105.05,7481
40186,104.9,105.3,103.5,104.15,6151
40187,104.3,104.75,104.3,104.7,194
40189,105.1,106.4,104.65,105.3,6158
40190,105.05,105.45,102.8,103.1,6986
40191,103,105.1,101.4,104.2,8770
40192,104.7,106.9,103.6,105.75,7298
40193,105.95,105.95,104.5,104.95,5589
40194,104.4,104.9,104.4,104.85,111
40196,105,105.65,104.5,104.7,4032
40197,104.9,105.35,103.25,104.6,8157
40198,104.65,104.65,102.8,103.6,6762
40199,103.7,103.95,101.5,102.2,6020
40200,101.8,102.95,100.7,102.65,6332
40201,102.55,102.65,101.9,102.1,285
40203,102.7,103.2,101.6,102.55,4309
40205,102.05,102.2,98.7,99.1,6636
40206,98.8,99.2,95.45,95.65,7774
40207,96.45,96.7,94.1,95.55,3498
40210,95.5,97.15,95.5,96.6,4250
40211,96.55,97.9,95.8,97.75,5870
40212,97.85,98.8,95.25,95.7,5966
40213,95.7,96.2,94,94.9,6418
40214,94.4,94.5,91.6,92.85,5233
40215,92.95,93.65,92.95,93.5,267
40217,93.85,93.85,92.6,93.6,3528
40218,93.2,95.65,93.2,94.85,3705
40219,95,95.4,93.5,94.6,5257
40220,94.8,95.35,93.4,95,6366
40221,93.55,94.75,92.6,94.45,1980
40222,94.65,94.7,94.5,94.65,102
40224,94.55,95.2,94.05,94.6,2965
40225,94.65,97.1,94.55,96.95,7194
40226,96.75,97.95,95.7,96.65,6449
40227,96.9,97.4,95.15,96.45,5715
40228,96.3,97.35,94.9,97.2,4330
40229,96.75,97.4,96.75,97.25,128
40231,97.3,98.75,96.9,97.8,6747
40232,97.8,98.95,96.1,96.75,6453
40233,96.9,97.6,95.9,97.5,4278
40234,97.35,97.5,95.1,95.75,4437
40235,95.8,96.05,94.7,94.75,1786
40239,97.6,99.1,97.1,98.95,3186
40240,98.4,100.65,98.4,99.8,6799
40241,99.95,102.15,99.35,101.15,8398
40242,101.15,102.15,100.2,100.5,6152
40243,100.7,101.25,100.6,101.15,326
40245,101.45,102.45,100.65,101.05,6885
40246,101.3,102.1,100.4,101.95,5045
40247,101.9,102.25,100.1,100.55,5563
40248,100.95,101.1,99.6,101,4321
40249,100.8,102.55,100.6,102.15,4365
40250,102.15,102.45,102.15,102.35,215
40252,102.2,102.2,100.75,100.9,4069
40253,100.95,101.95,100.8,101.65,3894
40254,101.9,103.35,101.8,103.25,6212
40255,103.25,103.4,102.4,102.55,5775
40256,102.2,102.7,101.15,101.6,4438
40257,101.8,101.9,101.6,101.75,168
40259,101.55,101.8,100.25,101.65,3884
40260,101.6,102.35,100.65,101.1,4389
40261,101.15,101.25,99.5,99.7,3169
40262,99.4,99.9,98.6,99.5,3468
40263,99.8,100.2,98.05,99.15,3133
40264,99.15,99.35,99.15,99.3,99
40266,99.9,101.4,99.8,101.2,3040
40267,101,102.7,100.8,101.75,3717
40268,101.75,103.7,101.6,103.45,2075
40269,103.95,105.35,103.9,105.05,3946
40271,104.7,105.5,104.7,105.45,178
40273,105.7,106.1,104.6,105.6,1669
40274,104.85,104.95,103.55,104,4042
40275,104.3,104.75,103.5,104.25,3520
40276,103.7,104.4,102.85,104.25,3396
40277,104.7,105.75,104.25,105.5,4732
40278,105.45,105.55,105.15,105.3,207
40280,105.85,106.8,105.85,106.05,3138
40281,105.8,107.75,105.3,107.6,6647
40282,107.9,108.3,107.5,107.8,2246
40283,107.8,109.1,107.35,108.45,4894
40284,108.5,109.2,106.75,107.05,6999
40285,107.25,107.35,107.1,107.25,243
40287,107.15,107.15,104.5,105.2,7336
40288,105.3,106.7,105.05,105.25,7263
40289,105.4,105.9,102.9,104.2,8455
40290,103.95,104.35,102,102.45,8105
40291,102.35,102.8,101,102.65,7117
40292,102.75,102.9,102.6,102.85,169
40294,103,103.55,101.4,101.5,6689
40295,101.4,101.55,94.4,94.9,10653
40296,95.2,97.5,92.9,97.3,13121
40297,97.45,97.85,95.65,96.9,8217
40298,97.85,98.35,95.05,96.8,3995
40301,99.1,99.3,98.2,98.9,1518
40302,98.8,98.95,96.35,96.6,7285
40303,96.55,97.2,92.4,94.5,10097
40304,95.05,95.75,92.8,94.5,8692
40305,94.35,95.55,92.95,94.5,6947
40306,94.6,94.9,94.5,94.55,69
40308,95.7,96.15,94.6,95.4,5832
40309,95.3,95.4,92.25,94.05,6200
40310,93.55,96.6,92.75,94.85,6784
40311,94.95,97.15,94.7,96.8,5665
40312,96.25,96.75,93.65,93.95,7063
40313,94.55,94.55,93.5,93.6,241
40315,93,93.15,89.85,90.2,7390
40316,90.9,94.15,90,92.35,6174
40317,92.25,92.9,90.9,92.15,5063
40318,92.85,93.6,90.85,92.5,5296
40319,92.5,95.5,92.3,95.1,5032
40320,95.25,96.15,95.25,96,231
40322,95.25,99.7,94.15,96.25,5509
40323,95.95,95.95,93.6,94.6,4682
40324,95.15,96.2,93.35,94,4127
40325,94.35,95.3,93.45,94.85,2584
40326,95.4,95.5,94,94.4,1930
40330,94.25,94.65,93.2,93.55,4384
40331,93.05,93.2,92.1,92.85,4589
40332,92.8,93.6,90,91.2,5608
40333,91.1,92.65,88.3,88.65,5855
40334,88.35,88.35,87.2,87.6,389
40336,86.8,88.35,85.9,87.8,5246
40337,87.45,89.5,87.2,89,4966
40338,89.15,91.3,89.1,90.1,4585
40339,89.85,91.7,89.3,90.45,4773
40340,90.55,91.6,89.65,90.4,4165
40341,90.65,90.8,90.5,90.75,149
40343,90.65,92.1,90.6,91.9,4763
40344,91.85,92.95,90.15,92.8,5145
40345,93.1,93.9,91.55,92.1,4534
40346,91.6,91.9,89.3,89.5,6203
40347,89.5,90.1,88.2,88.65,5058
40348,88.7,88.9,88.55,88.8,97
40350,89.6,91.3,88.25,88.5,7030
40351,89.4,89.45,88.15,89.35,5684
40352,89.2,89.95,88.65,89.15,5355
40353,89.6,90.15,87.55,89.85,6589
40354,89.6,91.15,89.4,91,7251
40355,91,91.2,91,91.15,166
40357,90.9,92.85,90.75,92.2,6553
40358,92,92,89.25,89.7,6618
40359,89.7,90.35,89.15,89.95,2264
40360,91.55,92,90.45,91,6909
40361,91.2,91.8,90.6,90.85,5407
40362,90.9,91.15,90.9,91.05,135
40364,91.2,91.4,90.45,90.75,2465
40365,90.9,93.6,90.65,92.7,6417
40366,92.8,93.55,92.2,93.05,5962
40367,93.15,93.95,92.8,92.95,6189
40368,93.1,93.55,92.55,93,3638
40369,93.1,93.2,93,93.1,124
40371,92.9,93.15,92.2,92.4,4230
40372,92.15,92.85,91.35,92.75,6068
40373,92.9,94.2,92.6,92.85,8110
40374,93.1,94.15,93.05,93.6,6848
40375,93.9,94.55,92.8,92.9,6994
40376,92.8,92.95,92.7,92.85,186
40378,92.95,93.4,92.35,92.85,4980
40379,92.95,93.25,91.75,92.7,7583
40380,93.1,94.65,92.7,93.8,10285
40381,93.6,95.65,93.25,94.75,9768
40382,94.75,96.1,94.15,95,8545
40383,95,95.1,94.85,95.05,145
40385,95,95.75,94.5,95.5,4758
40386,95.25,95.85,94.8,95.45,6038
40387,95.6,96.4,95.45,95.9,5284
40388,95.7,97.35,95.4,96.65,4866
40389,96.45,99.1,96.15,98.85,3364
40392,99.9,102.55,99.9,102.45,10304
40393,102.05,102.6,100.8,101.25,8106
40394,101.35,103.2,101,102.2,7949
40395,102.25,102.8,100.7,101.2,8941
40396,101.15,102.3,100.4,101.2,8617
40397,101.1,101.9,101.1,101.7,256
40399,101.4,101.9,100.25,100.6,6779
40400,100.2,100.65,99.25,100.5,6386
40401,100.75,100.95,99.55,100.25,6671
40402,100.05,101.1,99.45,100.25,7858
40403,100.15,100.9,98.3,98.7,8436
40404,98.75,98.75,98.35,98.4,180
40406,98.55,99.35,98.45,98.65,5369
40407,98.9,100.6,98.65,99.5,7668
40408,99.65,99.8,97.1,98.05,9450
40409,98.4,98.65,95.75,96.25,9826
40410,96.05,96.6,93.85,95.2,10778
40411,95.25,95.3,95,95.15,279
40413,95.35,96.2,94.75,95.3,7407
40414,95.15,95.35,93.95,94.65,5070
40415,94.75,96,93.15,94.05,9335
40416,94.35,95.2,93.6,94.75,6501
40417,94.6,95.9,93.85,95.8,6641
40418,95.9,96.45,95.8,96.35,369
40420,96.4,96.9,95,95.25,3112
40421,95.1,96.5,95,95.95,4939
40422,97.05,98.8,96.9,98.55,7624
40423,98.1,100.05,98.1,99.75,9297
40424,99.7,101.05,99.45,100,7522
40425,100.15,100.3,100,100.1,214
40427,100.65,102.1,100.4,101.95,4860
40428,101.7,101.75,99.2,100.45,9470
40429,100.4,101.25,99.6,100.05,11059
40430,99.95,99.95,97.25,97.55,9561
40431,97.9,98.2,96.6,97,3996
40434,97.35,99.45,97.35,98.2,7651
40435,98.3,99.45,97.7,98.75,7923
40436,98.5,99.2,98.2,98.75,6482
40437,98.6,99.75,98,98.8,7019
40438,99,100.5,98.85,99.3,9233
40439,99.3,99.45,99.25,99.3,97
40441,99.3,100.4,99.1,99.6,7947
40442,99.3,100.15,98.25,98.4,9392
40443,98.35,100.7,98,100.6,8782
40444,100.8,103,100.8,102.7,10064
40445,102.75,104.1,102.4,103.35,11239
40446,103.25,103.95,103.2,103.8,277
40448,103.1,103.25,101.6,101.7,7217
40449,101.7,103.05,101.05,102.7,8127
40450,102.45,103.7,102.3,103.45,7072
40451,103.3,104.05,102.75,103.9,3678
40452,104.7,105.8,104.1,104.25,7717
40455,104.1,105,103.55,104.15,6959
40456,104.05,105.55,103.9,105.25,5933
40457,105.45,105.85,103.7,104.1,7969
40458,104.25,104.95,102.6,103.3,9273
40459,103.35,106.3,102.9,106.1,10716
40460,106.25,106.85,106.15,106.75,756
40462,106.75,107.25,105.6,105.85,8055
40463,105.65,107.9,105.3,107.4,11099
40464,107.15,107.95,106.4,106.6,7947
40465,107,107.65,105.2,105.75,9007
40466,105.8,106,104.3,104.5,8076
40467,104.35,105.2,104.35,105.1,359
40469,104.8,106.25,103.45,106.1,7503
40470,106.1,106.85,103.35,103.7,9909
40471,103.75,104.35,102.9,103.8,10071
40472,103.7,105.35,103.25,103.6,11161
40473,103.8,105,103.3,104.4,9143
40474,104.25,104.75,104.25,104.5,311
40476,104.9,106,104.15,104.35,7573
40477,104.7,105.15,103.7,104.9,6817
40478,104.55,104.55,102.15,102.2,5620
40479,103,103.45,102.15,102.85,6478
40480,102.5,102.7,101.2,102.05,4167
40483,105.8,106.8,105.5,105.65,7226
40484,105.85,107.9,105.5,107.7,7830
40485,107.4,108.1,106.35,107.2,7385
40486,107.35,109,107.35,107.65,6397
40487,108.1,108.45,108,108.2,873
40488,107.95,108.45,107.85,108.45,276
40490,108.2,108.2,107.05,107.65,6393
40491,107.95,109.4,107.55,109.25,6160
40492,108.55,108.9,107.05,108.2,6303
40493,108.7,110.1,108.6,108.8,6655
40494,108.55,109.2,106.5,106.8,8976
40495,106.5,107.7,106.5,107.5,329
40497,106.95,108,105.8,107.85,6969
40498,107.5,107.5,100.75,102.45,12514
40499,103.05,104.8,101.8,103,8571
40500,103.5,104.45,102.7,103.85,7303
40501,103.3,104.7,102.25,102.85,8251
40502,103,103.4,102.9,103.05,216
40504,103.5,103.9,102.45,103,5928
40505,102.9,103.1,101.7,102.45,5623
40506,102.8,103.7,102.1,102.35,5759
40507,102.5,103.2,101.9,103.05,3901
40508,102.45,103.25,102.25,103.05,3802
40509,103.2,103.2,102.75,102.85,271
40511,102.55,103.8,101.9,103.35,4467
40512,103.5,104.25,103.05,103.25,2614
40513,104.4,107.4,104.1,107,7407
40514,106.9,108,105.15,106.25,8772
40515,105.85,107,104.1,104.65,7173
40516,104.9,105.05,104.6,104.75,317
40518,105.1,105.5,103.35,103.6,6163
40519,103.95,105.35,102.7,103.2,8000
40520,102.6,106.95,101.65,106.8,12535
40521,106.55,108.15,104.85,105.1,9246
40522,105.25,106.1,103.9,104,6510
40523,104.15,104.2,103.9,103.95,201
40525,104.4,105.85,104.25,105.1,7061
40526,105.2,106.4,105,106,7350
40527,106.15,106.35,105,105.15,6010
40528,105.1,105.75,104.55,105.3,7007
40529,105.65,106.45,105.55,106.15,3984
40530,106.2,106.35,106.05,106.15,136
40532,106.3,107.85,105.85,107.7,6283
40533,107.3,109.9,107.3,109.65,9230
40534,109.55,110.95,108.75,110.75,11101
40535,110.6,110.85,109.55,109.85,8043
40536,110.1,110.95,109,109.45,6783
40539,109.6,110.3,109.3,109.65,2519
40540,109.8,110.4,109.65,110.3,1924
40541,110.45,111.4,109.55,110.1,7923
40542,110.25,110.6,109.7,110.25,4560
40543,110.1,111,109.4,110.5,3118
40546,110.95,111.8,110.95,111.4,3183
40547,111.35,112.7,110.95,112,11484
40548,111.8,112.9,111.25,112.35,7870
40549,112.3,114.35,111.25,113.95,11584
40550,113.95,114.6,112.7,113.6,10186
40551,113.75,113.75,113.55,113.7,100
40553,113.65,114.1,112.45,112.55,8030
40554,112.7,113.4,111.55,112.3,8305
40555,112.35,113.35,112.35,112.65,6610
40556,112.6,112.95,111.9,112.15,5619
40557,112.3,112.8,111.7,112.1,6434
40558,112.25,112.3,112.15,112.25,227
40560,112.35,112.65,110.7,110.9,6822
40561,111.05,111.85,110.9,111.25,6103
40562,111.25,111.85,109.75,110.35,6181
40563,110,110.6,108.3,109.6,9102
40564,109.45,110.1,109,109.55,6552
40565,109.95,109.95,109.5,109.75,163
40567,109.95,110.4,109.2,109.25,3794
40568,109.15,109.15,107.1,107.65,5618
40570,108.3,110.35,108.05,110.2,6170
40571,110.3,113,109.95,112.8,5717
40572,112.75,112.8,112.35,112.4,168
40574,113,114.1,113,113.85,2121
40575,115.45,117.05,115.3,116.1,6835
40576,117.2,117.3,115.15,115.4,5264
40577,115.45,116.1,115.05,115.3,4132
40578,115.4,116.5,114.35,115.7,5333
40579,115.55,115.9,115.55,115.85,107
40581,115.7,116.35,115.05,115.15,6189
40582,115.1,115.9,114.15,115.55,6188
40583,115.4,116.6,114.85,115.1,5735
40584,115.35,115.8,114.75,115.7,5253
40585,115.9,116.2,112.5,113.9,9211
40586,113.9,114.15,113.75,114.1,145
40588,114.2,114.4,113.05,114.2,5606
40589,114,114.75,112.75,112.95,5994
40590,113.1,114.1,112.2,113.35,4927
40591,113.45,113.85,111.8,113.65,6100
40592,113.7,114.8,113.15,114.45,5570
40593,114.55,114.6,114.25,114.5,117
40595,114.65,115.65,114.25,114.85,3471
40596,114.4,114.85,112.25,113.1,6243
40597,113.2,113.65,111.55,113.5,5857
40598,113.5,114.8,112.1,114.45,5050
40599,114.45,114.95,113.7,114.85,2971
40600,114.9,115.1,114.4,114.85,212
40602,115.05,115.25,113.4,114.05,2002
40603,116.65,117.35,115.75,117.05,5854
40604,116.5,117,115.95,116.4,3254
40605,116.4,117.65,116.15,116.8,3926
40606,116.9,117.75,116.05,116.3,3603
40607,116.3,116.5,116.3,116.4,110
40609,116.55,117.4,114.8,115.3,4950
40610,114.7,116.7,114.05,116.45,5269
40611,116.45,117.3,114.25,115.45,6517
40612,115.35,116.5,114.45,116.4,7255
40613,116.1,116.1,112.8,114.4,9082
40614,114,114.5,114,114.3,136
40616,113.15,114.95,112.35,114.85,6717
40617,114.1,114.8,111.95,112.2,7009
40618,112.6,113.25,110.5,111.1,8279
40619,111.5,113.7,110.9,113.55,6719
40620,113.3,114.9,113.2,114.55,5619
40621,114.75,114.95,114.55,114.85,109
40623,114.3,116.4,114.1,114.85,5535
40624,115.2,116.1,114.45,115.7,4330
40625,115.8,117.3,115.7,117.15,6104
40626,116.7,117.55,116.3,116.55,3744
40627,116.2,117.4,115.95,116.95,3683
40628,116.9,117.3,116.9,117.2,72
40630,116.55,116.85,115.7,116.15,3171
40631,115.95,117.45,115.3,117.25,4502
40632,117.05,117.4,115.8,116.2,2583
40633,116.1,116.8,115.45,116.05,2230
40634,117.15,117.45,115.95,117,3970
40635,116.95,117.05,116.9,116.95,41
40637,116.7,117.5,116.7,116.95,3205
40638,116.9,117.5,116.4,116.65,3294
40639,116.9,118.2,116.7,117.9,4884
40640,117.6,118.7,117.3,117.95,4533
40641,117.95,119.25,117.85,119.15,5196
40642,119.2,122,119.15,120,1275
40644,119.7,120,118.15,118.4,4034
40645,118,119.1,117.1,117.7,5231
40646,117.65,118,116.4,116.75,4634
40647,116.5,117.3,116.5,117.15,2751
40648,117.55,118.8,117.05,118.15,4931
40651,118.35,119.25,117.75,118.25,5908
40652,118.2,120.6,117.75,120.5,7320
40653,120.3,121.2,120,120.25,6199
40654,120.1,121.95,119.9,121.45,4371
40656,121.95,122.35,121.5,122.1,506
40658,122.4,122.4,119.5,120.95,2188
40659,120.7,122.35,120.25,121.95,5669
40660,121.8,122.5,121.3,121.9,4862
40661,122.1,123.25,121.95,122.85,3050
40665,122.2,122.2,121.35,121.9,1491
40666,122.25,124.15,121.85,123.6,3709
40667,123.6,124.1,121.7,122.4,3351
40668,121.7,122.2,117.55,118.35,5714
40669,118,118.65,114.5,116.45,5871
40670,116.4,117.7,116.35,116.7,281
40672,117.3,117.65,115.65,116.7,4062
40673,116.75,118.6,116.05,118.3,5228
40674,118.65,118.85,115.7,115.85,4210
40675,115.65,118.1,115,117.95,5048
40676,117.9,118.3,115.1,116.05,3770
40677,115.7,116.35,115.65,116.15,95
40679,115.6,116.25,114.65,115.25,4055
40680,114.75,114.8,113.15,113.4,3145
40681,113.55,115.25,112.65,114.85,5335
40682,115.2,115.45,111.5,112.2,5015
40683,112.1,113.15,111.65,112.65,4324
40684,112.65,112.8,112.55,112.75,152
40686,112.2,112.55,111.25,111.85,4140
40687,112.1,113.7,111.6,112.85,4317
40688,113.35,115.45,112.95,114.75,3576
40689,115,116.25,114.45,115.95,5741
40690,115.85,118.2,115.85,118.05,5279
40691,118.1,119.7,118,119,873
40693,119.25,119.25,118.05,118.4,1375
40694,118.2,119.85,118.05,119.2,3469
40695,119.7,120.35,118.1,118.35,5729
40696,118.1,119.7,116.7,117.5,5638
40697,117.6,118.8,116.65,117.9,4803
40698,117.65,118,117.6,117.7,96
40700,117.9,119,117.9,118.6,3158
40701,118.6,119.95,118.5,119.8,4240
40702,119.6,119.6,118.35,118.85,4952
40703,118.65,119.4,118.05,118.3,4035
40704,118.4,118.55,116,116.75,4594
40705,116.75,116.95,116.6,116.75,165
40707,116.55,116.7,115.15,115.3,4851
40708,115.7,117.6,114.95,117.3,5050
40709,117.4,117.55,115.1,115.25,5044
40710,115.5,115.55,113.05,114.25,7192
40711,114.35,114.4,113.05,113.1,4636
40712,113.2,113.4,113.15,113.35,137
40714,113.15,113.45,112.6,112.85,5224
40715,113.2,113.75,112.65,113,4811
40716,113.35,113.65,112.65,113.5,3653
40717,113.15,113.25,111.4,112.1,6597
40718,112.25,112.6,111.3,111.6,4523
40719,111.6,111.8,111.5,111.7,129
40721,111.55,112.35,110.9,112.15,4558
40722,112.35,112.75,111.6,112.3,3252
40723,112.3,112.85,111.7,112.25,4589
40724,112.35,112.95,111.75,112.15,3273
40725,112.45,113.25,111.3,111.45,5146
40726,111.3,111.85,111.3,111.75,149
40728,111.85,112.05,110.5,111.5,3506
40729,111.35,114.1,110.85,114,7514
40730,113.9,114.25,112.8,113.1,5027
40731,113.2,114.75,112.8,114.25,6965
40732,114.6,114.65,111.35,112.3,7158
40733,112.35,112.45,112.25,112.4,130
40735,112.25,112.45,109.4,109.9,9290
40736,110.15,110.95,109.1,110.65,6935
40737,110.95,111.5,109.7,111.2,8211
40738,111.05,111.85,110.7,110.9,5293
40739,111.05,111.2,109.55,110.25,5012
40740,110.25,110.4,110.2,110.25,127
40742,110.5,110.85,109.6,110.45,5149
40743,110.35,112.55,110.35,112.45,8336
40744,112.4,112.8,111.6,111.75,4123
40745,111.55,111.9,110.35,111.6,6079
40746,111.7,114.1,111.45,113.85,8107
40747,113.85,113.85,113.6,113.75,123
40749,113.5,115.15,112.9,114.95,6361
40750,114.95,116.1,114.95,115.45,6816
40751,115.9,116.5,115.1,115.5,6442
40752,115.9,116.35,114.65,115.2,5736
40753,115.25,115.45,113.65,114,2850
40756,116,117.2,114.25,114.5,5198
40757,114.1,114.6,113.3,114,4139
40758,114,114.75,111.8,112.15,5085
40759,112.1,112.25,110.35,111.6,5014
40760,111.1,111.2,107.85,108.85,7009
40761,108.55,108.55,104.5,105.7,1265
40763,104.85,109.35,104.1,107.3,7838
40764,106.4,109.65,106.35,108.6,6786
40765,109.55,109.55,107.4,107.95,7224
40766,108.6,109.1,107.9,108.7,4486
40767,108.85,109.45,108,108.25,4651
40768,108.3,108.5,108.15,108.4,152
40771,108,108,106.25,106.85,5186
40772,107,108.65,106.35,107.75,6282
40773,108.25,109,106.15,106.5,8969
40774,106.2,107.5,105.65,106.75,5631
40775,107,107,105.9,106.65,206
40777,107.15,107.6,105.8,106.3,3674
40778,106.65,107.55,105.75,107.25,5207
40779,107.4,107.9,106.95,107.15,3850
40780,107.5,108.65,107.2,107.9,3795
40781,107.55,108.25,107,108.05,3802
40782,108.1,108.5,107.95,108.1,287
40784,108.1,108.55,107.2,107.5,1729
40785,108,109.05,107.55,108.5,3749
40787,112.2,112.3,111.25,111.75,2279
40788,111.35,111.6,110.25,111.15,3735
40789,111.25,111.45,110.95,111.4,183
40791,110.75,110.85,108.9,109.35,3815
40792,108.55,109.7,108.15,109.65,3571
40793,109.75,110.4,108.85,110.15,4162
40794,110.1,111.8,109.75,111.15,5566
40795,111.25,111.55,109.35,109.9,3910
40796,109.7,110.15,109.6,109.95,271
40798,109.6,111.8,109,111.7,6286
40799,111.75,112.65,111.2,111.5,4664
40800,111.75,112.25,110.95,111.65,4664
40801,111.7,112.45,111.4,111.95,3811
40802,111.9,112.2,111.05,111.3,3735
40803,111.25,111.45,111.15,111.3,178
40805,111.15,111.6,110.4,111.55,4274
40806,111.1,111.6,110.05,110.15,4575
40807,110.35,111.3,109.3,111.05,5871
40808,110.5,111.2,109.3,109.7,8164
40809,109.5,109.65,106.55,107.05,10184
40810,107.45,109.25,107.1,108.05,995
40812,108.25,109.15,105.35,108.25,7912
40813,108.5,109.3,107.85,108.5,5184
40814,108.3,108.7,106.35,106.55,4010
40815,106.55,108.4,106.1,108.15,3334
40816,107.8,109.5,107.6,108,2002
40819,106.3,108.45,105.1,107.9,6557
40820,107.45,108.35,106.35,106.55,4729
40821,107.35,108.05,104.85,106.9,5414
40822,107.35,109.2,106.9,108.45,3528
40823,108.5,109.4,107.45,107.55,4869
40824,106.85,107.85,105.6,107.75,201
40826,108.25,109.35,107.75,109.2,3885
40827,109,109.35,107.8,108.55,4789
40828,109.15,109.9,108.3,109,5076
40829,108.5,108.55,107.4,107.85,5302
40830,107.5,108.45,107.1,108.3,5691
40831,108.3,108.45,108.1,108.3,89
40833,108.1,109.35,107.55,107.7,5004
40834,107.55,108.2,107.05,108.15,6032
40835,108.05,108.4,106.65,106.75,5815
40836,106.6,106.85,103.65,104.7,7885
40837,105.9,107.35,105.1,106,8822
40838,106.2,106.55,106.05,106.35,340
40840,106.65,109.5,106.55,109.25,6201
40841,109.8,110.7,108.5,108.65,6030
40842,109,110,108.9,109.85,798
40843,109.3,111.25,108.8,109.85,5331
40844,109.25,109.55,108.25,108.5,4864
40845,108.45,108.75,108.35,108.7,186
40847,108.15,108.25,106.8,106.9,2622
40848,108.25,108.6,104.85,105.2,8722
40849,105.65,106.15,104.65,104.85,6748
40850,105,106.15,104.9,105.55,6522
40851,106.2,106.7,105.65,105.75,4942
40852,105.7,105.8,105.45,105.6,271
40854,105.5,106,104.75,104.85,3104
40855,105.15,106,104.25,105.9,8592
40856,106.05,107.55,105.95,106.7,7506
40857,106.45,107.95,106.45,107.8,5918
40858,107.55,108.55,106.65,108.05,5881
40859,108.4,108.4,107.8,107.9,162
40861,108.3,109.45,107.7,108.2,5943
40862,108.45,109.05,107.15,107.65,5726
40863,108.05,108.75,106.85,108.6,6164
40864,108.5,108.75,105.9,106.05,7879
40865,106.6,108.25,106.5,108.1,7461
40866,108.25,108.25,108.05,108.1,138
40868,108.1,108.85,107.1,107.95,5631
40869,108.45,109,107.65,108.1,5497
40870,107.7,108.1,105,106.1,8708
40871,106.3,106.45,104.6,104.75,6117
40872,105.3,105.35,103.65,103.75,7136
40873,103.8,103.9,103.65,103.8,224
40875,104,105.7,104,105.45,5512
40876,105.25,105.4,103.6,103.75,5467
40877,103.6,104,102.4,102.95,4664
40878,108.5,110.9,107.65,109.8,11342
40879,109.3,110.7,108.9,109.35,8300
40880,109.25,109.5,109.2,109.45,142
40882,109.35,109.75,108.1,109.55,7306
40883,109.3,109.45,108.5,108.95,5560
40884,109.15,109.95,107.5,107.95,8977
40885,108.1,108.4,107,107.9,8672
40886,107.9,108.75,107.3,108,6953
40887,108,108.15,107.95,108.05,148
40889,107.6,107.9,106.7,107.35,6902
40890,107.7,108.6,106.85,107.25,7647
40891,107.55,108.1,106.35,106.9,9819
40892,107.15,107.35,105.65,106.15,6854
40893,105.5,106.25,104.6,105.6,5251
40894,105.75,105.75,105.65,105.75,98
40896,105.6,105.9,103.95,104.35,7884
40897,104.7,106,104.5,105.55,6075
40898,105.75,106,103.7,104.65,8948
40899,104.8,105.6,104,105.5,7839
40900,105.7,106.25,105.3,105.8,5267
40901,105.75,105.8,105.55,105.65,70
40903,105.85,105.95,105.65,105.75,284
40904,105.5,105.65,105.15,105.55,627
40905,106,106.5,105.1,105.35,6196
40906,105.55,105.75,104.65,105.1,2865
40907,105.2,105.5,104.8,105.05,1877
40910,107.1,107.3,106.8,107.2,202
40911,107.2,109.5,107.2,109.1,8387
40912,108.8,109.95,108.35,108.8,8063
40913,108.45,108.6,107.1,107.4,5556
40914,107.5,108.4,107,108.3,5415
40915,108.2,108.3,108.1,108.25,102
40917,108.05,110.7,107.55,110.05,12659
40918,109.6,111.15,109.35,110.95,9909
40919,110.85,111.75,110.55,111.6,7456
40920,111.25,112.7,110.15,110.45,10210
40921,110.1,110.6,109,109.9,7816
40922,109.9,110.05,109.9,110,88
40924,109.65,110.6,109.55,110.5,4094
40925,110.45,112.15,110.25,111.6,10083
40926,111.45,111.6,109.95,110.2,8021
40927,110.35,111.4,110.2,110.9,6216
40928,110.7,111.3,109.8,110.1,5335
40929,110.2,110.2,110.1,110.15,52
40931,110.1,110.85,109.55,110.6,4081
40932,110.55,111.05,110.1,110.8,4251
40933,110.65,111.55,110.15,111.1,5097
40935,111.2,111.35,109.25,110.35,5576
40936,110.5,110.6,110.15,110.25,127
40938,109.8,111.35,108.8,111.1,4833
40939,110.95,112.95,110.95,112.4,3153
40940,111.35,112,109.9,111.3,8146
40941,111.05,111.2,107.55,108,10103
40942,108.3,109.1,106.95,109.05,9858
40943,109.15,109.2,108.8,109,164
40945,109.2,109.45,108,108.15,7671
40946,108.15,110.25,107.3,109.9,11492
40947,109.85,111.6,109.5,109.9,9781
40948,110.1,112.15,109.95,111.75,12397
40949,111.6,112.2,110,110.4,8934
40950,110.6,111.05,110.15,110.75,469
40952,110.2,110.6,108.05,108.3,9300
40953,108,108.75,107.35,108.5,9193
40954,109,109.2,107.45,107.7,7103
40955,107.4,107.45,105.6,106.1,9394
40956,106.45,106.65,104.85,105.05,7473
40957,105,105.4,104.95,105.3,159
40959,105.75,106.15,105.25,106,2767
40960,106.4,108.9,105.7,108.8,10615
40961,108.8,110.6,108.8,110.35,11679
40962,110,110.65,109.45,109.95,6626
40963,109.7,111.9,109.4,111.65,8119
40964,111.8,111.8,111.45,111.55,243
40966,111.45,112.85,111.4,112.4,7186
40967,112.6,113.3,111.7,112.1,5363
40968,112.25,113.05,112,112.65,2448
40969,113.35,114.95,112.6,114.65,11098
40970,115.05,115.7,114.25,114.3,9672
40971,114.4,114.4,114.2,114.35,222
40973,114.6,114.65,112.5,113.15,10174
40974,113.15,113.35,111.75,112.1,8289
40975,112.4,112.65,110.3,110.55,11023
40976,110.65,110.7,109.8,110,4714
40977,110.15,110.75,109.25,110.6,9057
40978,110.65,110.85,110.45,110.7,364
40980,110.8,111,109.9,110.45,5882
40981,110.65,111.7,110.5,111.6,4946
40982,111.5,111.65,110.3,110.85,6776
40983,110.5,111.85,110.25,111.8,6049
40984,112,112.7,111.55,112.1,9658
40985,112.05,112.2,112.05,112.15,148
40987,112.1,112.8,111.75,112.6,7383
40988,112.5,112.7,111.65,112,7017
40989,112.35,112.45,110.5,110.55,7692
40990,110.75,110.85,109.35,110.2,11199
40991,110.2,110.45,109.5,109.9,7518
40992,109.9,110,109.85,109.95,107
40994,110.25,110.7,110.1,110.3,5001
40995,110.3,110.35,109,109.9,7048
40996,110.25,110.25,108.7,108.95,5173
40997,108.85,109.05,107.7,108.15,7565
40998,108.05,108.35,107.2,107.35,3080
41001,108.3,108.75,107.7,107.8,7750
41002,107.65,107.85,106.9,107.25,8113
41003,107.35,107.6,106.5,106.75,7748
41004,106.7,107.35,106.25,107.2,5423
41006,107.25,107.6,107.05,107.45,320
41008,107.4,107.45,106.9,107.1,1223
41009,107.15,107.55,106.05,106.15,9859
41010,106.35,107.2,106.05,107.05,8893
41011,106.9,107.8,106.85,107,9644
41012,107,107.25,105.3,105.8,10017
41015,105.9,106.45,105.6,106.1,7310
41016,106.1,106.9,105.55,105.85,11043
41017,105.9,106.5,105.45,105.7,8234
41018,105.8,106.6,105.65,106.5,8535
41019,106.6,107.15,106.25,106.75,5809
41020,106.7,106.9,106.25,106.8,1862
41022,106.55,106.95,106.35,106.9,7541
41023,107,108.05,107,107.75,9731
41024,107.85,108,107,107.2,7380
41025,107.15,107.8,107,107.65,5945
41026,107.75,108.9,107.55,108.35,9258
41027,108.45,108.8,104.1,107.7,1991
41029,108.6,108.95,107.55,107.95,4392
41031,110.95,111.8,110.5,110.65,6550
41032,110.85,111.4,110.5,111.2,7313
41033,111.4,111.75,109.6,110,7189
41034,110,110.05,109.8,109.85,180
41036,109.65,109.9,109.25,109.8,1378
41037,109.4,109.6,108.35,109.25,8490
41038,109.3,109.8,108.4,109.75,8332
41039,109.4,109.4,107.8,107.85,11181
41040,108.25,108.65,107.9,108.5,7919
41041,108.5,108.55,108.4,108.5,172
41043,108.45,108.5,107.8,108.15,5612
41044,107.8,108.45,107.5,108.05,7281
41045,107.9,109.35,107.9,109.15,10250
41046,109.25,109.95,108.8,109.85,8516
41047,110.2,111.2,110.2,110.85,8184
41048,110.8,111.05,110.8,111,258
41050,111.35,111.5,110.45,110.7,5398
41051,110.8,110.95,110.25,110.7,4939
41052,110.9,111.45,110.75,111.25,6996
41053,111,111.45,109.9,110.45,7111
41054,110.45,110.6,109.4,109.7,5020
41055,109.6,109.85,109.6,109.8,116
41057,109.4,110.3,109.35,110.15,2614
41058,110.45,111.05,110.3,110.85,3956
41059,110.9,111.05,110.1,110.95,5208
41060,110.95,111.75,110.75,111.5,3553
41061,111.15,111.3,108.7,108.85,7532
41062,108.8,108.8,108.1,108.25,555
41064,108.45,108.7,106.6,108.45,3091
41065,108,109.25,108,108.65,2612
41066,109.1,109.75,107.7,108.4,7617
41067,108.75,108.75,107.6,108.4,7509
41068,108.05,108.95,108,108.9,5279
41069,109,109,108.85,108.9,112
41071,109.05,109.6,108.75,108.8,4667
41072,108.85,109.35,107.9,108.3,5991
41073,108.5,108.95,107.7,107.9,6954
41074,108.15,108.7,107.55,107.7,7688
41075,107.8,107.95,105.85,106.25,14196
41076,106.1,106.45,105.8,106,1019
41078,106.25,107.15,106.05,106.35,9580
41079,106.5,106.65,105.85,106.25,8008
41080,106.3,106.45,105.5,105.75,8387
41081,105.65,105.85,104.5,104.7,10550
41082,104.6,105.7,104.3,104.95,7930
41083,105,105.1,104.95,105.05,122
41085,104.65,104.7,104,104.5,5594
41086,104.7,104.75,103.3,103.45,6068
41087,103.3,104.85,102.7,104.45,11330
41088,104.85,105.35,102.9,103.1,7981
41089,103.4,103.5,102.85,103.15,6547
41092,105.4,106.3,104.9,105.4,9003
41093,105.65,107.35,105.05,106.35,16871
41094,106.2,107.25,106.2,106.3,10187
41095,106.2,106.95,106.1,106.55,12065
41096,106.4,106.55,105.25,105.6,9648
41097,105.5,105.65,105.5,105.55,253
41099,105.45,106.9,105.25,106.45,12424
41100,106.45,106.45,105.45,105.65,18400
41101,105.5,105.5,104.6,104.85,10033
41102,105.1,105.15,103.85,104.25,12949
41103,104.45,104.7,103.75,104.15,12326
41104,104.15,104.3,104.1,104.25,174
41106,103.85,104.6,103.6,104.5,9790
41107,104.45,105,103.95,104.2,12353
41108,104.3,105,104.1,104.7,9317
41109,104.95,106.15,104.85,106.05,13652
41110,105.85,105.85,103.95,104.35,13089
41111,104.3,104.45,104.25,104.4,198
41113,104.45,104.65,103.65,104.45,11127
41114,104.7,104.8,104,104.15,6758
41115,104.45,104.75,103.75,104,9918
41116,103.95,104.45,103.15,103.25,14657
41117,103.4,103.85,103.1,103.45,8933
41118,103.5,103.55,103.45,103.55,158
41120,103.6,103.6,102.95,103.2,6582
41121,103.35,104.5,103.25,103.85,10693
41122,105.05,105.05,103.6,103.65,9549
41123,103.75,104.1,103.1,103.35,9940
41124,103.45,103.8,102.7,102.95,11277
41125,103,103.05,102.95,103,254
41127,102.9,103.5,102.25,103.2,13324
41128,103.15,104.2,103.15,103.8,10608
41129,103.7,104.95,103.55,104.5,14052
41130,104.35,104.75,103.8,103.85,7857
41131,104.15,104.25,102.65,103.05,13287
41132,103.05,103.1,102.85,103.05,301
41134,103,103.2,102.2,102.3,9304
41135,102.3,102.85,102.2,102.6,10445
41137,102.25,102.25,100.6,101.7,14372
41138,101.8,102.45,101.55,102.25,10062
41139,102.25,102.35,102.2,102.25,174
41141,102.05,102.05,100.9,101.05,6963
41142,100.95,102.2,100.85,101.75,11028
41143,101.7,102.8,101.65,102.35,14244
41144,102.4,103.85,102.3,103.35,19039
41145,103.3,104.85,103,104.75,14167
41146,104.8,104.95,104.7,104.75,396
41148,104.85,105.45,104.55,104.7,2731
41149,104.5,105.3,104.25,104.95,10082
41150,104.85,105.1,104.05,104.15,6748
41151,104.05,104.4,103.2,103.5,7216
41152,103.4,103.55,102.65,102.8,5795
41155,104.95,106.65,104.75,106.4,10813
41156,106.35,108.2,106.1,107.55,17968
41157,107.45,109.55,107.4,109.25,17439
41158,109.25,110.6,108.9,109,17281
41159,109.3,111.2,109.25,110.55,15401
41160,110.7,111.45,110.7,111.15,806
41162,111.3,113.5,111,113.5,13349
41163,112.9,113.85,112.3,113.65,13010
41164,113.5,114.75,113.4,113.9,17104
41165,114,115.85,113.75,115.4,23319
41166,115.5,117.55,115.5,117.2,25582
41167,117.25,117.35,116.9,116.95,469
41169,116.6,116.6,115.3,115.55,12820
41170,115.45,116.3,114.7,115.7,13436
41171,115.35,115.8,114.6,115.05,9183
41172,114.45,114.45,112.8,112.9,14023
41173,113,113.25,111.4,111.7,13745
41174,111.7,111.75,111.3,111.45,182
41176,111.2,111.2,109.95,110.35,9139
41177,110.5,111.1,110.25,110.65,10700
41178,110.7,110.75,109.4,109.8,9908
41179,109.6,110.45,109.3,110,8176
41180,109.6,110.95,109.4,110.35,7197
41183,110.85,111.2,109.4,111,10040
41185,110.7,110.7,109.05,109.2,9477
41186,109,109.45,108.4,108.5,10427
41187,108.75,109.25,108.3,108.85,9641
41188,109,109.1,108.8,109,256
41190,108.55,108.8,107.7,108.55,9294
41191,108.75,108.8,107.25,107.45,9169
41192,107.3,107.7,105.75,106,12550
41193,106.15,106.25,105.15,105.7,11029
41194,105.35,105.65,104.65,104.8,12560
41195,104.75,104.85,104.7,104.8,199
41197,105,105,103.7,104.15,10335
41198,104.1,104.4,102.4,103.15,15976
41199,102.9,104.7,102.6,104.4,11148
41200,104.65,106.9,104.65,106.75,15949
41201,106.55,107.25,105.6,105.8,11803
41202,105.7,105.85,105.4,105.6,197
41204,105.3,105.35,103.7,104.3,9051
41205,104.15,104.4,102.95,104.25,9416
41206,103.4,103.95,102.9,103.8,6996
41207,103.6,104.1,102.65,103,9525
41208,103.05,103.6,102.35,102.55,7300
41209,102.65,102.75,102.5,102.7,249
41211,102.6,102.6,101.15,101.45,6661
41212,101.25,102.2,100.7,101.95,9988
41213,102.25,102.85,101.75,102,8105
41214,102.9,104.5,102.55,104.4,13608
41215,104.05,105.7,103.2,103.9,18467
41216,104.05,104.2,104,104.2,252
41218,104.05,104.75,103.25,104.3,11261
41219,104.45,104.95,104.05,104.55,11068
41220,104.5,105.25,103.8,104.4,15087
41221,104.5,104.75,103.8,104.3,11297
41222,104.4,104.9,103.85,104.75,10890
41223,104.65,104.8,104.6,104.75,208
41225,104.6,108.25,104.6,108.1,14025
41226,107.8,107.85,107.25,107.55,2071
41227,107.95,109.6,107.6,107.65,10393
41228,107.95,108.15,106.65,107.5,8905
41229,107.35,107.5,106.5,107.4,10522
41230,107.45,107.5,107.15,107.25,197
41232,107,108,106.45,107.9,12406
41233,107.95,108.65,107.15,107.25,11784
41234,107.25,107.45,105.9,106.2,11877
41235,106.05,106.85,106.05,106.75,7858
41236,106.75,109.2,106.55,108.9,13911
41237,109.1,109.15,108.7,108.8,424
41239,109,110.6,109,110.4,13063
41240,110.2,111.55,110.1,111,12347
41241,110.95,111.6,110.75,111.2,8080
41242,110.9,113,110.5,112.9,12225
41243,113.05,114.45,113.05,113.65,7920
41246,113.45,115.3,113.25,114.85,16701
41247,115.1,115.2,113.85,113.95,11673
41248,113.8,114.2,113.25,114,12250
41249,114.25,114.25,112.55,112.65,13381
41250,112.65,113.2,112.35,113.05,11738
41251,113,113.35,113,113.25,225
41253,113.4,115.45,113.35,114.9,12767
41254,114.5,115.45,114.15,114.25,10934
41255,114,115.1,113.75,114.95,11813
41256,114.6,115.15,114.35,114.55,12031
41257,114.85,115.1,114.4,114.75,8706
41258,114.75,114.85,114.7,114.75,199
41260,114.95,115.45,113.85,114.65,12676
41261,114.65,115.25,114,114.3,13641
41262,114.1,114.45,112.6,112.7,13802
41263,113,113.05,111.55,111.7,14696
41264,112.2,113.75,111.6,113.15,13477
41265,113.15,113.35,113.1,113.3,148
41267,113.4,114.3,112.2,112.3,12876
41269,112.65,112.7,112.05,112.55,2513
41270,112.75,113.6,112.3,112.5,8195
41271,112.45,112.55,111.4,111.6,7625
41272,111.6,111.8,111.55,111.75,238
41274,111.95,112.1,111.1,111.6,3475
41275,113.2,113.3,112.95,113.2,525
41276,113.4,116.4,113.15,116.25,14688
41277,116.7,117.95,113.95,114.1,18510
41278,114,115.1,112.3,112.85,18331
41279,113,113.4,112.95,113.25,399
41281,112.9,113.5,111.6,113.4,15607
41282,113.45,113.65,111.95,112.55,14882
41283,112.8,114.4,112.1,113.05,19684
41284,112.85,114.5,112.8,114.4,17262
41285,114.35,114.95,113.9,114.05,15044
41286,114.1,114.3,114,114.2,238
41288,114.35,114.45,110.75,110.9,18206
41289,110.9,111.45,109.7,111.15,16971
41290,111.3,111.4,110.25,110.8,10518
41291,110.7,110.7,109.2,109.5,17424
41292,109.4,109.9,108.85,108.9,13911
41293,109.05,109.5,108.9,109.1,302
41295,108.95,109.1,107.9,108.05,9378
41296,108.05,109.6,107.9,109.45,12598
41297,109.55,110.85,109.4,109.65,16358
41298,109.7,110.3,108.9,109.65,12532
41299,110.3,110.55,108.25,108.9,9195
41302,108.8,109.35,108.4,108.9,9800
41303,108.6,109,107.5,108.5,12652
41304,108.65,110.25,108.35,110,13190
41305,109.8,111.3,109.7,110.6,6022
41306,110.8,112.55,110.65,112.25,14158
41307,112.35,112.5,112.2,112.25,296
41309,112.35,112.95,111.75,112.05,11685
41310,111.7,112.05,111.2,111.45,11981
41311,111.35,111.45,110.35,110.6,10815
41312,110.45,111.5,110,111.4,14735
41313,111.65,112.7,111.45,112.6,12090
41314,112.6,112.8,112.45,112.55,368
41316,112.85,113.2,112.05,112.15,11888
41317,111.85,112.7,111.75,112.55,11746
41318,112.8,114.1,112.55,113.65,16662
41319,113.85,114.85,113.85,114.65,16068
41320,114.5,116.2,114.45,115.8,17432
41321,115.9,115.9,115.65,115.85,322
41323,116,116.2,113.3,113.5,14187
41324,113.55,113.65,112.3,112.8,15344
41325,112.85,113.45,111.25,112.1,17505
41326,111.95,112.2,111,111.6,18192
41327,111.55,112,109.1,109.2,20196
41328,109.05,109.35,109.05,109.3,363
41330,108.85,108.85,107.4,107.7,14818
41331,108.15,108.15,106.7,107.75,15612
41332,107.55,107.55,105.65,106.05,10724
41333,106.2,106.65,104.8,105.45,7794
41334,108.2,108.35,106.7,107.7,15761
41335,107.65,107.85,107.6,107.75,251
41337,107.5,107.9,106.8,107.8,13529
41338,107.6,108.2,107.4,107.45,14131
41339,107.25,107.3,105.8,106.25,14758
41340,106.45,107,105.55,106.6,16857
41341,106.75,106.75,105.55,105.65,14038
41342,105.75,105.75,105.65,105.7,171
41344,105.65,105.85,104.15,104.9,15327
41345,105.05,106.2,104.6,106.1,15130
41346,106.3,106.75,105.6,105.85,13499
41347,105.75,106.45,105.45,105.55,12205
41348,105.65,106.1,104.7,104.75,12341
41349,104.8,104.95,104.75,104.85,274
41351,104.5,104.5,102.9,103.2,15206
41352,103.3,104.6,103.2,104.2,12003
41353,104.3,104.8,103.9,104.05,13186
41354,104.5,104.7,103.05,103.35,16554
41355,103.5,104.8,102.8,104.7,16240
41356,104.75,105.05,104.7,104.95,539
41358,104.5,104.75,103.5,103.6,11129
41359,103.5,103.7,102.5,102.6,10077
41360,102.4,103.15,101.85,103.05,4748
41361,103,103.2,101.8,102.2,9571
41365,103.5,104.1,103.1,104,3469
41366,103.85,103.85,102.1,102.45,14695
41367,102.3,102.5,101.45,101.75,12216
41368,101.85,103.45,101.65,103.25,14144
41369,103,103.3,102.2,102.8,12259
41370,103.4,104,102.5,102.85,505
41372,102.9,103.45,102.35,102.55,9855
41373,102.7,103.5,102.4,103.35,12786
41374,103.3,103.8,102.55,102.9,12127
41375,102.9,103.15,101.65,102,12104
41376,102.15,102.4,100.15,100.25,15519
41377,101.5,101.5,99.8,100.35,1151
41379,99.5,101.2,98.05,101.1,21571
41380,100.7,102.95,100.7,102.85,13750
41381,102.6,102.6,100.5,101.6,18579
41382,101.2,102.5,99.8,102.4,14800
41383,101.65,101.85,100.45,100.6,9360
41384,100.7,101.2,100.55,101.05,383
41386,101.1,101.45,100.1,101.35,11945
41387,100.95,102.35,100.55,101.5,12193
41388,101.85,102.3,101.65,102.05,6401
41389,102.2,103.75,101.95,103.7,11712
41390,103.35,103.8,100.3,100.45,12863
41391,100.4,100.45,100.25,100.4,550
41393,100.2,100.95,99.8,100.7,8515
41394,100.65,101.05,100.05,100.15,6050
41395,99.25,99.25,96.95,97.2,9762
41396,97.9,98.65,96.65,97.3,13534
41397,97.95,100.8,97.95,100.75,17836
41398,100.9,101,100.45,100.55,700
41400,100.55,101.3,100.3,100.9,3732
41401,101.15,101.65,99.9,101.05,14283
41402,100.85,103.15,100.7,102.4,17004
41403,102.05,102.85,101.65,102.2,12237
41404,102.3,103.2,101.15,102.15,13570
41405,102.15,102.5,102.15,102.45,585
41407,102.25,102.75,100.8,101.7,11700
41408,101.35,101.7,100.55,101.05,12138
41409,101.05,101.3,99.1,100.2,14820
41410,100.3,100.75,99.55,100.65,11018
41411,100.95,101.75,100.65,101.35,10710
41412,101.4,101.4,101.05,101.15,222
41414,100.8,101.75,100.1,101.4,9691
41415,101.25,102.65,101.15,101.5,9811
41416,101.8,103.5,101.75,103.35,11720
41417,103,103,101.55,101.8,11343
41418,101.75,102.1,101,101.15,8547
41421,101.15,101.3,100.75,101.05,1650
41422,100.8,102.35,100.8,102,10739
41423,102.25,103.35,101.9,103.1,9792
41424,102.8,105.9,102.45,105.65,9698
41425,106,106.4,105.25,105.9,5363
41428,106.65,108.95,106.65,107.8,9899
41429,107.5,109.1,107.45,108.95,9852
41430,109.3,111.6,109.3,110.9,14730
41431,110.6,110.95,109.8,110.3,13387
41432,110.45,111.45,109.25,109.35,16706
41433,109.35,109.65,109.35,109.45,278
41435,109.1,111.2,109.1,110.4,11962
41436,111,111.95,108.15,108.3,14214
41437,108.4,108.75,106.25,106.55,13878
41438,106.7,107.95,105.65,106.2,12259
41439,106.2,106.45,104.95,105.55,11024
41440,105.5,105.75,105.45,105.6,278
41442,105.8,106.15,104.35,105.4,11889
41443,105.7,106.6,105.5,106.5,11374
41444,106.4,106.6,105.25,105.6,9251
41445,106,106.75,104.8,105.7,13317
41446,105.45,105.6,103.7,104.95,13716
41447,104.95,105.05,104.75,104.9,327
41449,104.65,104.65,103.3,103.75,11402
41450,103.45,104.95,103,103.75,14261
41451,103.5,105.6,103.45,105.2,12890
41452,105.25,105.4,103.25,103.6,10608
41453,103.3,103.7,102.85,103.15,5966
41456,105,107.35,104.55,107.2,7813
41457,107,109,106.95,107.75,7398
41458,108.2,109.4,107.65,107.8,6899
41459,107.5,108.25,107.25,107.5,3366
41460,107.6,107.9,106.4,106.8,5554
41461,106.85,108.25,106.85,107.45,741
41463,107.2,108.15,106.1,107.9,5609
41464,107.6,107.6,105.7,106.2,6851
41465,106.1,107.7,105.55,107.55,5883
41466,107.3,108.9,107.25,108.1,8845
41467,107.75,109.2,107.25,108.65,6948
41468,108.65,108.7,108.55,108.65,167
41470,108.6,109.1,105.2,105.45,9779
41471,105.55,106.05,104.45,105.2,7939
41472,105.45,106.6,105.1,105.4,9188
41473,105.65,106.15,104.95,105.9,5688
41474,106.15,107,105.5,106.45,6773
41475,106.4,106.55,106.3,106.5,132
41477,106.55,108.25,106.3,107.45,7327
41478,107.85,108.45,107.2,107.4,6484
41479,107,107.45,106.4,107.3,5994
41480,106.8,106.85,104.85,105.5,7100
41481,105.65,105.65,103.8,104,6826
41482,103.95,104.3,103.95,104.2,278
41484,104.2,104.55,103.85,104.45,4356
41485,104.65,105.95,104.3,105.5,5842
41486,105.95,106.3,105.25,105.75,3991
41487,108.7,109.65,108.2,108.4,5991
41488,108.6,110.25,107.7,109.35,7462
41489,109.3,109.4,109.2,109.25,80
41491,108.9,109.15,108.05,108.85,4894
41492,109.05,110,108.1,108.25,6231
41493,108.4,108.7,107.2,108.6,6100
41494,109.1,110.15,108.85,110.05,6437
41495,110.2,111.55,110.2,111.15,3033
41496,111.15,111.65,111.15,111.55,284
41498,111.3,114.25,111.15,113.65,6376
41499,113.85,114.2,112.9,113.45,5565
41500,113.15,114.05,112.8,114,3491
41502,114.6,119.95,114.6,119.5,5034
41503,119.95,120.9,119.7,120.65,779
41505,119.35,120.75,118.75,119.65,6550
41506,119.4,119.5,116.25,118.4,4540
41507,118.15,120.9,117.55,120.45,4880
41508,120.65,122.5,117.95,118.25,5902
41509,118.7,119.65,117.45,119.5,4764
41510,119.6,119.6,119,119.35,184
41512,119,121,117.65,118.9,2811
41513,119.35,125.7,119.35,123.95,6351
41514,125.85,130,119.9,120.65,7749
41515,122.15,123.85,119.65,121.85,3466
41516,121.15,121.45,117.15,118,2127
41519,120.55,121.85,118.85,121.7,4508
41520,120.85,123.95,120.65,123.75,3844
41521,122.85,122.95,116.75,117.25,6128
41522,115,118.65,115,118.15,4300
41523,118.4,118.55,116.2,116.35,3945
41524,116.5,117,116.3,116.8,141
41526,116.5,116.55,114.4,114.55,1551
41527,114.5,114.95,112.6,113.15,3146
41528,113.9,114.3,112.25,112.7,2949
41529,112.4,113.6,112,113.45,3849
41530,113.95,114.3,111.6,111.7,3244
41531,111.95,112.7,111.95,112.5,261
41533,111.55,111.55,110.2,110.65,3009
41534,111,111.55,110,110.25,2657
41535,110.5,112.15,110.2,111.75,2932
41536,110.5,111.9,109.15,111.3,3998
41537,111.4,112.15,110.25,110.45,3492
41538,110.45,110.45,110.45,110.45,NaN
41540,110.15,111.75,109.85,111.65,2531
41541,111.65,111.7,110.3,110.55,2381
41542,110.85,111.1,109.65,109.75,2785
41543,109.75,110.4,109.55,109.75,2897
41544,109.7,113.5,109.55,113.25,3831
41545,113.25,113.25,113.25,113.25,NaN
41547,113.05,113.25,112.05,113.1,2612
41548,114,114.6,112.85,113.25,3112
41550,112.85,113.15,111.7,111.95,3116
41551,111.1,112.2,110.05,111.85,3853
41552,111.85,111.85,111.85,111.85,NaN
41554,112.6,113.15,112.1,112.75,2791
41555,113,114.75,112.5,114.05,3224
41556,114.25,115.05,113,113.75,4621
41557,114.45,114.45,111.75,113.35,3877
41558,113.05,113.95,112.35,113.3,2983
41559,113.3,113.3,113.3,113.3,NaN
41561,112.7,113.9,112.55,113.3,3422
41562,113.05,113.6,112.25,112.55,4077
41563,112,112.7,110.95,112.15,2708
41564,112,112.15,110.65,110.9,3485
41565,111.1,112.25,110.65,110.8,3949
41566,110.8,110.8,110.8,110.8,NaN
41568,111.2,112.25,111.2,111.95,2118
41569,112.3,113.6,112.05,112.4,4524
41570,112.2,113.4,110.7,111,3948
41571,111.25,112.1,110.7,111.95,3588
41572,111.9,113.35,111.2,112.7,3022
41573,112.7,112.7,112.7,112.7,NaN
41575,112.95,114.25,112.9,113.85,3144
41576,114,114.55,112.65,112.8,2834
41577,113.5,113.75,113,113.15,1779
41578,113.05,113.35,112.5,112.7,2174
41579,114.1,115.1,113.55,113.65,2163
41580,113.65,113.65,113.65,113.65,NaN
41582,113,113,111.8,111.9,920
41583,112.05,112.3,110.7,111.9,2565
41584,111.45,113.2,111.3,112.45,2551
41585,112.75,112.95,112,112.75,2947
41586,112.75,113.8,111.65,113.6,4204
41587,113.6,113.6,113.6,113.6,NaN
41589,113.7,113.85,113,113.2,2077
41590,113,113.9,112.8,113.8,2324
41591,113.65,113.65,111.35,111.7,3510
41592,111.5,111.8,111,111.1,2571
41593,110.85,110.9,110.25,110.55,1445
41594,110.55,110.55,110.55,110.55,NaN
41596,110.6,110.7,108.6,108.7,2849
41597,109.25,109.7,108.15,109.6,3197
41598,109.7,110.6,108.9,109.1,2832
41599,109.6,110.7,109.2,110.55,3036
41600,110.3,110.6,109.15,109.2,3197
41601,109.2,109.2,109.2,109.2,NaN
41603,108.85,110,107.85,108.15,3091
41604,108.25,109,108,108.3,2126
41605,108.15,108.25,106.8,107.05,2309
41606,106.85,107,106.15,106.25,2153
41607,106.1,106.85,105.8,106.25,2818
41610,108.15,108.15,106.9,107.45,2783
41611,107.55,107.7,107.2,107.5,2112
41612,107.8,108.65,107.05,108.4,3107
41613,107.7,108.85,106.85,106.95,4421
41614,106.95,108.15,106.85,107.3,3442
41615,107.3,107.3,107.3,107.3,NaN
41617,106.8,108,106.7,107.85,2955
41618,108,109.2,108,108.45,3341
41619,108.7,110.4,108.6,110.15,3716
41620,110.2,110.7,109.65,109.9,3838
41621,109.55,110.55,109.3,110.4,2471
41622,110.4,110.4,110.4,110.4,NaN
41624,110.1,110.1,108.4,108.9,4162
41625,109.05,109.85,108.7,108.85,3591
41626,109,110.1,108.7,109.95,3356
41627,110,110.2,108.5,108.65,4504
41628,108.75,109.65,108.3,108.5,3707
41629,108.5,108.5,108.5,108.5,NaN
41631,108.3,108.5,106.4,106.55,4638
41632,106.95,108.45,106.2,107.45,3752
41634,107.3,108.25,105.4,106.5,4384
41635,107.4,109.9,106.95,109.55,6085
41636,109.55,109.55,109.55,109.55,NaN
41638,109.5,111.25,109.4,109.7,3936
41639,109.4,109.85,108.5,109.4,1561
41640,110,110.7,109.9,110.1,453
41641,110.55,112.2,110.45,111.2,4720
41642,110.9,111.1,109.05,109.2,4523
41643,109.2,109.2,109.2,109.2,NaN
41645,109.5,109.75,108.1,109.65,3961
41646,109.3,109.75,108.85,109.3,3111
41647,109.35,109.5,108.6,108.75,3132
41648,108.75,108.75,106.9,107,4203
41649,107.05,107.65,106.5,106.95,5481
41650,106.95,106.95,106.95,106.95,NaN
41652,107.25,107.6,106.2,107.4,5432
41653,107.45,107.45,106.3,106.5,3262
41654,106.4,108.35,106.05,107.8,5529
41655,108.05,109.3,107.8,108.4,5518
41656,108.3,110.35,107.85,110.2,5756
41657,110.2,110.2,110.2,110.2,NaN
41659,110.05,110.2,108.85,108.95,3337
41660,108.85,109.75,108.1,109.3,5340
41661,109.5,109.75,107.8,107.9,3885
41662,108,108.25,107.05,107.5,4793
41663,107.55,108.7,107.15,108.05,3464
41664,108.05,108.05,108.05,108.05,NaN
41666,108.3,109.05,107.55,108.95,2919
41667,108.35,108.65,107.2,107.7,3117
41668,107.2,107.75,106.6,107.15,2882
41669,107,107.15,105.1,105.3,4604
41670,104.8,105.3,103.85,103.95,2441
41673,105.8,106.1,103.8,103.9,5132
41674,104.05,104.95,103.5,104.05,5617
41675,104.2,105.5,104.2,105.15,5420
41676,104.85,105.6,104.45,105.1,4998
41677,105.3,105.9,105,105.15,3705
41678,105.15,105.15,105.15,105.15,NaN
41680,105.2,105.85,104.2,104.4,4497
41681,104.3,105.3,103.7,104.6,6145
41682,104.75,105.9,104.75,105.4,4813
41683,105.35,106.6,105.05,106.45,6271
41684,106.5,107,105.85,105.95,4952
41685,105.95,105.95,105.95,105.95,NaN
41687,106.4,106.8,105.05,105.25,3705
41688,105.45,107.4,104.6,107.35,7400
41689,107.45,108.7,107.3,107.8,6865
41690,107.7,107.95,106.85,107.7,4170
41691,107.85,108.35,107.3,107.4,3249
41692,107.4,107.4,107.4,107.4,NaN
41694,106.8,107,105.55,106.6,4674
41695,106.8,107.2,105.8,107.05,4499
41696,106.8,108.4,106.5,107.55,4351
41697,106.8,107.25,106.3,107.1,2279
41698,107.1,107.5,106.2,106.75,3452
41701,107.05,107.05,105.3,105.8,8016
41702,106,108.25,105.45,108.05,9067
41703,108.05,109.2,107.3,107.4,8386
41704,107.1,108.1,106.35,107.7,6583
41705,107.85,108.2,106.15,106.6,8035
41706,106.6,106.6,106.6,106.6,NaN
41708,106.3,107,105.25,106.9,7435
41709,106.7,107.85,105.35,105.55,7454
41710,105.9,106.45,104.95,106,7032
41711,105.8,106,104.6,104.95,7004
41712,105.2,105.65,104.45,105.1,5988
41713,105.1,105.1,105.1,105.1,NaN
41715,104.7,104.7,103.5,103.6,3230
41716,103.9,104.45,103.6,104.2,4133
41717,104.35,104.45,102.25,104,11806
41718,103.6,103.85,102.5,102.7,5502
41719,102.65,103.4,102.15,103.15,5322
41720,103.15,103.15,103.15,103.15,NaN
41722,103.1,103.35,102.55,102.95,3544
41723,103.1,104.1,102.8,103.35,6507
41724,103.3,103.85,101.7,101.9,6022
41725,102.05,102.6,101.4,102.05,6083
41726,101.95,103.4,101.85,103.2,5291
41727,103.2,103.2,103.2,103.2,NaN
41729,103.05,104.5,102.85,103.95,5235
41730,106,106.7,105.65,106.35,5022
41731,106,108.5,105.9,108.4,8147
41732,108.15,110.1,108,109.6,7821
41733,109.6,110.35,107.85,108,6639
41736,108,109.9,107.8,108.9,6874
41737,108.6,108.75,107.4,108.6,3029
41738,108.7,110.9,108.35,110.8,8296
41739,110.7,113,110.7,112.8,8559
41740,112.6,113.5,111.7,112.05,10380
41743,112.35,112.6,111.8,111.95,3188
41744,111.8,111.8,109.5,110.2,6747
41745,109.75,111.9,109.25,111.35,6985
41746,111.3,112,110.3,111,4652
41750,111.05,111.5,110.45,111.25,1939
41751,111.3,113.45,111.3,113.3,5839
41752,113.55,114,112.15,112.55,6074
41754,112.65,113.15,110.15,110.4,8129
41757,110.75,111.3,108.7,108.8,7501
41758,108.65,108.95,106.65,106.85,6570
41759,106.9,107,106.2,106.6,3004
41761,106.1,106.55,105.7,106.2,6320
41764,106.25,107.05,106.1,106.2,2574
41765,106.45,106.85,105.5,105.6,6634
41766,105.75,106.2,104.3,104.4,7431
41767,104.7,105.15,103.85,104.45,6132
41768,104.75,105.2,103.6,103.9,6486
41771,104.05,105.1,103.85,104.75,6674
41772,104.7,105.55,104.05,104.2,7357
41773,104.55,105.85,104.55,105.65,5543
41774,105.3,105.45,103.35,103.65,7280
41775,103.3,103.5,101.7,102.05,8521
41778,102.1,102.55,101.6,101.95,6334
41779,102,102.65,101.25,102,6192
41780,102.2,102.35,101.3,102.05,5738
41781,102.1,103.15,101.7,102.75,8102
41782,102.95,104.5,102.9,104.35,9154
41785,104.75,105.05,104.1,104.9,3155
41786,104.9,105.7,104.55,105.3,6359
41787,105.75,106.65,105.5,106.5,6872
41788,106.2,106.9,105.3,106.45,6649
41789,106.2,107.65,106.05,107.25,3979
41792,108.25,109.3,108.15,109,4802
41793,108.8,109.7,108.15,109.3,9141
41794,109.1,109.1,107.6,108.4,9245
41795,108.25,109.7,107.85,108.85,10054
41796,108.75,110.05,108.15,109.8,11165
41799,110,112.9,110,112.7,10180
41800,112.2,112.75,110.9,111,9245
41801,111.3,111.9,109.2,109.3,8597
41802,109.55,109.55,107.15,107.35,9466
41803,107.65,108.9,107.65,108.65,6122
41806,109.2,109.8,109.05,109.65,5384
41807,109.8,110.15,109.05,109.75,6221
41808,109.6,111.3,109.1,110.75,7978
41809,110.15,112.1,109.95,111.85,6816
41810,112.2,112.65,111.05,111.6,6671
41813,112.25,112.65,111.3,111.45,6387
41814,110.95,112.35,110.7,112.15,6832
41815,112.1,113.35,111.55,112.45,8222
41816,112.65,113.05,111.6,112.05,6137
41817,112,112.2,110.85,111,5555
41820,111,111.35,110.35,111.1,2840
41821,112.85,113.45,111.85,112.25,7076
41822,112.15,114.35,111.45,114.15,11490
41823,114,115.1,113.8,114.4,8794
41824,114.2,114.8,114.1,114.15,4633
41827,113.9,115,113.55,114.45,6217
41828,114.1,115.6,114,115.3,7762
41829,115.25,116.25,114.55,114.65,7214
41830,114.5,115.5,113.8,114.9,7528
41831,115.1,115.9,114.7,115.8,6480
41834,115.65,116.7,115.4,115.95,6462
41835,115.9,117.45,115.7,117.4,8535
41836,117.5,119,117.25,117.95,11609
41837,117.95,119.85,117.8,119.65,12636
41838,119.6,119.6,118.25,118.7,10056
41841,118.75,121.6,118.15,121.35,12714
41842,121.5,122.8,121.15,122.3,10602
41843,122.15,122.4,119.8,119.9,11807
41844,120.2,122.05,120.15,121,9254
41845,121.4,121.9,119.3,119.6,8846
41848,119.9,120.6,119.45,120.45,8738
41849,120,120,118.55,118.7,4391
41850,119.1,122.05,118.25,121.9,9053
41852,121.75,122.25,120.6,121.2,9128
41855,121.4,124.05,120.7,123.85,11217
41856,123.4,123.4,122.25,122.85,7986
41857,122.75,124.65,122.05,123.9,11055
41858,123.9,124.5,123.3,124.2,8970
41859,124,124.5,123.1,123.9,8093
41862,123.9,125,123.55,124.35,8253
41863,124.1,125.45,124,124.95,8975
41864,124.7,124.7,123.35,123.45,8565
41865,123.35,123.4,120.85,121.05,10569
41869,121.45,122.5,120.5,122.1,7996
41870,122.15,123.6,121.95,122.95,8089
41871,123.15,125.3,122.25,125.2,13090
41872,124.75,125.5,124.1,124.25,10037
41873,124.45,124.85,124,124.4,5956
41876,124,125.25,124,125,2813
41877,124.5,126.5,124.5,125.75,9283
41878,125.55,125.95,125.05,125.8,7163
41879,125.75,127.65,125.75,127.45,8380
41880,126.25,129,126.25,126.7,5776
41883,126.9,127.35,126,126.7,8061
41884,126.95,128.15,126.8,127.35,10752
41885,127.6,127.75,125.05,125.2,10725
41886,125.6,126.85,125.25,126.75,10108
41887,126.75,127.25,125.4,125.65,8970
41890,125.65,126.7,125.35,126.1,7589
41891,125.55,125.55,123.9,124.95,10620
41892,124.95,125.2,123.6,124.5,9835
41893,124.6,124.6,122.5,122.9,9999
41894,123.15,123.95,122.35,123,10005
41897,122.45,122.5,120.15,120.55,10267
41898,120.9,122.7,120.15,122.6,12436
41899,122.35,122.55,120.1,120.2,11060
41900,120.15,120.35,118.85,119.1,11556
41901,119.3,119.7,118.8,118.9,7491
41904,118.7,119.25,117.3,119.15,7955
41905,118.85,119.3,118.1,118.2,8117
41906,118.6,119,117.45,118.6,8452
41907,118.5,118.8,118.05,118.4,5860
41908,118.6,118.9,117.8,117.95,5808
41911,117.9,119.4,117.4,119.25,5157
41912,119.35,119.8,118.8,119.45,3618
41913,119.6,119.9,117.9,118.35,6612
41915,117.8,118.1,116.1,117.6,2505
41918,117.8,118,117.25,117.7,1736
41919,118,119.35,117.1,119.25,8267
41920,119.35,119.5,117.65,118.35,6184
41921,118.35,118.85,117.45,117.7,5378
41922,117.8,118.3,116.65,117.6,7050
41925,117.8,117.95,117,117.65,4925
41926,117.65,118.9,117.45,118.75,5878
41928,117.8,118,116.3,117.85,10773
41929,117.55,121,116.85,120.2,11315
41932,120,121.75,119.9,120.5,9293
41933,120.4,122,119.35,121.5,10148
41934,121.1,123.3,121.05,122.95,10540
41935,122.1,122.55,121.65,122.25,1452
41936,121.8,121.8,119.6,119.95,5032
41939,120.2,121.6,119.85,121.4,4754
41940,121.55,122.55,121.55,122.4,5781
41941,122.25,125.55,122.1,124.7,7610
41942,124.25,125.85,123.3,125.7,8654
41943,125.4,127.2,125.35,126.6,4058
41946,127.05,128.6,126.45,128.4,8643
41947,128.35,128.35,126.2,126.95,6745
41948,126.45,127.8,124.8,127.1,9926
41949,126.7,128.45,126.65,128.3,5455
41950,128.3,129,126.85,127,9288
41953,126.8,126.85,125.75,126.05,6310
41954,125.85,126.9,124.35,126.8,7681
41955,126.4,128.4,126.1,127.5,9134
41956,127.35,128.3,126,126.1,8737
41957,126,126.5,124.8,125.85,9182
41960,125.65,127,124.95,126.3,7225
41961,126.35,126.35,124.5,124.95,7789
41962,125.25,126.6,124.7,126.15,7937
41963,126,126.7,125.1,126.55,6804
41964,126.45,128.2,126.4,127.15,7651
41967,127.1,128.2,126.65,127.85,6328
41968,127.9,129.45,127.7,128.9,8656
41969,128.95,130.15,128.7,129.3,9181
41970,129.05,129.85,128.15,128.45,6806
41971,128.35,129.2,127.2,128.1,7582
41974,125.5,126.3,124,126,8673
41975,125.7,126,121.7,122,8050
41976,122.5,122.85,120.85,121.65,9090
41977,122.1,123.1,121.7,122.95,6889
41978,122.85,123.85,122.2,122.4,6623
41981,122.4,122.75,120.75,120.85,5474
41982,121,122.15,120.3,121.6,7327
41983,121.45,122.3,121,121.35,5254
41984,121.25,121.55,120.5,120.85,5926
41985,121.05,121.45,120.25,120.65,5106
41988,120.75,122.15,120.75,121.65,5555
41989,121.3,121.6,120.1,120.8,7378
41990,120.6,121,119.3,120.7,7374
41991,120.5,120.7,118.7,119.25,7488
41992,119.6,120.7,119.2,119.8,5849
41995,119.85,120.25,117.9,118.15,6438
41996,118.3,118.8,117.3,117.5,4570
41997,117.65,118.25,117.1,117.25,4995
41999,117.4,117.9,116.85,117,2475
42002,117.5,117.85,116.35,117.25,5401
42003,117.75,117.75,115.9,116.1,5253
42004,116.6,117.25,115.8,115.95,2781
42005,116.75,117.45,116.4,117.25,1104
42006,117.4,117.4,115.4,115.7,6579
42009,115.85,115.95,114.5,114.75,5914
42010,114.95,114.95,112.4,112.6,7870
42011,112.95,113.55,111.55,112.65,9740
42012,112.5,113.95,111.35,113.85,9932
42013,113.6,114.5,112.1,112.25,10540
42016,112.15,113,111.3,112,8240
42017,111.8,112.2,109.8,110.85,9579
42018,110.65,111.35,108.85,110.2,11932
42019,110.5,111.3,109.55,110.3,6421
42020,111.25,113.85,110.45,113.3,8445
42023,113.05,113.35,111.35,111.85,7477
42024,112.4,114.35,111.55,114.1,8575
42025,113.35,115.9,112.55,115.65,8165
42026,115.6,116.55,114.3,114.4,9416
42027,114.1,114.4,112.15,112.3,6388
42031,113.45,115.7,112.15,114.05,11395
42032,113.55,114.7,112.65,112.8,6013
42033,112.7,113.25,111.7,112.25,7733
42034,112,113.5,111.6,113.4,2968
42037,115.45,115.85,114.4,115.2,5785
42038,115.35,116.7,115.25,116.2,5815
42039,115.95,116.35,115.1,115.6,7401
42040,115.45,116.25,114.1,116,7046
42041,115.95,116.6,115.2,115.85,6954
42044,115.9,116.75,115.45,115.85,5098
42045,115.25,115.9,114,114.1,6671
42046,114.1,114.2,112.8,113.15,6543
42047,113.35,114.35,113.2,114,6215
42048,114.25,115.1,113.7,113.95,5944
42051,113.75,114.55,112.7,112.8,6134
42052,112.6,112.85,112,112.55,4447
42053,112.8,113.5,112.2,112.85,6408
42054,112.65,112.8,111.6,112.25,5695
42055,112.35,112.6,111.05,111.35,5440
42058,111.8,112,110.35,110.75,5869
42059,110.9,112.6,110.75,111.5,6987
42060,111.85,112.2,110.4,110.75,6044
42061,110.95,112.3,110.4,110.9,7328
42062,110.8,111.15,110.15,110.8,2355
42065,112.9,113.4,111.7,111.8,5487
42066,111.9,111.95,110.95,111.35,5112
42067,111.45,112.6,111.2,112.45,5628
42068,112.2,113.2,111.9,112.45,5680
42069,112.35,112.95,111.6,111.95,3651
42072,112,112.35,110.95,112,7948
42073,112.05,112.25,110.6,110.8,8267
42074,110.95,111.2,109.65,109.8,6853
42075,110,110.5,109.2,109.65,6955
42076,109.9,112.1,109.85,111.8,8056
42079,111.8,112.15,110.8,111.1,6588
42080,111.05,112.15,110.25,112,8722
42081,111.85,111.85,109.85,110.05,6818
42082,110.65,111.75,110.4,110.95,7271
42083,111.05,112.4,110.1,111.55,10187
42086,111.65,112.5,111.05,111.45,7793
42087,111.15,111.95,110.9,111.4,6543
42088,111.2,111.45,110.2,110.85,6372
42089,111.25,112.9,111.25,112.55,7121
42090,112.3,112.35,110.6,111.25,5581
42093,111.1,112.2,110.95,111.9,4710
42094,111.95,112.45,111.45,111.95,3274
42095,112.15,112.55,110.9,111.35,5737
42096,111,111.65,110.9,111.15,2749
42100,111.4,112.2,110.9,111.1,2831
42101,111.5,112.35,111.3,111.45,4675
42102,111.3,111.7,110.3,110.45,6857
42103,110.35,110.5,109.6,109.9,5355
42104,110,110.75,109.95,110.1,5096
42107,109.8,111.3,109.8,110.6,6588
42108,110.6,111.85,110.4,111.65,4686
42109,111.75,114.05,111.7,113.95,8803
42110,114,115.55,113.9,114.2,9309
42111,114.25,115.4,113.95,114.35,7962
42114,114.6,115.8,114.6,114.95,7046
42115,114.95,115.25,113.45,114.65,7009
42116,114.65,115.05,113.6,113.75,6362
42117,112.9,113.6,112.25,112.75,8076
42118,113.2,116.4,112.9,116.2,10265
42121,116.25,117.3,115.85,116.15,8077
42122,116.2,118.3,115.95,118.2,7265
42123,119,120.3,117.8,120.1,6831
42124,120.15,121.65,120.15,121.45,3608
42129,121.15,125.1,120.5,124.6,10361
42130,124.7,125.6,120.9,121.85,11001
42131,121.5,122.6,119.6,119.9,9887
42132,120.05,121.3,118.75,119.5,9545
42135,119.1,120.75,118.35,119.1,8461
42136,119.5,120.9,118.95,120.6,9129
42137,120.25,121.35,118.8,119.3,7240
42138,119.35,119.8,116.55,116.95,6901
42139,117.25,117.65,115.8,116.25,5891
42142,116.65,116.9,114.25,114.35,7565
42143,114.7,114.75,112.25,112.8,8230
42144,112.9,113.1,111.7,111.85,6614
42145,112.2,112.75,110.9,111,7925
42146,111.35,111.5,109.7,110.3,6453
42149,110.2,110.6,109.85,110.3,1986
42150,110.7,111.3,109.7,110.15,6275
42151,110.25,110.65,108.8,109.05,6639
42152,109.2,111.05,108.7,110.85,10510
42153,111,111.3,108.65,109.15,4042
42156,110.45,111.4,109.5,111,6951
42157,111.45,111.85,109.8,110.2,8661
42158,110.5,111.8,110.1,111.3,7348
42159,111.65,111.65,110.3,110.7,6263
42160,110.65,111.15,109.25,110.95,9346
42163,111.1,111.25,110.15,110.75,6802
42164,110.95,111.75,110.4,110.85,10108
42165,110.9,112,110.75,110.85,8333
42166,110.9,111.3,109.55,110.45,8667
42167,110.55,110.85,109.8,110.05,6855
42170,109.8,109.8,107.25,108.35,10728
42171,108.55,108.75,107.4,107.75,7819
42172,107.9,108.55,107.25,107.55,8067
42173,107.6,108.3,106.55,106.75,9384
42174,106.95,107.15,105.5,105.75,7260
42177,106.05,106.4,105.3,106.2,7625
42178,106.45,108.2,106.45,107.55,9255
42179,107.7,108.3,106.45,106.85,7268
42180,107.1,107.55,106.3,107.2,7513
42181,107.25,107.45,106.05,106.15,5806
42184,106.25,106.5,104.75,105.65,8125
42185,105.4,105.5,104.45,104.85,6358
42186,106.85,109.55,106.2,109.25,10761
42187,109.05,109.75,108.2,108.3,8818
42188,108.35,108.8,107.3,107.45,5953
42191,107.3,107.3,105.85,106.05,11488
42192,106.2,106.45,103.4,104.9,13545
42193,104.1,105.55,102.45,105,10374
42194,105.1,106.5,104.45,106.15,10252
42195,106.35,106.7,105.4,106.15,6182
42198,105.8,107.4,105.45,107,8305
42199,107,107,105.7,106.25,6439
42200,106.4,107.8,106.2,106.95,8517
42201,106.9,107.65,106.5,106.9,6508
42202,106.85,107.15,105.75,105.9,5423
42205,105.7,105.85,104.9,105.2,5898
42206,105.25,105.4,103.3,103.45,8034
42207,103.4,104,102.65,103.4,8378
42208,103.45,103.9,102.1,102.15,7215
42209,102.6,103.45,102,103.25,8677
42212,103.25,103.9,102.45,103.35,7385
42213,103.25,104.15,102.85,103.9,7725
42214,103.9,104.5,103.7,103.85,5715
42215,103.85,104.05,102.7,103.1,6569
42216,102.85,102.85,101.45,101.9,5830
42219,103,103.05,101.75,102.55,7565
42220,102.15,102.85,101.75,102.35,8362
42221,102.1,102.5,100.85,100.9,7411
42222,101,101.3,99.7,100.55,9290
42223,100.35,101.5,100.15,100.35,8776
42226,100.2,102.6,100.05,101.85,9677
42227,101.55,101.8,100.2,101.15,10507
42228,100.3,102.5,99.75,102.3,9966
42229,102,102.4,101.15,101.7,7369
42230,101.5,101.9,101,101.5,5804
42233,101.7,102.05,100.6,101.25,6606
42234,101.65,101.8,100.4,100.75,8070
42235,100.6,101.2,100.25,100.5,6742
42236,100.6,102.6,100.6,101.8,7586
42237,102.1,102.6,100.9,101.45,7942
42240,100.8,101.45,99.45,101.1,10988
42241,100.95,102.2,100.25,101.95,10234
42242,101.4,101.55,100,100.3,8196
42243,100.6,102.45,100.25,101.6,8732
42244,102.35,103,102,102.3,4856
42247,106.9,107.4,106.55,107.15,1788
42248,106,107.65,105.1,106.55,7928
42249,106.2,106.85,105.3,106.1,6649
42250,106.25,108.5,106.2,107.8,8283
42251,107.8,108.6,107,107.4,7753
42254,107.8,108.5,106.65,106.75,5656
42255,106.65,108.3,106.15,108.15,7258
42256,108.35,109.75,107.95,108.05,8588
42257,107.85,108.8,107.8,108.5,6048
42258,108.45,108.9,108.05,108.65,5382
42261,108.5,108.5,106.9,106.95,5610
42262,107.45,107.45,105.5,107.2,8404
42263,106.85,107.65,106.5,107.45,5925
42264,107,108.05,106.65,107.75,3161
42265,107.45,108.25,106.4,106.55,8024
42268,106.4,107.1,105.8,106.05,5772
42269,105.75,106,104.3,104.35,6401
42270,104.05,105,103.75,104.05,6272
42271,104.25,104.85,103.6,104.3,5394
42272,104.05,104.45,103.1,103.25,2832
42275,103.35,103.75,101.35,101.95,7896
42276,102,102.8,101.15,102.45,6370
42277,102.3,103.15,102,102.45,4189
42278,102.8,103.95,101.6,101.85,6643
42282,101.85,102.1,100.4,100.7,8750
42283,101,101.5,100.2,100.5,6363
42284,100.7,102.15,100.5,101.25,9628
42285,101.1,101.4,99.8,99.95,9779
42286,100.55,104.95,100.55,102.75,22029
42289,102.95,104.1,101.45,101.55,9932
42290,101.25,102.2,100.9,102,10444
42291,101.8,102.35,101.05,101.45,9050
42292,101.45,101.75,99.55,100.25,14772
42293,100.25,100.25,99.3,99.7,10844
42296,99.5,99.65,98.25,98.4,11357
42297,98.05,98.4,97.55,98.15,8491
42298,98.1,98.1,96.55,96.65,10909
42299,97,97.25,94.3,94.5,7730
42300,94.45,97.4,93.85,95.4,17506
42303,95.5,96.25,93.75,93.85,9821
42304,94.4,94.9,94,94.3,7661
42305,94.3,94.95,93,94.6,10082
42306,94.05,95.2,93.7,94.5,9501
42307,94.45,94.45,93.85,94.3,9554
42310,96.2,97.55,96,97,8269
42311,97.5,98.5,97.1,98.05,10835
42312,97.8,98.75,96.2,97.7,11941
42313,98,99.4,97.25,99.3,13825
42314,99.15,101.25,98.75,100.95,17977
42317,101,101.55,100.25,100.35,9387
42318,100,100,98.15,99.75,9531
42319,99.6,99.75,99.35,99.55,1126
42320,99.55,99.75,98.5,98.65,4955
42321,99,99.05,98.3,98.45,5017
42324,98.65,98.8,96.5,96.6,7961
42325,96.35,97.8,95.75,96.95,8591
42326,96.75,97.7,96.2,96.95,7444
42327,96.65,96.9,95.8,96.65,7796
42328,96.7,98.9,94.55,95.55,14117
42331,94.95,95.8,94.6,95,6907
42332,95.5,96.4,95,95.8,7899
42333,95.45,97.25,95.15,96.4,5784
42334,97.3,100.6,97.3,100.55,12670
42335,100.35,100.45,96.55,96.95,12071
42338,97.05,97.4,96.2,96.55,5726
42339,98.25,99.7,97.4,99.6,357
42340,99.6,100.8,99.2,100.15,250
42341,99.75,100.5,98.95,100.45,344
42342,100.2,102.95,100.2,102.55,454
42345,101.6,102.45,100.25,100.35,698
42346,100.75,100.8,99,99.65,442
42347,100.05,101.55,100,100.8,477
42348,100.3,100.65,99.65,100.55,628
42349,100.75,101.95,100.65,100.8,475
42352,101.1,101.25,100.1,101.1,416
42353,100.6,100.75,99.4,99.6,533
42354,99.75,100.6,99.1,100.45,576
42355,100.15,100.15,98.55,99,787
42356,99.4,100.65,98.95,100.25,698
42359,100.6,101.6,100.6,101.1,489
42360,100.8,101.25,100.35,100.5,945
42361,101.1,102.4,100.9,102.25,1244
42362,103.05,103.6,101.65,101.75,738
42366,102,102,101.15,101.5,229
42367,100.65,103.15,100.6,101.75,2575
42368,101.8,102.4,100.85,102.15,2575
42369,101.85,102.15,99.9,100.15,6627
42370,100.25,100.9,99.8,100.35,1673
42373,100.35,100.45,98.2,98.85,11441
42374,99.15,100.1,98.05,98.3,11739
42375,98.75,99.4,98.05,99.25,8184
42376,99,99.5,97.6,98.5,10540
42377,98.6,100.25,98.5,100.15,9375
42380,99.9,99.95,97.9,98.35,7013
42381,98.55,98.75,97.7,97.75,7063
42382,98.1,98.55,97.75,98.15,7658
42383,98.25,100.85,98.25,100.7,8403
42384,100.25,100.7,99.75,100.45,7416
42387,100.4,101.75,99.9,101.1,7934
42388,101.45,102.4,100.7,100.85,9790
42389,100.55,100.9,99.95,100.15,6851
42390,100.4,101.2,99.4,101.05,8268
42391,100.95,101.95,100.6,100.75,6675
42394,100.65,101.05,100.15,100.5,4380
42396,101.45,104.4,101.45,104.3,8975
42397,104,104.5,103.05,103.35,6274
42398,103.25,104.05,102.9,103.75,3117
42401,103.55,104.35,102.5,104.2,6301
42402,103.85,104.8,102.8,102.9,7907
42403,103.35,104.4,103.2,104.05,6057
42404,104.45,105.05,103.8,104.45,5887
42405,104,104.6,102.05,102.3,6972
42408,102.35,103.4,101.7,102.55,8796
42409,103.1,103.6,100.9,101.2,8824
42410,101.1,102.1,100.65,101.3,5210
42411,101.95,102.55,101.4,102.1,5419
42412,102.45,102.85,101.9,102.6,3015
42415,103,104.1,102.8,103.15,6590
42416,104.15,105.6,104.15,105,8455
42417,104.9,105,104,104.7,5949
42418,104.95,105.5,104.15,105.25,5735
42419,105.7,107.75,105.55,107.65,6617
42422,107.5,109.5,107.15,108.9,6013
42423,108.5,109.5,106.6,107,8079
42424,106.75,108.9,106.2,108.65,7289
42425,108.45,109.9,108,108.45,9020
42426,108.6,109.6,108.05,108.35,7565
42429,108.45,111.3,108.15,110.45,4259
42430,107.6,108.7,106.9,107.35,6496
42431,107.65,108.45,107.05,107.7,5602
42432,107.45,107.8,106.15,106.25,5704
42433,106.8,107.3,105.55,106.6,7081
42436,106.9,107.7,106.75,107.4,3580
42437,107.2,108,105.15,105.75,7488
42438,105.85,106.4,105.1,106.25,6082
42439,106.25,106.4,104.1,105,8511
42440,105.3,105.55,104.55,104.7,5432
42443,104.85,105.2,103.3,103.5,6537
42444,103.55,103.85,102.15,102.25,5865
42445,102.4,102.5,101.4,101.55,6134
42446,101.6,102.4,100.4,101.3,12226
42447,101.6,101.95,99.5,100.05,10612
42450,100.35,100.45,99.7,99.9,7135
42451,99.9,100.1,99,99.25,6941
42452,99.35,99.35,98.3,98.4,5230
42453,98.25,98.95,98.2,98.75,3151
42457,98.9,99.05,98.6,98.75,1639
42458,99.2,99.35,98.35,98.8,6612
42459,98.6,99.2,98.05,98.5,6907
42460,98.5,99.6,98.25,98.75,6087
42461,101.25,102.8,101.25,102.3,8250
42464,102.25,102.55,101.3,101.6,5225
42465,101.6,102.2,100.8,101,4824
42466,101.15,101.4,99.45,100.55,8174
42467,100.6,100.9,99.6,99.9,6601
42468,100.05,101.4,99.5,101.1,6835
42471,100.75,101.3,99.6,99.7,5455
42472,99.9,102.05,99.75,101.8,7928
42473,101.6,104.2,101.6,103.3,10636
42474,103.75,104.35,103.2,103.55,4916
42475,103.3,103.4,102.55,103.3,2640
42478,103.1,104.75,102.6,104.55,8027
42479,104,105.4,104,105.15,4095
42480,105.05,107.6,104.9,107.4,7766
42481,107.6,109,106.95,108.35,10880
42482,108.5,110.5,108,109.7,7848
42485,109.6,110.15,108.4,109.9,8306
42486,109.7,109.85,108.4,109.1,7831
42487,108.95,109.7,108.05,109.45,8524
42488,108.9,110.6,108.45,110.4,6271
42489,110.8,111.6,110.65,111.35,4012
42492,111.35,111.5,110.85,111.15,2135
42493,110.9,111.65,108.2,108.75,14920
42494,108.45,109.55,108.1,108.7,8021
42495,108.55,108.7,106.8,106.9,8102
42496,106.85,107.65,106,106.4,8148
42499,105.6,105.6,103.85,103.95,7205
42500,104.2,104.45,103.3,103.7,6673
42501,104.2,105.1,103.85,104.1,6977
42502,104.35,105.2,102.75,103.2,10127
42503,103.25,103.5,102.3,102.95,6162
42506,103.25,103.6,102.55,103.5,6391
42507,103.45,104.15,103.05,103.15,5801
42508,102.9,104.4,102.6,104.3,7895
42509,103.9,104.65,103.35,104.4,6534
42510,104.2,106.1,104,104.1,8880
42513,104.1,105.05,103.1,104.6,6203
42514,104.7,105.9,104.25,105.35,8477
42515,104.95,105.15,103.5,103.65,7382
42516,103.8,104.8,103.65,103.75,6919
42517,104.2,104.5,103.4,103.65,5094
42520,103.8,104,103.45,103.55,2112
42521,103.35,104.1,103.1,103.9,4181
42522,104.2,106.45,104.1,106.05,8228
42523,105.85,106.45,103.55,103.7,10694
42524,103.8,105.05,103.3,103.35,10298
42527,103.75,104.4,103.3,103.9,7777
42528,103.5,104.4,103.3,104.25,10052
42529,104.5,107.1,104.45,106.1,11718
42530,106.75,107.95,105,105.2,11444
42531,105.4,106.4,104.9,105.1,8505
42534,105,107.55,104.75,107.35,10961
42535,107,108.1,106.75,107.8,9374
42536,107.6,108.9,107.35,108.65,8994
42537,108.35,108.45,106.9,107.6,8276
42538,108,108.4,107.15,108.05,7103
42541,107.8,110,107.8,109.9,5590
42542,109.65,110.45,109.45,110.3,6993
42543,110.05,110.35,109.35,109.6,5889
42544,109.4,110.15,109.3,110,4033
42545,109.2,109.8,108.1,109.15,8939
42548,109.2,109.6,107.8,107.9,6787
42549,108.2,110.1,108.2,109.75,5581
42550,109.7,109.85,108.9,109.75,4151
42551,109.6,110.8,109.55,110.6,3082
42552,111.4,112.15,111.1,111.75,7415
42555,111.7,112.45,110.65,110.75,6069
42556,110.3,111.7,110.15,111.5,7867
42557,110.9,111.65,110.25,111.4,4601
42558,111.45,111.7,110.35,110.45,6735
42559,110.7,112,110.55,111.25,7288
42562,111.5,111.95,110.35,110.65,4884
42563,110.55,112.2,110.35,112,7006
42564,112.35,112.8,111.25,111.6,5821
42565,111.6,112.3,111.35,112.1,4638
42566,112.3,113.55,111.15,111.45,8367
42569,111.5,111.75,110.55,110.85,5921
42570,110.75,111,109.35,109.75,6435
42571,109.75,109.95,107.8,108.35,7475
42572,108.45,109,106.75,106.85,8025
42573,106.35,107.95,106.35,107.45,6514
42576,107.7,108.05,106.9,107.65,5734
42577,107.4,108.05,106.8,106.95,5060
42578,106.85,106.95,106.1,106.45,4670
42579,106.7,107.25,106.45,107,3767
42580,107.15,110,106.9,108.45,4185
42583,109.75,111.15,108.85,109,7614
42584,109.45,110.1,108.35,108.45,5523
42585,108.6,110.25,108.2,109.85,7835
42586,109.55,109.95,108.3,108.55,6945
42587,108.85,110.05,108.85,109.95,6279
42590,110.1,110.6,109.35,109.7,5392
42591,109.8,109.95,109.25,109.6,3364
42592,109.65,110.85,109.4,109.6,6065
42593,109.8,110.5,109.65,110.35,5342
42594,110.3,110.45,109.5,110.15,5930
42598,110.35,113,110.35,112.85,7839
42599,112.45,113.25,112.4,113.15,5670
42600,113,113.7,112,112.1,5147
42601,112.05,112.4,110.8,111.4,6626
42604,111.1,111.6,110.8,111.5,3662
42605,111.55,111.75,110.95,111.55,3390
42606,111.4,111.45,109.7,110.1,5089
42607,110.05,110.2,108.8,109.45,4477
42608,109.85,110.1,109,109.55,3734
42611,109.65,109.85,109.4,109.5,758
42612,109.7,109.8,108.15,108.25,5352
42613,108.4,108.4,106.95,107.2,2413
42614,108.25,108.5,106.9,107.7,7172
42615,107.8,107.9,105.85,105.95,6873
42618,105.7,105.7,104.55,104.85,3745
42619,105.1,105.75,104.85,105,6256
42620,105.4,106.05,105.2,105.4,5292
42621,105.4,105.55,104.7,105.45,6626
42622,105.5,105.8,104.75,104.85,4065
42625,105.6,105.6,104.05,104.2,4534
42626,104.45,104.7,104.1,104.35,2568
42627,104.2,105.65,104,105.3,6501
42628,105.45,106.25,104.1,104.45,7080
42629,104.4,105.6,104.4,105.15,6888
42632,104.9,105.55,104.55,105.4,4972
42633,105.5,105.9,105,105.1,5094
42634,105.3,105.85,105.05,105.55,5101
42635,105.8,108.4,105.8,108.3,10900
42636,108.35,109.7,108.2,108.7,10891
42639,108.1,110.25,107.9,109.9,9038
42640,109.55,110.35,108.45,108.7,7528
42641,108.9,110,108.8,109.7,5316
42642,110.1,111.1,110.1,111,5037
42643,110.25,111.05,109.75,110.55,3221
42646,111.05,112.3,110.2,111.25,6133
42647,111.15,111.4,110.5,111.05,5022
42648,110.95,111.35,110.35,111.15,5228
42649,110.75,111.7,110.65,111.65,4694
42650,111.85,112,111.15,111.35,3058
42653,111.7,112.2,111.4,112,2579
42654,111.5,112.1,111,111.85,3779
42655,112.05,112.5,111.8,111.95,1722
42656,111.95,112.9,111.65,112.75,5975
42657,112.85,112.95,111,111.15,4604
42660,111.2,111.4,109.75,111,6252
42661,111,111.7,108.85,109.2,7859
42662,109.05,109.05,107.5,108.45,7903
42663,108.5,108.75,107.15,107.7,5434
42664,108.2,108.8,107.6,108.65,5359
42667,108.85,109.15,108.45,109.05,4234
42668,109.3,112.2,109.3,111.3,9375
42669,111.4,112.2,110.85,112.05,4647
42670,111.7,113.45,111.5,113.25,6362
42671,113.25,115,113.25,114.9,6115
42675,115.65,116.15,114.7,115.55,6196
42676,114.8,115.15,113.5,114.65,8347
42677,114.3,115.75,114.2,115.2,6253
42678,115,115.45,114.4,114.75,5162
42681,116,116.5,114.25,115.15,6322
42682,115.15,115.25,113.75,114.8,6749
42683,114,116.95,113.5,116.3,6967
42684,116.65,118.75,116.4,118.5,7631
42685,118.25,120.7,117.25,117.4,11292
42688,117.9,119,116.85,118,4893
42689,117.95,118.35,115.7,117.3,6587
42690,116.2,116.5,115.3,115.45,5582
42691,115.2,115.2,113.8,114.7,4805
42692,114.6,115.65,114.4,115.35,4540
42695,115.9,117.65,115.9,117.55,4321
42696,117.9,120.25,117.9,120.15,7709
42697,119.95,122.6,119.6,122,7587
42698,122.4,122.45,120.75,120.95,5986
42699,120.4,120.8,119.15,120.6,7158
42702,121.7,122.5,118.25,118.65,8011
42703,118.7,119.1,116.9,117.7,5370
42704,117.1,118.6,116.55,117.45,3061
42705,119,119.25,117.15,117.4,4838
42706,117.5,117.5,116.35,116.85,4024
42709,117.1,118.35,117.05,117.75,3539
42710,117.05,117.35,115.6,115.9,5060
42711,115.75,117.5,115.55,115.95,6539
42712,116.05,116.9,115.4,116.65,4937
42713,117.1,118.6,117.05,118.2,5105
42716,117.8,118.25,117.1,117.25,2577
42717,117.1,118.25,117.05,117.8,3578
42718,117.75,118.1,116.95,117.9,4268
42719,117.85,118.8,117.5,118.5,4692
42720,118.5,118.7,116.7,117.05,4337
42723,117,117,116.05,116.55,4913
42724,116.2,117.7,115.95,117.55,4384
42725,117.3,117.85,117.05,117.55,3043
42726,117.3,118.2,117.1,117.9,4894
42727,117.65,117.85,117.25,117.75,2895
42730,117.45,119.3,116.95,117.3,1008
42731,117.5,118.45,117.25,118.3,1114
42732,118.3,118.95,117.1,117.2,3644
42733,117.2,117.25,115.25,115.6,3278
42734,116.25,117.15,115.5,116.35,1995
42737,115,115.5,115,115.4,396
42738,115.25,116,114.8,115.25,3032
42739,115.4,115.5,114.6,114.95,3238
42740,115.2,116.1,115.1,115.5,3669
42741,115.45,116.95,115.3,116.65,3749
42744,116.95,117.55,116.3,117.45,2882
42745,117.35,119.45,117.25,119.05,4545
42746,119.15,120.2,118.9,119.55,4592
42747,119.1,121.9,119.05,121.5,5786
42748,121.95,123.65,121.2,123.45,5178
42751,123.15,123.9,121.65,121.8,4939
42752,120.9,122.9,120.65,122.25,5242
42753,122,124.9,122,123.95,5527
42754,123.9,124.8,123.7,124.3,4251
42755,124,126.55,123.55,126,6714
42758,126.75,127.75,125.6,126.1,5635
42759,126.85,128.25,125.1,127.25,6702
42760,127,127.75,124.25,124.85,6877
42762,124.65,124.65,123.05,124.1,4314
42765,124.25,124.25,122,122.2,3990
42766,122.4,123.25,121.9,122.6,1993
42767,122.95,123.5,121.55,122.2,4294
42768,122.4,122.9,121.75,122.45,2735
42769,122.25,122.9,121.8,122.8,4740
42772,122.6,123.35,121.85,123.05,4212
42773,122.65,123,122.35,122.75,2473
42774,122.85,123.9,122.7,123.2,3897
42775,123.05,123.7,122.75,122.95,4362
42776,122.7,124.95,122.7,124.85,7428
42779,125.2,126,124.95,125.05,6016
42780,125.75,127.15,125.45,125.9,7736
42781,126.4,127.45,125.2,127.35,7500
42782,127.35,127.45,125.8,127.05,8457
42783,126.95,126.95,124.65,125.65,7238
42786,125.7,126.85,125.25,126.7,4981
42787,126.2,126.5,125.25,125.4,4292
42788,125,126.2,124.55,126.05,5250
42789,125.5,125.75,123.55,123.9,5975
42790,124.75,126.05,124.7,125.9,2873
42793,125.3,127.45,125.3,126.9,6184
42794,126.65,126.9,126.25,126.55,1785
42795,128.2,130.6,128.2,129.85,8518
42796,129.5,129.6,127.25,127.5,8755
42797,127.3,128.2,125.55,126.15,6570
42800,125.65,125.8,124.1,125.1,7592
42801,124.9,125.35,124.1,125.25,5388
42802,125.6,125.95,124.75,125,5767
42803,124.85,125.1,123.25,124.7,6987
42804,124.95,126.6,123.9,124.6,6672
42807,125.95,125.95,123.8,123.9,2456
42808,124.1,124.35,121.6,122.3,7254
42809,122.6,123.4,121.9,123.3,4102
42810,123.3,124.8,123.2,123.85,4689
42811,124,125,123.3,124.9,5616
42814,124.5,125.5,123.95,124.9,5675
42815,124.65,125.95,124.35,125.3,5726
42816,125.2,126,124.35,125.4,7767
42817,125.3,125.9,125,125.8,5570
42818,125.65,126.3,125.4,126.15,4590
42821,125.8,125.8,124,125.1,5411
42822,124.9,126.2,124.6,126.05,4198
42823,125.7,126.75,125.35,126.25,4950
42824,126,127.75,126,126.95,4922
42825,126.65,127.25,125.75,126.1,2324
42828,126.6,127.7,126.2,126.3,7570
42829,126.6,126.9,125.7,125.85,3012
42830,127.1,128,126.75,127.5,7571
42831,127.05,127.5,125.65,125.75,6668
42832,125.9,126.05,123.9,125.75,7323
42835,125.2,125.7,123.6,123.75,6295
42836,124.25,124.25,123.1,123.75,4933
42837,124.1,124.1,122.3,122.35,5709
42838,122.8,123.3,122.25,123.1,5412
42842,122.5,124.5,122.5,124.35,3672
42843,124.65,125.45,121.8,122,10865
42844,122.5,123.25,122,123.15,5094
42845,123.1,125.7,122.7,125.65,7224
42846,125.55,126.35,124.5,124.6,5993
42849,124.7,125.3,124.05,125.2,3909
42850,124.95,125.8,124.35,125.6,4944
42851,124.5,125.7,124.5,125.6,3788
42852,125.15,125.95,122.65,122.75,4944
42853,123.4,123.75,122.7,123.35,2307
42857,123.3,123.85,122.2,123.75,4356
42858,123.25,123.7,122.6,123.15,4889
42859,123.15,123.15,122.05,122.9,5434
42860,122.8,123.4,121.75,122.05,5388
42863,122,122,120.45,120.9,5113
42864,121.1,121.7,120.65,121.05,4097
42865,121.15,121.2,120.35,120.6,4597
42866,120.65,121.8,120.35,120.85,6061
42867,120.75,121.55,120.65,121.2,4802
42870,121.25,122.4,121.2,122.25,4905
42871,122.3,123.65,121.7,123.45,6726
42872,123.25,123.85,123.1,123.7,4676
42873,123.35,125,122.55,124.9,7619
42874,124.5,125.9,124.4,125.35,5954
42877,125,125.55,124.85,125.25,3457
42878,125,126.5,124.55,126.45,5401
42879,126,126.6,125.25,126.1,5782
42880,125.8,126.45,125.55,126.3,5372
42881,126.6,126.9,125.7,125.9,3494
42884,125.7,126.05,125.7,125.95,623
42885,126.1,126.35,123.6,124.3,4503
42886,124.3,124.3,123.1,123.3,2060
42887,124.2,125.1,123.6,124.2,6060
42888,124.15,124.4,122.85,123.85,6374
42891,123.6,124,122.1,122.25,4670
42892,122.45,122.8,121.45,122.5,5061
42893,122.45,123.1,122,122.4,4198
42894,122.75,123.3,121.8,122.1,4391
42895,122.15,122.7,121.2,122.6,5327
42898,122.3,122.35,121.2,121.25,4284
42899,121.5,121.75,120.55,121.35,4333
42900,121.6,121.65,120,120.15,4846
42901,120.5,120.85,120.25,120.7,3399
42902,120.95,121.15,120.1,120.25,3207
42905,120.75,121.5,120.4,121.4,5397
42906,121.3,122.6,121.3,121.45,5589
42907,121.65,121.7,120.15,120.25,6546
42908,120.5,121.25,120,120.4,5209
42909,120.35,120.95,119.9,120,3697
42912,120.1,120.2,119.2,120,2300
42913,120,121.4,119.5,121.3,4940
42914,121.3,121.95,121.15,121.85,4082
42915,122.15,123.75,122.05,123.6,4434
42916,123.2,123.65,123,123.5,1565
42919,124.75,125.15,124.15,124.9,4150
42920,124.5,124.9,123.7,124.8,3953
42921,124.7,124.95,124.2,124.85,4209
42922,124.55,125.8,124.3,125.3,5186
42923,125.2,125.65,124.1,124.45,4403
42926,124.35,124.45,121.8,121.95,6038
42927,122.2,122.6,121.55,122.15,4455
42928,122.45,122.6,120.9,121.2,5175
42929,121.8,124.6,121.65,123.4,12448
42930,123.65,123.85,122.8,123.1,5964
42933,123.5,124.2,121.5,122.2,7867
42934,122.35,123.25,121.45,123,6399
42935,122.7,123.5,122.1,122.4,6692
42936,122.85,123.1,122,122.3,5486
42937,122.45,123.1,122.1,122.45,5252
42940,122.65,122.9,121.8,122,4486
42941,122.45,124.45,122.25,123.95,7671
42942,124.9,125.4,123.25,123.55,8392
42943,123.5,124.3,122.9,123.15,6254
42944,123.1,123.1,121,121.15,6555
42947,121.35,122.05,121.25,121.65,3039
42948,122.5,122.65,121.75,121.85,4063
42949,122.25,123.65,121.9,122.15,8519
42950,122.1,122.3,121.35,121.55,5112
42951,121.5,121.75,120.95,121.1,5723
42954,121.5,125.65,121.5,125.55,14165
42955,125.4,129.3,125.25,128.8,15343
42956,129.15,130.2,128.25,128.8,11083
42957,129.45,130.7,128.65,129.8,12272
42958,129.2,130.45,128.85,130.3,9950
42961,129.6,130,128.85,128.95,7141
42963,129.7,134.2,129.7,133.15,10763
42964,134.35,134.4,131.55,131.85,6709
42965,132,133.6,130.8,131.05,7684
42968,132.5,133.8,131.45,132.6,7670
42969,132.55,132.6,131.55,131.95,6736
42970,131.6,134.6,130.8,133.95,8877
42971,133.55,134.6,132.65,133.35,6664
42972,133,133.3,130.95,131.3,3986
42975,130.7,132.1,130.7,131.95,1682
42976,131.85,133.45,131.4,132.95,4751
42977,132.6,133.45,132.1,132.85,5622
42978,133.35,135.9,133.05,135.2,3368
42979,135.3,136.55,135,136.05,6454
42982,135.4,136.2,134.1,135,5763
42983,134.45,135.1,133.1,133.35,6448
42984,133.7,134.75,132.3,134.65,6791
42985,134.25,134.7,132.95,134.45,7499
42986,134.2,134.6,132.4,132.85,7835
42989,133.25,135.4,133.1,134.5,7576
42990,134.4,135.6,133.8,135.5,7149
42991,134.75,135.25,133.3,134.1,7159
42992,134.5,134.75,131.9,133.55,9065
42993,133,133.3,131.5,132.35,7139
42996,132.75,133.35,132.15,132.8,5991
42997,133,135.85,133,135.3,10363
42998,135.5,139.4,135.35,139.1,16505
42999,138.6,141.4,137.45,138.35,14849
43000,137.5,139.2,136.1,138.95,10046
43003,138.2,139.25,137.4,138.8,7281
43004,139.1,139.8,137.4,137.55,6833
43005,138.05,139.35,137.7,138.15,5526
43006,138.15,138.75,137.1,138.4,5819
43007,138.1,138.75,137.55,137.8,2597
43011,137.3,139.9,137.15,139.65,7686
43012,139.6,140.4,138.8,139.95,8972
43013,139.8,140.7,139.05,140.65,7509
43014,140.75,140.85,139.3,139.85,4637
43017,139.7,141.4,139.55,141.05,6161
43018,140.55,140.8,139.3,140.3,7614
43019,139.9,140.1,138.1,138.45,8617
43020,138.2,139,138,138.8,6023
43021,138.85,139.85,136.8,137.5,7468
43024,137.95,138.85,136.6,137.05,7438
43025,137.5,138.6,137.05,137.95,7140
43026,137.7,137.7,136.35,136.7,5546
43027,137.6,138.4,137.6,138.15,1460
43028,138.5,140.6,138,138.1,5161
43031,138.75,138.9,137.75,138.45,3391
43032,138.45,140.3,138.15,140.25,5581
43033,140,141.3,139.15,141.2,5911
43034,141.5,142.6,140.5,141.65,6453
43035,141.25,141.25,137.95,140.55,8528
43038,140.05,140.35,138.55,138.75,5324
43039,138.8,139.7,137.55,138.2,3140
43040,140.2,142.7,139.05,140.15,13367
43041,141.3,141.3,139.15,139.85,7154
43042,140.15,141.25,139.75,140.95,7384
43045,140.9,141.1,139.5,139.65,7011
43046,140,140.2,138.5,138.8,6801
43047,138.7,139.1,136.1,136.2,9850
43048,136.15,136.95,134.8,135.95,8909
43049,135.8,137.3,135.25,137.2,6499
43052,137.25,138.4,136.8,137.85,6959
43053,137.25,137.8,135.75,135.95,6927
43054,135.8,137.65,134.65,136.95,8776
43055,137.5,138.55,136.3,136.55,9053
43056,136.4,137.15,135,136.25,6589
43059,135.2,135.45,134.4,135.05,8020
43060,134.65,134.95,133.9,134.4,6207
43061,134.7,136.1,134.65,135.45,6737
43062,135.65,135.95,134.95,135.8,4424
43063,136,137.1,135.85,136.85,4389
43066,136.6,137.05,135.55,136.9,5034
43067,135.9,136,134.15,134.3,6478
43068,134.6,135,131.35,131.6,8617
43069,130.85,132.15,130.4,131.45,4261
43070,132.3,134.2,132,133.75,6953
43073,133.3,133.55,132.65,133.05,4961
43074,133.1,133.15,131.55,132,8717
43075,131.7,131.85,129.95,130.2,6648
43076,130,130.4,128.7,129.6,7897
43077,129.95,130.3,128.8,129.4,5634
43080,129.25,130.05,128.6,129.95,5342
43081,129.6,130.1,129,129.7,5950
43082,129.65,129.85,128.4,129.15,5460
43083,129.5,131.35,129.2,131,8163
43084,130.65,132.4,130.4,131.65,6945
43087,132.1,132.6,131.8,132.55,4458
43088,132.25,133.95,131.95,133.9,7231
43089,133.6,135.05,133.25,135,6821
43090,134.85,136.9,134.7,136.8,7551
43091,136.2,140.2,136.05,139.6,11070
43095,139.3,139.55,138.5,138.75,3622
43096,138.75,144.05,138.6,143.55,12189
43097,142.8,145.95,142.6,145.4,10283
43098,144.2,145.3,143.1,143.9,7063
43101,145.05,145.35,144.55,144.65,1313
43102,144.1,145.45,143.25,143.45,10395
43103,142.75,143.15,141.05,141.4,8810
43104,140.75,142.7,140.5,142,8271
43105,142,142.3,139,139.2,10983
43108,139.35,140,137.6,137.75,9170
43109,138.05,138.3,136.6,136.9,6771
43110,137.45,139.1,137.1,138.9,8287
43111,139.95,140.35,138,138.8,9734
43112,138.8,141.45,138.6,141,11099
43115,142,142.55,141,141.1,7112
43116,140.8,141.05,139,140.35,7533
43117,139.6,140.55,139.35,140.3,7383
43118,140.5,143.65,139.85,143.5,11453
43119,142.85,144.9,141.6,141.75,12153
43122,141.9,143.85,141.65,143.55,7366
43123,143.15,143.3,140.85,141.85,9451
43124,141.8,143.1,140.55,142.75,8152
43125,143.5,144.05,141.5,141.6,7642
43129,141.65,144.15,141.4,141.55,5671
43130,141.15,142.2,139.85,141.1,7257
43131,141.25,141.75,140.5,141.1,3266
43132,141,142.7,139.4,142.55,9008
43133,142.45,143.15,141.45,141.7,6736
43136,141.25,141.7,140.5,141.4,5158
43137,140.7,141.15,139.2,139.3,8170
43138,140.6,140.8,138.3,139.1,10369
43139,139.4,140.3,138.15,140.2,8986
43140,139.6,139.75,136.8,137.1,12933
43143,137,138.25,136.15,136.95,7372
43144,136.85,137.7,136.5,137.4,4083
43145,137.15,140.5,135.55,139.65,14865
43146,140.8,140.8,136.65,137.75,10272
43147,137.7,142.1,137.65,141.6,12524
43150,141.45,144.05,139.85,142.8,16688
43151,142.4,143.7,141.95,142.05,9744
43152,141.8,142.95,140.4,142.75,12116
43153,141.6,142.35,140.65,142.15,10415
43154,142,142.5,139.65,140.15,11209
43157,141.95,141.95,139.45,139.55,8061
43158,140.1,140.85,139.6,140.6,7138
43159,140.7,141,140.15,140.5,3306
43160,139.8,141.25,138.4,140.4,16066
43161,139.8,140.9,139.8,140.35,4048
43164,139.8,140.25,139.05,139.6,9583
43165,139.35,140.1,138.35,138.5,8946
43166,138.6,138.8,136.05,136.35,9630
43167,136,137.25,135.8,136.9,8548
43168,136.8,138.3,135.9,137.4,12307
43171,137.05,137.35,135.4,135.5,8366
43172,135.45,136.15,134.65,135.55,8236
43173,135.8,137.25,134.95,135.1,10377
43174,135.6,135.85,134.1,134.8,8310
43175,134.7,135.35,134.15,134.95,8314
43178,134.85,135.95,134.05,135.4,7830
43179,134.85,135.75,134.4,134.8,8218
43180,134.75,135.35,133.7,134.5,8485
43181,135.25,135.9,133.7,133.75,9235
43182,133.35,134.15,132.2,132.4,6270
43185,132.3,132.6,131.45,131.6,6412
43186,131.8,132.65,131.05,131.15,6312
43187,131.1,131.3,129.7,130.35,4641
43192,131.3,132.1,130.85,131.3,3304
43193,132.05,132.3,128.7,129.6,12572
43194,129.8,130.2,128.8,129.35,9104
43195,129.9,130.55,128.3,130.05,13082
43196,129.95,133.3,128.65,133,18233
43199,133.55,139.7,133.55,139.3,39743
43200,139.75,146.45,138.4,144.6,28734
43201,144.05,149.45,144.05,147.25,31590
43202,146.9,153.5,144.7,152,33078
43203,151.8,155.75,149.25,149.75,38540
43206,150.2,158.55,150.2,156.75,25616
43207,157.4,160.8,154.95,159.15,34250
43208,158.1,169.3,158.1,168.75,36006
43209,170.5,178.85,160,165.3,63760
43210,162.7,168.3,160.95,165.9,33342
43213,166.5,169.2,150.25,151,44654
43214,150.35,152.3,145.55,146.35,30772
43215,146.3,152.2,146.25,149.45,25349
43216,148.5,154.15,146.6,152.2,25871
43217,152,153.85,147.45,148.8,21470
43221,150.5,152.5,149.5,151.35,7817
43222,151.05,156.7,150.35,156.1,18488
43223,155.1,157.9,151.8,152.75,19937
43224,153.65,159.3,153.6,158.65,21786
43227,159.5,159.9,157.3,159.35,4795
43228,160.15,161.4,157,159.95,19565
43229,161.4,161.55,155.2,159.75,22238
43230,158.6,158.6,155.4,155.65,15405
43231,155.5,156.15,152.85,153.55,16081
43234,153.7,157.65,153.15,157.2,13614
43235,157.45,159.9,154.6,159.5,14293
43236,159.1,159.65,158.15,158.6,11743
43237,159.5,159.8,154,156.4,19600
43238,155.95,158,153.8,154.8,16668
43241,154.85,156.75,154.35,155.75,8715
43242,155,156.15,153.75,154.05,10006
43243,154.45,155.5,153.1,155.15,8874
43244,155.8,157.15,154.15,156.9,9438
43245,156.5,157.35,152.75,153.1,8193
43248,154.95,155,152,153.15,2603
43249,153.8,154.3,152.6,153.8,8963
43250,153.25,154.1,152.15,152.85,7492
