39602,457,459,455.3,457.9,41
39603,456.1,456.9,451.4,451.9,74
39604,449.8,455.8,449.8,454.7,96
39605,454.6,459.8,454.4,459.1,101
39606,460.3,469,460.3,465.5,125
39608,465,478.5,465,472.5,193
39609,472,472,463.1,464.5,88
39610,468,472,464.5,470.7,66
39611,470.9,474,468.8,469.4,141
39612,469.8,477,469.8,473.2,244
39613,472.1,474.8,469.2,472.4,64
39615,475.5,491.3,475.5,490.9,571
39616,500.1,510.5,500.1,510.5,345
39617,525.8,530.9,509,518.1,732
39618,522,537.2,519.5,526.6,743
39619,521.5,522,512.1,514.7,357
39620,518,527.2,518,525.7,206
39622,521.7,525,513.6,515.3,160
39623,517,523,507.2,509.7,195
39624,506,512.9,499.3,502.2,146
39625,500,500,493.1,494.5,79
39626,492,514.3,492,513.8,56
39627,515,515.2,500,504.2,18
39629,519.3,524.4,516,524,59
39630,532,553.5,528.5,540.5,1284
39631,544,554,535,536.5,837
39632,545.6,548,538.5,546.1,657
39633,551.5,567.9,549,567.9,1258
39634,584.8,590.6,584.8,590.6,145
39636,608.3,614.2,608,613.9,728
39637,609.7,638.4,603,615.4,2892
39638,621,640,612,639.2,2298
39639,643,664.8,638.5,664.8,2203
39640,684.7,691.4,684.7,691.4,255
39641,712.1,719.1,712.1,719.1,61
39643,740.7,747.9,729,740.1,1164
39644,747.4,769,712,753.3,2905
39645,745,754,723.2,726.5,1231
39646,734,748,731,734.8,902
39647,740.1,745.8,705.4,705.4,865
39648,693,733.6,677.2,726.3,1298
39650,737,745.3,711.1,728.7,1227
39651,731,736.4,722,729.4,484
39652,734,757.6,729,738,982
39653,750.2,767.5,740.2,762.9,521
39654,774.8,775.9,755,758.2,518
39655,752,752.3,735.5,737.4,235
39657,730,730,707.9,707.9,255
39658,704,708.6,679.6,679.7,87
39659,698.8,698.8,665,686.5,102
39660,686.1,700,682,689.1,44
39661,700,700,676.4,676.4,1372
39662,677.4,690,657,664.7,1673
39664,658,670,652.6,660.9,1658
39665,660,664,645,656.8,1527
39666,652.9,652.9,642.2,645.8,1159
39667,643.9,660.9,642.2,653.7,996
39668,660,676.9,660,674.1,1303
39669,679,690,655.5,659.6,1172
39671,660,661,642.6,646.6,1146
39672,642.6,642.6,634.2,637,788
39673,634.8,645.6,612.2,614.2,1131
39674,619,632.6,617.6,630.2,935
39676,632.6,632.6,616,620.9,466
39678,616,629.5,616,624.7,564
39679,619.7,622.9,608,610.3,725
39680,614.4,623.8,613,620.2,744
39681,623,625.5,619.1,624.1,655
39682,627.5,649.1,625.1,647.6,1232
39683,642,643,632.5,636.1,485
39685,635,635,627,628.6,386
39686,627,629,612.9,625,451
39687,628,628.4,620.2,622,268
39688,620.2,625,615.1,618.3,285
39689,620,625,615.5,621.4,387
39692,627.5,627.6,615.5,617.9,867
39693,614.8,614.8,601.9,609.7,982
39694,609.7,609.7,609.7,609.7,NaN
39695,603.3,621.9,603.3,619.2,938
39696,617,618.5,606.3,609.9,754
39697,605,611,604,606.3,627
39699,610,615.9,609.1,611.5,595
39700,612.1,618.9,610.1,617.5,828
39701,619.9,634.4,617.1,631.6,1324
39702,630.5,633.5,625,627.4,960
39703,624.2,627.9,620.1,621.9,671
39704,618,622.7,615.8,617.7,486
39706,617.9,618,607.8,609.1,604
39707,606,620.8,605.6,618.3,792
39708,621.3,625.4,614,616.2,847
39709,616,620.1,607.5,617.3,501
39710,621,624,615.3,622.3,577
39711,621,627,620.3,624.3,574
39713,627.2,632,623.2,625.7,709
39714,625.9,625.9,619.4,620.6,437
39715,618,620,613,613.7,428
39716,613.1,615.1,609,612.2,602
39717,611,613.4,607.7,610.9,673
39718,609.1,611,606.1,607.3,455
39720,607,607,584,587.5,731
39721,586.5,595,564,586.4,599
39722,601.4,610,597,600,636
39724,599.4,599.4,583,584.6,543
39725,582.5,582.5,571.9,578.8,490
39727,582.5,587.9,575.3,584.2,533
39728,585,589.7,581.5,586.8,310
39729,582.5,584.8,569.2,570.8,361
39730,570.8,570.8,570.8,570.8,NaN
39731,565,566,548,548,321
39732,531.6,541,526.1,526.2,721
39734,515.5,542.2,512.1,540.7,501
39735,542.3,556.1,539.9,554.4,630
39736,556,556,537.8,539.2,634
39737,532,535.7,523,526.3,525
39738,531.5,537.5,511,518.7,560
39739,518,525.5,518,522.7,283
39741,520.1,529,518.3,526.5,336
39742,527.4,528,520.3,522.4,281
39743,520,520,506.7,507.8,569
39744,502,502.4,487.5,487.6,710
39745,480,491,468.1,472.1,1423
39746,469,491,464,491,385
39748,489.1,502.9,489.1,499.2,475
39749,495.5,503,495.4,501,97
39750,502,505,486,492.2,493
39751,492.2,492.2,492.2,492.2,NaN
39752,487.1,505.8,487.1,497.7,NaN
39755,517,529.9,495.4,495.5,896
39756,491,503.3,486.2,499.7,521
39757,503,505.7,496.5,501,372
39758,497.5,500.8,494.6,499.7,176
39759,500,508,496.1,497.7,422
39760,498.3,502.8,498,499.5,144
39762,496.5,496.5,485,486.7,481
39763,482.6,488.5,472.1,472.9,707
39764,474,479.5,467.5,476,551
39765,476,476,476,476,NaN
39766,476.2,485.1,476.1,483,521
39767,478,482,475.1,478,766
39769,472,475.6,466.2,473.7,761
39770,476,476,464.2,465.8,774
39771,466.5,466.5,447.2,448.3,985
39772,446,464,446,459.8,1323
39773,460.3,469,456.5,463.5,715
39774,461.1,482,459.4,482,664
39776,495,501.3,484.5,498.1,697
39777,502.2,511,496,497.6,465
39778,495,500,488,494.6,445
39780,494.1,509.4,492.4,506.9,651
39783,521,536.7,521,526.1,1088
39784,521,521.5,507.3,515.7,1014
39785,515.5,520.9,506.5,511.4,861
39786,518,531.9,511.5,531.9,1049
39787,537.5,547.8,518,526.2,1896
39788,526.9,528,513.4,516.6,748
39790,512.1,528,507,524.5,1076
39791,524.5,524.5,524.5,524.5,NaN
39792,525,531.5,520,529.4,1500
39793,531.5,549,530.5,546.8,1405
39794,539,542,530.4,531.6,955
39795,535.7,547.5,531,545.2,907
39797,550,560,548,552.2,1242
39798,547.7,558.8,544.6,556.2,1067
39799,561,578.4,560.5,578.4,1390
39800,587,601.5,581,601.4,1519
39801,596.5,603.1,583.3,584.6,1176
39802,586,608,586,603.4,1091
39804,607.9,619,579.3,579.7,1856
39805,575,578.7,556.5,556.5,925
39806,547.5,549,534.2,534.2,766
39808,525,534.7,512.8,530,826
39809,530,543.9,530,542.6,523
39811,534,534,521.6,525.5,618
39812,523.4,528.9,514.8,523.5,403
39813,525.6,543,519,537.6,623
39814,546,563.3,543.5,559.7,1734
39815,557.1,574,548.2,571.3,1700
39816,572,578.9,564.5,568.8,1306
39818,571,576.6,555.3,559.3,1627
39819,557,567,550,551.5,1300
39820,554.9,558.5,544.1,547.8,1467
39821,546.4,552.5,540.2,549.8,1049
39822,552,561.5,549,553.5,1054
39823,551,551,544.2,546.2,701
39825,543,545.4,536,540.3,781
39826,538,547,537.5,544.2,697
39827,547,553.9,541,544,852
39828,541,542,531.5,533.5,769
39829,530.2,533.5,524.6,530.1,838
39830,527.1,529,523,524.6,517
39832,528.3,540.3,524.3,538.7,925
39833,541,543.7,528.7,540.2,1292
39834,537.5,541.9,533.7,538.5,723
39835,540,540,534.1,535.3,408
39836,536.5,547.7,535,546.2,914
39837,548.5,549.4,538,540,370
39840,538.1,539.3,529.5,532.1,266
39841,531,531.3,518,519.5,408
39842,521,526.5,519,521.9,348
39843,524,532.8,520,523.9,274
39846,537,541,534.1,536.3,432
39847,537.2,538.8,532.2,534.7,350
39848,532.1,533,526.7,529.4,757
39849,528.4,534,525.6,531.8,651
39850,531.5,536.7,528.6,531.6,622
39851,530,532.7,529,531.9,166
39853,533,534.7,531,532.5,507
39854,532,533.7,529,530.6,217
39855,532.5,532.5,524.1,524.9,281
39856,524,527.5,520.8,526.5,306
39857,527,531.4,523,523.9,285
39858,522.5,522.5,517.5,518.9,383
39860,520,523,515.2,516.2,383
39861,515,515,507.2,507.6,352
39862,509,509,502.1,506.3,330
39863,509,510.6,503.2,504.4,258
39864,503.1,504.8,497.2,503.4,391
39865,505,511.9,503.1,508.8,256
39867,508.8,508.8,508.8,508.8,NaN
39868,510.2,517.7,504.3,515.5,376
39869,515,517.8,510.1,511.8,222
39870,510,517,509.2,515,201
39871,511.6,521,511.5,517,421
39874,522.7,531.7,521.5,530.5,420
39875,531.5,539.5,528,531.4,745
39876,530,534.9,528,530,464
39877,531.2,551.2,528.3,547.6,776
39878,545,556.9,545,554.5,803
39879,554.9,557.5,551,552,304
39881,552.3,573.9,549.5,570.7,849
39882,571.7,583,571.7,578.6,984
39883,578.6,578.6,578.6,578.6,NaN
39884,579.1,579.1,571.9,573.4,672
39885,574,592,574,588.2,1117
39886,589,598.4,586,595.8,586
39888,599,603.9,589.4,597.4,1176
39889,591.5,591.5,579.5,580,808
39890,577,580,571.8,574,872
39891,572.5,583.3,572.5,578.3,498
39892,576.5,576.5,570,572.5,346
39893,570.5,571.7,567,570.4,293
39895,571,578,567.5,569.4,506
39896,569.8,571.5,560.1,561.5,461
39897,564,564,555.8,556.6,397
39898,557.1,563.9,540.5,545.1,653
39899,546.5,546.8,541.5,544.7,250
39900,549,549,542,547.1,312
39902,546.6,550,544.5,545.7,232
39903,547,559.9,542,550.9,710
39904,558.5,569.4,558.2,567.3,645
39905,569,570.6,560.1,561.3,648
39906,559.7,563.2,555.4,560.7,407
39907,560.2,563,556.7,561.7,162
39909,562.3,569.4,553.6,555,498
39910,555,555,555,555,NaN
39911,553,553.7,545,546.9,471
39912,545,546.6,540,542.9,345
39914,546.8,555,546,553.9,259
39916,550,558.2,548.2,550.4,414
39917,550.4,550.4,550.4,550.4,NaN
39918,551,554.4,544.5,552.2,632
39919,553.5,558,550.2,555.5,419
39920,558,558.5,551.2,552.1,196
39921,550.2,553.8,547,548.3,220
39923,548,549.7,545.2,547.9,310
39924,545.6,548.9,544.5,547.4,185
39925,546.6,552.8,545,549.9,214
39926,549.1,562,549.1,560.1,465
39927,561,562.8,557.5,560.4,402
39928,564.7,582.8,562.2,577.5,705
39930,578,582,569.4,576.4,152
39931,576,599.5,570.1,599.5,548
39932,612,617.5,575.5,575.5,691
39934,528,528,528,528,NaN
39935,530.1,539,530.1,536.1,252
39937,535.1,540,533,536.7,310
39938,535.6,542.9,535.6,541.2,249
39939,541,548,541,545.3,345
39940,547,547.1,542,543.6,249
39941,543.6,550,539,546,300
39944,547.8,557.5,547.8,554.4,338
39945,556,560.1,551,553.6,511
39946,554.4,558,552.1,553,229
39947,553,553,545.2,546.7,297
39948,548,552,542.1,544.5,356
39949,543,547,542.1,545.9,79
39951,545.2,551.2,545.2,548.6,165
39952,550.5,555.5,550,553.5,284
39953,552,556,545.5,546.9,273
39954,547,548.9,541.1,542,210
39955,541.2,547.4,541.2,545.5,175
39956,547,551,542.8,545.1,176
39958,543.5,547.9,535.5,538.5,407
39959,535,535.4,524.3,526.8,370
39960,525.5,532,524.5,530.1,141
39961,531,535.7,531,534.9,107
39962,533.5,536,533.5,535.3,177
39965,546.9,548.5,540.2,541.1,288
39966,540.5,542,531.5,532.8,302
39967,533.7,535.9,531.5,533.1,217
39968,530,530,517.1,518.3,516
39969,519,521.5,509.5,515.4,524
39970,522.3,525.5,518.5,522.8,343
39972,515,515,507.1,507.4,443
39973,509,516,503,507.9,418
39974,510.5,523.8,509.5,521.7,724
39975,519,519.9,511.5,514.4,501
39976,515,523.5,515,520.1,396
39977,527.7,527.7,521.5,523.9,307
39979,521,521,511,513.8,429
39980,512.4,519.5,511.9,518.4,388
39981,517,519.5,514,515,250
39982,514,516.9,511.8,513.8,395
39983,512,517.9,512,516.7,203
39984,516,516,512.1,514.1,197
39986,513,516.5,512.7,513.5,278
39987,513.9,516,512.9,513.5,230
39988,512.9,513.3,508.5,512.2,460
39989,513.2,514.5,505.1,506,297
39990,504.5,506.3,501.5,502.1,218
39991,501.5,501.8,498.5,500.7,167
39993,502.5,509.5,499.1,504.7,295
39994,498.5,506.9,498.5,503.8,410
39995,514.5,516.2,506.1,507.1,629
39996,506.2,509.3,504,507.7,457
39997,509,510,505.4,508.2,537
39998,509.1,510.4,504.4,505.6,463
40000,505.1,506.8,496.5,497.8,695
40001,497.6,499.8,493.7,498.5,593
40002,497.5,497.6,492.2,492.8,368
40003,492.3,495,488.5,491.8,512
40004,492.8,493.4,482.7,483.8,555
40005,484,484.7,478.6,483.1,363
40007,481,485.8,478,482.9,533
40008,482.9,486.7,475.2,477.9,683
40009,476.1,479,472,476.3,403
40010,475.1,476.9,473,474.5,233
40011,473.5,479.9,473.1,478.9,383
40012,479.9,488.5,478.4,482.7,695
40014,480.6,480.9,473.6,474.7,459
40015,473.2,474,469.7,470.2,462
40016,470.5,473.6,468.5,472.6,240
40017,475,476.5,473,474.6,346
40018,474.4,475,467.2,468.4,323
40019,468.1,470,466.6,467.7,263
40021,466.1,468.1,464.4,466.7,331
40022,467.5,470.1,463.7,464.9,343
40023,464,469.6,462.6,467.5,329
40024,469,473,465.6,471.7,315
40025,473,475,467,468.8,722
40028,477.7,489.7,477.7,487.6,1141
40029,491.4,498.8,489.3,494.1,1439
40030,492,497.4,491.7,495.5,735
40031,496.4,504.5,496.4,498.6,1348
40032,499.1,508.3,497,505,1307
40033,508.6,525.2,508.6,523.1,1880
40035,538.8,544,531.1,544,1828
40036,550,565.8,523,527.5,6611
40037,524.2,534.1,515.5,519.4,3457
40038,519,531.5,516.1,528.1,1982
40039,531.7,535.5,525,527.6,2028
40042,534.4,537,520,522.6,1603
40043,523.6,527.4,521.2,525.6,1125
40044,526.5,526.5,512.5,513.8,1034
40045,512,520.3,511.4,513.4,959
40046,516.1,519.8,512.9,518.2,543
40047,517.6,523.8,516.2,522.3,598
40049,524.5,525.5,512,514.5,1016
40050,516.5,516.5,510.5,513.1,747
40051,514.3,516.1,506.5,508.4,795
40052,508,508.8,499.7,507.9,821
40053,506,514,506,513.3,519
40054,514.1,517.9,514,515.4,448
40056,511,513.9,506.1,510.6,1040
40057,516,526.7,514.2,525.3,1720
40058,526,528.6,518.2,519.9,1198
40059,520.1,523.8,517.2,518.4,899
40060,519,519.5,512.2,513.6,757
40061,513.7,519.5,513.7,517.7,468
40063,515,518,512.9,515.3,541
40064,514.5,516,511,514.1,796
40065,513.5,518.4,513.4,515.9,761
40066,517,520.9,516,517.8,833
40067,518.9,523.5,518.6,522.9,874
40068,523.5,525,519.1,521.2,733
40070,520.5,520.9,515.2,516.6,1070
40071,516,518.5,514.5,515.6,331
40072,516,516.7,513,514,305
40073,513.5,515.6,512.6,513,357
40074,512.6,517.9,511.7,516.5,824
40075,517,520.8,516.5,519.3,567
40077,519.3,519.3,519.3,519.3,NaN
40078,520.2,520.2,514,516.3,451
40079,517,518.5,516,516.9,480
40080,517,517.9,516,516.5,430
40081,516.1,519.7,516,517,872
40082,516,516.9,510.1,511.8,903
40084,511.8,511.8,511.8,511.8,NaN
40085,510.7,513,508.5,509.1,1116
40086,508.8,513,508,510.7,1231
40087,517.1,522.9,517,520.7,717
40089,520,521.1,517.8,519.5,298
40091,519,520.8,518.3,519.1,264
40092,519.2,534.7,518,531.9,1408
40093,537,544.7,531.5,539.7,3350
40094,540.2,543.9,534,535.9,2434
40095,535.5,536,530.8,531.8,1103
40096,531.6,534.3,530.6,531.3,527
40098,530,532,518.4,519.9,1564
40099,519.9,519.9,519.9,519.9,NaN
40100,519.5,521.4,512.3,513.4,1364
40101,513,515.9,512.4,514.1,563
40102,514.9,517.5,514.9,515.8,434
40103,515.5,515.7,514.2,515.1,114
40105,515.1,515.1,515.1,515.1,NaN
40106,515,519.5,514.7,516.1,392
40107,517.5,517.9,514,514.8,305
40108,514.5,514.5,508.3,509.5,735
40109,509.2,512.8,505.5,507.7,575
40110,508.5,514.6,506.3,512.5,747
40112,513,515,512,514.5,996
40113,513.1,517.5,512.5,516.2,828
40114,517,524.3,510.1,522.6,902
40115,524,525,517.2,517.9,511
40116,517.1,519.8,515.5,516.6,625
40120,527.9,530,525.6,527.4,607
40121,528,536.7,527.1,535.2,1090
40122,536.8,536.8,533.2,535,382
40123,537.5,537.5,528.2,530.2,1132
40124,530,533.6,529.2,531.6,375
40126,534,544.8,534,542.7,1966
40127,542,544,537.1,542.2,1118
40128,542.5,547.2,538.6,545.3,1199
40129,546.9,552.2,542,543.4,2188
40130,542.1,564,539.7,560.8,2744
40131,562,577,557.8,573,2448
40133,568,576.1,561.8,566.6,3429
40134,566.4,582.3,566.4,579.6,3390
40135,580.7,588.9,579.3,583.4,3631
40136,583,586.5,567.3,569.6,3156
40137,569,581,569,578.7,1787
40138,581.5,589.8,581.5,584.9,1719
40140,586,588,579,583.3,1710
40141,586.8,587.7,582,583.8,866
40142,585,601.3,585,598.5,1720
40143,608,616,596.3,613.9,1278
40144,612.9,612.9,598.5,602.8,1009
40147,607,620.9,603.7,618.7,1373
40148,628.5,636,622,630.3,4976
40149,627.1,633.5,622.7,624.7,3037
40150,622,623,606.7,609.7,4119
40151,609,618,601.6,616.2,4321
40152,617.1,624.9,614,620.8,2867
40154,620.2,624.5,608.1,611.3,4164
40155,608.9,609.2,586.8,590.5,5069
40156,587.3,592,578.1,583.9,3981
40157,586.6,597,586.3,592.5,3870
40158,595.4,598.7,580.8,586.1,3415
40159,585.5,589.2,582.2,583.6,1217
40161,582,586.9,574.9,576.8,3301
40162,578.1,584,575.2,577.6,2269
40163,580.7,594.9,580.7,593.9,3100
40164,594,601.2,591.6,594.2,3475
40165,591.6,597.9,589.2,593.4,2452
40166,593.4,593.9,586.3,587.8,876
40168,589,594.9,587.6,592.6,1542
40169,594,595,584.3,585.5,1677
40170,585,587.4,575.1,577.2,1669
40171,577,582.9,575.7,580.2,1765
40173,582.7,585.9,581.3,582.9,1002
40175,583.4,586.9,583.2,585.7,776
40176,586,587,582.5,583.9,776
40177,584,589,583.5,587.8,1169
40178,589.6,594,587,588.3,1963
40179,599,599,592.6,593.7,877
40180,593.9,597.5,592.5,596,549
40182,597.5,610,597.5,608.8,3425
40183,609,627.1,608,622.3,6173
40184,622,626.8,616.3,622.7,5942
40185,621.1,622.5,614,615.6,2863
40186,615,619.2,613,615.3,2309
40187,616.5,624.7,616.5,623.7,2364
40189,624.9,626.5,609.2,610.9,4920
40190,611,614.6,600.7,603.2,4497
40191,604,610.5,598.6,609,3037
40192,612.8,612.8,603.6,605.5,2515
40193,605,608.6,601.1,606.5,2032
40194,606,609.4,605,607.6,817
40196,609.4,610.5,602,602.9,1529
40197,602.6,602.7,585,586.8,3426
40198,588.5,593,585.3,592.2,3365
40199,592,593.9,583.5,591,3102
40200,590.1,595.9,587.3,590.5,2586
40201,591,592.9,588.5,591.4,1718
40203,593,594.8,588.5,589.9,2469
40205,591.9,591.9,585.3,586.8,1419
40206,586.3,590,585.7,589.2,735
40207,590,591,586.5,587.3,1400
40210,589,590,584.1,585.2,1046
40211,583.8,584.5,568.6,570.2,2291
40212,569.1,577.8,569.1,571.3,1994
40213,570.4,573.9,563.2,572.7,2580
40214,571,574.5,558.1,561.9,2628
40215,561.1,562.4,558,560.5,823
40217,559.3,561.7,553.6,559.9,1295
40218,558.7,574.8,558.6,573.1,2027
40219,573.9,573.9,565.7,568.9,1197
40220,569,577.8,568.6,576.3,1700
40221,576.3,576.3,576.3,576.3,NaN
40222,577.4,582.8,575.6,581.2,1042
40224,580.6,584.3,577.6,581.3,1569
40225,583.3,586.7,580.3,581.5,1214
40226,582.5,582.8,569.5,570.9,1146
40227,572.8,576.7,569,574.3,994
40228,576.2,583,575.5,581.7,1078
40229,583,584.7,577.2,579.3,720
40231,581.8,583,574.6,582,1193
40232,582.3,585,579.2,582.6,1057
40233,580.2,580.8,576.1,578.3,801
40234,578.9,583.5,574.8,582.6,2015
40235,583.1,589.9,574,582.9,2738
40239,576.1,579.8,573.4,578.6,658
40240,581.5,588.5,579.5,587.4,1177
40241,587.6,596.8,586.3,595.6,1461
40242,599,599,591.9,593.8,905
40243,592.1,603.6,591.8,601.8,1208
40245,602.9,619,602.2,614.2,2888
40246,617.1,620.7,606.5,608.6,3090
40247,608.4,617.8,607.2,615.7,2628
40248,614.2,625.3,612.1,623.4,3195
40249,623,623.9,614.1,615.8,1570
40250,616.5,623.1,615.5,621.2,1437
40252,617,618.8,610.8,614.2,1356
40253,614,619.9,611.6,615.9,1424
40254,614.5,619.9,614.3,616.5,1112
40255,616,617,611.2,612.8,994
40256,612.5,615.7,608.5,613.2,1355
40257,613.2,617.6,613.1,616.6,731
40259,618,625.6,614.5,623.3,1985
40260,622.5,625.9,620.7,621.2,1377
40261,620.1,629.5,619.2,627.2,1842
40262,627,627.9,619.2,621.8,882
40263,620.3,626.3,615.7,617.3,1007
40264,618.5,622.7,616.2,620,278
40266,622.5,624.5,616.7,617.5,851
40267,617,617.5,610,610.9,915
40268,609.8,618.2,609.4,617.4,1584
40269,629.8,641.4,629.5,639.8,1962
40271,645,653.4,642,647,1819
40273,648,653.7,641.5,642.5,1778
40274,641,651.5,639,648.8,1822
40275,653,655.9,643.5,645.5,2116
40276,648,648,643,645,1065
40277,645.5,652.6,645.5,651.7,1418
40278,652.4,658.9,650.1,657.5,1609
40280,656.1,656.1,647.3,648.7,1817
40281,649.4,654.8,645.6,652.2,1488
40282,652.2,652.2,652.2,652.2,NaN
40283,650,671.8,650,670.2,3915
40284,671,678,666,668,2286
40285,667,674.5,663.3,672.8,1229
40287,670.1,699.7,670,699.5,5161
40288,699.9,725.7,695.5,718.6,5378
40289,718,733.4,714,729,4411
40290,730,741.4,726.1,734.3,2796
40291,732.3,741.9,727.6,739.7,2627
40292,742.2,769.3,742.2,769.3,2549
40294,779.3,800.1,779.3,800.1,1659
40295,823,832.1,808.3,812.9,4770
40296,802.9,808,788.5,790.5,1461
40297,787,789,766.8,768.5,1029
40298,770,788.9,767,780.1,1829
40301,699,713,696.6,711.3,3290
40302,717,731.7,701.1,704.9,5585
40303,703.9,703.9,676.7,676.8,2846
40304,674.1,697.1,672,694.9,2175
40305,695,702.3,682.4,686.2,1856
40306,685.5,688.4,676.1,678.7,643
40308,676,688,675.5,685.9,1445
40309,688,713.3,686.5,712.5,2699
40310,713.3,724,706.5,713.4,3199
40311,712.5,714.7,698,701.8,2065
40312,699.6,706,680.7,683.5,2600
40313,686,698.9,681.5,696.4,1017
40315,697.9,705.8,688.5,693.3,1733
40316,693,694.9,683,685.8,1694
40317,684.2,685.6,676.3,678.5,1218
40318,678,684,674.8,677.4,1757
40319,682,689.4,681.5,687.7,985
40320,688.9,692,686,687.5,1321
40322,688,697.5,685.8,688.6,1049
40323,689.8,697.7,689.8,694.3,1338
40324,696.5,713.6,695.5,711.4,2250
40325,711.4,711.4,711.4,711.4,NaN
40326,707,712.7,701,702.9,1586
40327,701,702.9,694.9,699.9,966
40329,700.1,706.3,698.7,702.9,1545
40330,720.8,746.2,719,745.8,3428
40331,755,775.6,752,775.6,2631
40332,770,783.1,754.5,778,3641
40333,783.2,795.9,773.3,775.3,3665
40334,775,806.3,774.4,802.4,2811
40336,797,797,770.3,770.3,2208
40337,770.3,772,753,757.6,3438
40338,756,775,753,757.9,2976
40339,757.3,759,744.1,754.7,3086
40340,755.1,761.7,751.1,755.9,1706
40341,750,750,735.1,737.4,1900
40343,734,734.8,715.3,718.4,3665
40344,713.3,722,706,709,2191
40345,703.5,718.5,703.5,714.2,2602
40346,718,723.2,713.1,720,1943
40347,724,738.2,721.3,727.9,3120
40348,729,733.7,717.1,721.4,1043
40350,718.6,729.8,715.6,721.4,1538
40351,724.8,725.3,713.3,721.3,1353
40352,718,727,716,720,1805
40353,720,723.9,717,722.8,1162
40354,723,734,722,732.3,1440
40355,734.2,753.4,734.2,748.3,1603
40357,741,741.9,726,728.7,1120
40358,724.8,738,707.4,712.9,798
40359,715.6,724.7,711,719.2,745
40360,734.5,735.9,721.3,723,2308
40361,720.7,720.7,701.3,705.1,3159
40362,700,702,695.3,698.7,1832
40364,698.1,707.8,694.1,698.4,2942
40365,697.9,698,690.4,692.7,2581
40366,691.2,705.2,688.5,702.6,2905
40367,703.9,707.8,696.7,698.2,2835
40368,696.8,707.8,696,705.7,2799
40369,707.7,712.5,703,705.4,1971
40371,705.5,709.4,702.2,705.9,1463
40372,704.1,707.2,697,698.8,1883
40373,697,703.9,695,701.4,1924
40374,704.4,705.2,698.1,698.9,1400
40375,699.7,701.8,696.5,698.6,869
40376,697.5,700.2,697,699.4,439
40378,698.5,701.8,680.1,683.9,3212
40379,684.2,687.7,680.2,685.2,1634
40380,685.9,689.3,683.2,688.4,1162
40381,688.7,693,683.3,688.3,1552
40382,691.5,692.6,687.5,690.9,1139
40383,685,689.9,685,686.4,673
40385,684.9,686.8,681.1,683.6,893
40386,685.5,703.8,684.6,696.8,3012
40387,697,697.1,685,692.9,1150
40388,690,694,684.7,689.2,1016
40389,689,692.1,675.1,680.8,980
40392,717.5,720.2,713.4,716.1,977
40393,716,717.6,710,713,1250
40394,714.9,725.7,712.4,723.6,2182
40395,723.2,729.9,721.5,723.9,1886
40396,722.8,725.8,716.8,718.1,1186
40397,719.3,726,718.5,725.1,926
40399,726,734.3,726,732.9,2535
40400,734.4,745,733,737,3327
40401,743.2,743.2,729.7,731.4,1979
40402,733.8,752.4,732.1,748.6,3259
40403,753.2,764.9,750,759.3,4184
40404,763.9,782.1,763,777.2,4179
40406,777,777,755.5,759,4534
40407,761.1,779.5,752.6,777.8,5438
40408,778.9,784,761,767.9,5708
40409,767.9,779,762.9,775,3240
40410,778.5,780,768.1,770.4,2960
40411,770,771.7,762.7,765.6,1632
40413,765,767.4,742.8,745,3564
40414,742.2,744.7,730.2,731.4,2775
40415,730.5,748.6,725.4,746.2,3452
40416,744.1,752.5,732.3,733.8,3230
40417,734,742.8,728,740.5,1383
40418,743,749.9,741.2,745.9,809
40420,742.2,748.6,739.6,745.1,1180
40421,745.8,763.9,741,760.2,1708
40422,773,782.8,770,779.1,4523
40423,782,789.3,779.4,781.6,4494
40424,779,790,771.5,787.7,4345
40425,791.9,808.3,790.5,799.8,5386
40427,795.2,816.8,795.2,814.5,7596
40428,817.8,820.7,807.4,809.9,7755
40429,807.3,819,807.2,813.1,4437
40430,817,828.6,815.8,826.3,6082
40431,826.3,826.3,826.3,826.3,NaN
40434,829.2,839.8,821.2,823.6,6797
40435,826.9,826.9,815,823.1,4421
40436,827.5,833.2,816.1,817.4,4885
40437,814.9,819,804.2,806.2,5051
40438,806,808,797.7,801.8,4236
40439,806.4,825.9,804.8,824.3,3408
40441,830.1,838.9,820.2,822.9,5729
40442,824.4,836,816.7,834.3,5097
40443,838.4,838.5,825.6,829.7,4400
40444,829.1,831.9,823.2,828.2,2884
40445,830.9,853,830.5,852.8,6664
40446,854,855,841.1,844,3549
40448,840,853.5,837.1,850,2404
40449,849.4,861.2,848,859.6,1995
40450,859,870.3,849,853,2041
40451,855,868.5,848.2,862.9,1272
40452,876.2,886.2,872,879.4,5626
40455,876.5,876.5,866,869.8,3688
40456,867.3,888.7,865,884.6,5166
40457,889,911.1,887,897.2,8355
40458,896.9,933.1,896.9,933.1,7396
40459,945,970.4,943.1,968.6,8429
40460,971,978.5,961.1,965.8,5314
40462,963.2,968,943.4,954,5583
40463,953.6,967.9,937.3,964.3,7457
40464,965,1002.9,964,1002.5,7325
40465,1002.9,1018.8,977.1,984.4,11295
40466,984,991.5,954.9,956.9,7701
40467,956.5,995.2,956.5,992.9,3911
40469,999,1018.1,980,985.4,12713
40470,988,1002.8,974.1,978,6663
40471,978,991.5,970,974.4,4768
40472,978.8,1013.4,977.1,1012.9,7535
40473,1018,1053.4,1015,1052.3,8690
40474,1041.5,1060,1037.6,1042.4,3864
40476,1051.2,1084.1,1040,1083.8,4891
40477,1080,1127.2,1080,1127.2,5640
40478,1140.9,1147.9,1104.1,1133.4,4744
40479,1131,1134,1115.2,1124,1367
40480,1139.9,1145,1122.2,1125.5,1868
40483,1175,1214.5,1175,1214.5,697
40484,1250.9,1263.1,1239,1263.1,6331
40485,1298,1298,1231,1264,9185
40486,1259,1260,1213.4,1235.1,7063
40487,1222.8,1260,1222.8,1255.6,1347
40488,1260,1305.8,1260,1293.6,2729
40490,1288.9,1295,1254.8,1268.9,4753
40491,1257.9,1273.6,1230.8,1233.7,4011
40492,1220,1227.9,1184.3,1184.3,3418
40493,1148.8,1185.6,1136.9,1156.5,5437
40494,1165,1172.4,1145.5,1162.8,3177
40495,1170.2,1203.9,1170.2,1194.1,3849
40497,1171.1,1213.7,1161.1,1208.5,4686
40498,1220.5,1249.9,1215.2,1224.1,7687
40499,1224.1,1224.1,1224.1,1224.1,NaN
40500,1220,1245,1204.1,1223.6,4199
40501,1215,1222,1174.6,1180,3600
40502,1160,1214.2,1160,1207.2,3703
40504,1215.4,1237.6,1212.1,1230.7,6792
40505,1243,1243,1181.5,1191.4,4997
40506,1190.1,1209,1183,1188.6,2993
40507,1194,1207,1169,1198.4,4340
40508,1202.9,1205,1185,1193.4,1824
40509,1189,1209.4,1185,1206,902
40511,1209.4,1232,1209.4,1224.2,1324
40512,1229.9,1234,1208.1,1218.5,1471
40513,1227.9,1257.5,1227,1252.7,5160
40514,1259,1289.9,1259,1273.8,5270
40515,1275,1281.7,1258.4,1261.9,3496
40516,1264,1279.3,1261.5,1268.5,2439
40518,1265.1,1268,1230.4,1231.3,4805
40519,1231,1242,1211.5,1216.7,4415
40520,1220.5,1230.9,1170.1,1193.4,5998
40521,1185,1193,1145.7,1145.7,4657
40522,1137,1137,1101.1,1113.9,6167
40523,1125,1129.3,1069.3,1069.3,3082
40525,1075.8,1080,1029,1074.5,6169
40526,1080,1112,1045.5,1109.4,6926
40527,1105,1132.3,1089.5,1123.3,7450
40528,1124,1134.4,1111,1116.6,4607
40529,1111.8,1118.8,1073.1,1078.2,4043
40530,1071,1090.8,1048.1,1079.9,3532
40532,1084.9,1121.9,1076.2,1118.3,5844
40533,1115,1142.5,1096.2,1105.3,7400
40534,1095,1112.5,1085,1093.6,6051
40535,1102,1124,1092,1119.3,5773
40536,1121.6,1129.7,1112.2,1119.7,4566
40539,1113,1140.9,1106,1134.4,4470
40540,1139,1148,1130.3,1143.2,2543
40541,1144.8,1158.1,1142.1,1153,1365
40542,1156.1,1184.8,1155.2,1180.5,1363
40543,1180,1203,1150,1173.4,2001
40546,1202,1213,1183.1,1187.6,6386
40547,1187.1,1192,1171.2,1175,4297
40548,1169.5,1169.5,1128,1128,6532
40549,1115,1147.4,1104.1,1139.1,8442
40550,1141.9,1154.8,1133.5,1145.8,6059
40551,1142,1154.9,1142,1147.7,1070
40553,1153,1181.7,1153,1177.9,5641
40554,1183.9,1191.7,1173,1186.7,7251
40555,1182,1184,1160,1162.9,5327
40556,1160,1180.9,1160,1177.6,3675
40557,1175.5,1176,1162.3,1171.4,2736
40558,1173.9,1179,1169,1171.8,1170
40560,1166,1166,1151.6,1163,3128
40561,1158,1177,1157,1172,2974
40562,1173.8,1183.9,1170.7,1179.3,2719
40563,1180,1184.9,1157,1160.9,3489
40564,1162,1169.6,1155,1166.3,2204
40565,1171.3,1174.5,1162.6,1164.9,924
40567,1169,1173.6,1162.3,1168.6,1198
40568,1169.9,1173.4,1157.8,1161.6,1504
40570,1159.4,1164,1147.3,1154.5,1464
40571,1154.1,1178.4,1146.8,1174.2,2372
40572,1176,1180.7,1164.1,1166.7,958
40574,1155.1,1159,1120.5,1132.7,1845
40575,1145.9,1161.6,1137.2,1142.3,2800
40576,1138.1,1139.6,1108,1112.6,3417
40577,1107.8,1124.9,1079.2,1084.8,5008
40578,1071.1,1089.6,1053.3,1076.6,6260
40579,1070,1075,1044.3,1048,3989
40581,1049.9,1077.5,1043.4,1052.1,5793
40582,1049.4,1076.6,1046.6,1071.3,3714
40583,1074,1076.2,1066,1071.2,3574
40584,1068.2,1101,1061.5,1085.3,4329
40585,1078,1087.8,1070.9,1076.5,3342
40586,1076,1076,1055,1066.6,1306
40588,1075,1105.2,1075,1098,3276
40589,1103.2,1137,1100.2,1133.6,3995
40590,1136.9,1163,1123,1151.1,4399
40591,1152.5,1152.5,1133.5,1139.8,2606
40592,1140.5,1141.9,1095.5,1103,3084
40593,1097,1101,1079.9,1092.9,1985
40595,1085,1110.8,1082,1091.6,2838
40596,1093.1,1110,1093,1107.3,1957
40597,1112.9,1128,1110.1,1124,2063
40598,1128,1146.5,1128,1133,1382
40599,1133,1133,1112,1125.8,955
40600,1124.5,1130.4,1119.1,1127.9,599
40602,1123,1129.9,1113.1,1121.5,1902
40603,1133.9,1149.9,1132,1146.5,2367
40604,1146.5,1146.5,1146.5,1146.5,NaN
40605,1146.9,1146.9,1138.5,1144.1,1682
40606,1143.2,1156,1141.3,1150.3,2007
40607,1154,1168.6,1154,1165.6,1721
40609,1160.2,1160.2,1128.5,1131,2266
40610,1125.2,1138.6,1111,1136.8,2432
40611,1132.9,1139.1,1126,1129.8,1662
40612,1115,1126,1112.5,1122.4,1750
40613,1124.2,1144,1121.2,1141.6,1909
40614,1145.1,1160,1145.1,1157.5,2272
40616,1162,1203.8,1151.9,1202.1,4238
40617,1204.8,1249.5,1196,1230.2,4700
40618,1229,1253,1207,1235.9,3655
40619,1230,1257.6,1227.1,1248,2779
40620,1255,1273.1,1248,1267.8,2417
40621,1269,1305.8,1269,1298.3,1178
40623,1307.9,1328,1300.6,1311.3,2356
40624,1305,1315.5,1287,1299.6,3405
40625,1316,1327.7,1275,1288,3501
40626,1288,1296.2,1267.2,1288.7,2622
40627,1291,1295,1272.4,1279.8,1369
40628,1280,1289.7,1273.8,1279.3,966
40630,1280,1285.6,1270.9,1274.7,1326
40631,1271.8,1279.4,1256.7,1259.4,1489
40632,1259,1272.1,1259,1268.3,966
40633,1268,1269.3,1233,1240.4,4412
40634,1082,1091.6,1074,1080.8,1027
40635,1080,1082,1038.2,1046.3,1245
40637,1047,1061.8,1035.5,1055.3,1766
40638,1058,1064.5,1036.9,1039.8,1146
40639,1037.5,1047.9,1033.5,1039.9,1185
40640,1039.3,1049.5,1039.3,1043.3,963
40641,1045,1054.9,1041,1043.7,1168
40642,1042.2,1051.5,1041.9,1047.1,277
40644,1045,1050.5,1037.1,1048,818
40645,1046.3,1057.3,1035.2,1039.3,1076
40646,1033,1044.9,1030,1040.5,767
40647,1040.5,1040.5,1040.5,1040.5,NaN
40648,1045,1048.9,1038,1046.3,407
40651,1050.7,1058,1047.4,1049.2,286
40652,1048.1,1056.1,1043,1050.8,719
40653,1051.5,1056.4,1048.1,1054.2,561
40654,1056.5,1083.3,1054.1,1073.7,947
40656,1088.9,1104,1077,1087.9,389
40658,1080.9,1094.1,1079,1090.3,479
40659,1090.5,1099.5,1072.5,1075,994
40660,1075,1077,1069.3,1072.9,250
40661,1071.5,1081,1057.1,1064,167
40662,1054,1058,1050.6,1054.6,258
40665,1035,1051.4,1035,1048.1,390
40666,1052.5,1053.9,1041.2,1045.7,289
40667,1049,1050,1014.3,1023.1,496
40668,1015,1017,983,988.6,617
40669,984.9,985,953,962.4,372
40670,962,981.5,958,962.6,179
40672,965.5,970,945.1,955.5,306
40673,953,953,920,923.3,560
40674,919.4,933.7,906,918.6,1014
40675,922,943.8,918.1,932.6,507
40676,935.3,949,930.1,936.1,325
40677,928,953.9,921.5,923.2,237
40679,919,932.5,917,927.4,262
40680,927.4,927.4,927.4,927.4,NaN
40681,930,964.5,924.3,962.9,769
40682,958.6,995,938,949.7,1261
40683,959,961.9,933.1,939.7,592
40684,943,953.5,936.3,944.1,276
40686,938.1,944.2,917.7,923,668
40687,918.5,918.5,895.3,898.2,659
40688,891,897,862.3,863.8,676
40689,856,868,842.6,858,742
40690,879,887.5,857,885,652
40691,885,885,861,872,240
40693,856.2,883.5,856.2,871.8,430
40694,871,875.9,864.9,866.3,450
40695,871.5,876.5,862.7,866.2,1118
40696,867.5,874.6,858,871.4,936
40697,872,906,870.8,893.5,2154
40698,895.1,907.6,894.9,903.3,1016
40700,897.5,898.9,879,881.8,1236
40701,880.5,891.9,876,886.6,1468
40702,890.5,897,883.5,885.2,1110
40703,880.9,896.8,874.4,878.6,2330
40704,882,891,877,878.4,1443
40705,877.3,883.8,855.6,858.4,1365
40707,855.3,856,824.2,826,2466
40708,823,834,811.4,825.1,2632
40709,835.1,844,826.5,829.6,2950
40710,835.4,843.9,828.1,839.7,2102
40711,840,854.3,832.2,852.5,2267
40712,855,864,849,860.9,1236
40714,865.5,884.3,865.5,870,2252
40715,872.2,878.9,866.3,871.2,1351
40716,860,860,836.3,837.8,2395
40717,831,851.5,825.2,848.4,2110
40718,853.8,865.1,842.7,863.7,1739
40719,858,867.8,850,859.2,1008
40721,857,873,857,862.2,688
40722,868,870,862,866.4,793
40723,858.5,890,858.5,878.2,908
40724,897,913.3,890,913,741
40725,935,956.4,919.9,953.2,5828
40726,955,959,938.7,946.2,3379
40728,948,984,946,979.2,5752
40729,993,1018.4,991.1,1018.4,4921
40730,1018.4,1057,997.6,1035.2,13681
40731,1034,1074.5,1029.6,1070.2,9560
40732,1066,1110.7,1055,1096.8,11443
40733,1087.4,1101,1065.1,1079.7,6122
40735,1084.9,1122.9,1080.1,1122.9,7582
40736,1135.9,1159.6,1091,1099,12567
40737,1109,1132,1081.2,1089.7,9416
40738,1081.5,1092.1,1057,1060.7,6730
40739,1060.1,1086.5,1038,1078.8,8226
40740,1085,1122,1078,1120.4,5235
40742,1110,1137,1086.8,1093.2,9171
40743,1091,1123.4,1078.7,1117.9,8549
40744,1123.3,1144.7,1108,1127.7,8880
40745,1129,1147.3,1123.8,1130.9,6288
40746,1135.2,1138.1,1121.5,1126,4742
40747,1129,1129,1092.2,1098.2,3140
40749,1095.1,1110.4,1087,1103.3,4266
40750,1104.5,1110.7,1071.3,1073.3,4140
40751,1069,1086.1,1061.7,1078.3,2703
40752,1076.2,1097,1074,1093.2,1465
40753,1085.2,1089.8,1062.4,1067.7,1315
40756,1068,1082.1,1056.7,1072.8,3195
40757,1079,1115.7,1071.8,1115.3,5789
40758,1120,1158.9,1120,1134.3,6607
40759,1136.3,1145.5,1122.4,1130.5,6010
40760,1124,1149,1111.5,1142.1,5189
40761,1140.2,1174.5,1135.2,1143.4,4394
40763,1132,1144,1109.1,1113.1,4488
40764,1105.7,1113.7,1088,1095.6,4467
40765,1094,1132,1091,1127.6,5450
40766,1124.3,1137,1101.7,1110.8,5225
40767,1114.4,1122,1097.5,1102.9,4755
40768,1105.5,1113.6,1103.7,1110.1,1334
40771,1113.8,1133.3,1113.8,1130,3026
40772,1134.4,1143,1121.1,1137.4,4468
40773,1142,1146.9,1129.2,1131.6,3473
40774,1129.1,1137,1121.1,1128.2,2733
40775,1131,1136.8,1129,1132.5,1061
40777,1135,1145.5,1126.3,1128.1,2355
40778,1128,1132.8,1122.2,1125.9,1295
40779,1127.9,1131.9,1107,1118.8,1843
40780,1112.5,1120,1102.2,1107.2,1157
40781,1109,1119.6,1101.1,1115.8,1778
40782,1123.8,1131.4,1120,1123.9,770
40784,1127,1131.9,1118.1,1122.8,1416
40785,1138.9,1138.9,1123.1,1130.9,1388
40787,1150,1150,1150,1150,NaN
40788,1155,1196,1155,1196,4335
40789,1225,1241.2,1209,1218.7,4503
40791,1232.5,1252,1222.1,1245.3,6018
40792,1247,1248.5,1221.1,1227.2,6030
40793,1220,1241.5,1219,1231.7,5582
40794,1233,1264.5,1230,1235.3,9247
40795,1245,1257.7,1235,1243.9,5130
40796,1247.7,1259.8,1236,1239.3,2507
40798,1244.9,1262,1220,1228.5,4511
40799,1216,1222.2,1191.6,1196.5,5165
40800,1190.4,1232.4,1189.7,1226.3,4877
40801,1232.4,1251.8,1223.2,1248.8,5063
40802,1254.9,1284.8,1248.3,1270.8,7167
40803,1268.4,1282.9,1257.2,1263.6,3969
40805,1275,1314.1,1273.3,1309.2,5639
40806,1302.5,1343.4,1269.9,1320.4,13973
40807,1322,1373.2,1320.3,1370.3,9268
40808,1374,1386.7,1342.6,1353,11466
40809,1354,1355,1312.4,1314.6,5135
40810,1305,1307.9,1280,1291.5,1890
40812,1299.9,1330,1293,1324.5,2090
40813,1326.1,1377.5,1326.1,1360.9,2499
40814,1365.2,1379.1,1342,1360,1546
40815,1375,1411.9,1359.4,1403.9,1173
40816,1400,1420,1362,1378.8,670
40819,1351,1373,1324.3,1353,6807
40820,1342.5,1361,1333.1,1335.5,3759
40821,1328,1334.8,1302.5,1324,6231
40822,1324,1324,1324,1324,NaN
40823,1330,1350,1325.6,1331,5069
40824,1329,1341.7,1326.2,1336.5,2317
40826,1344,1385.8,1342,1375.7,5148
40827,1379.8,1401,1364,1366.6,7046
40828,1361.3,1379.1,1349.2,1354,6360
40829,1360,1365.3,1330.5,1334.1,5397
40830,1330,1340.7,1322.1,1329.6,4861
40831,1328,1335.6,1323.5,1326.7,1972
40833,1328,1355,1326.4,1340.8,4935
40834,1338.3,1351.4,1287.2,1291.9,7428
40835,1270.2,1302.6,1264,1281.7,7630
40836,1285.3,1332.5,1284,1324.9,5965
40837,1326.7,1337.5,1315,1325.4,5251
40838,1323,1323,1303.5,1308,2431
40840,1308,1314.4,1257.6,1260.8,4860
40841,1258.8,1269,1247.9,1261.7,3787
40842,1264.5,1278.3,1251,1255.6,861
40843,1252,1268.5,1251.1,1264.7,667
40844,1267,1274.1,1255,1269.4,1147
40845,1263.5,1299.9,1263.5,1285.9,920
40847,1298,1324.1,1296,1318.9,1817
40848,1334.7,1352.9,1313.1,1346.2,7268
40849,1341,1359.2,1330,1336.8,6400
40850,1337.1,1351,1325,1345.5,4666
40851,1342.9,1354.9,1334,1340.1,4622
40852,1333.8,1334,1321.2,1325.9,2057
40854,1325.9,1325.9,1325.9,1325.9,NaN
40855,1325.6,1343.7,1323.6,1335.2,3448
40856,1336.2,1337,1308.1,1316.5,4097
40857,1316.5,1316.5,1316.5,1316.5,NaN
40858,1321,1322,1297.6,1304.6,3775
40859,1302.3,1317.5,1298,1315.4,2280
40861,1307.5,1337.4,1301.5,1333.2,3825
40862,1334.8,1342.5,1327,1338.4,4260
40863,1330.1,1339.5,1325.9,1332.6,3238
40864,1335,1352,1335,1348,3309
40865,1353,1357,1335.6,1342.2,3566
40866,1347.1,1372.5,1346.2,1361.1,2759
40868,1359,1375.9,1345.4,1353.7,4661
40869,1348.5,1348.8,1325.1,1330.9,3382
40870,1331.5,1354.5,1331.5,1346.6,2903
40871,1345.7,1357.5,1342.5,1353,2532
40872,1351,1362,1333,1336.1,2562
40873,1338,1340.4,1326.5,1333,667
40875,1335,1341,1323,1326.3,1098
40876,1328,1328,1309.3,1313.2,830
40877,1312.5,1339,1312.5,1331.7,782
40878,1348.2,1352.8,1320.5,1323.6,3315
40879,1323.1,1330.5,1315.8,1324.7,3059
40880,1327.1,1333.2,1320.8,1325,1185
40882,1328.1,1333.1,1311,1316.9,3684
40883,1316,1316,1295,1297.6,3337
40884,1294.2,1310,1292.9,1304.9,3102
40885,1301.5,1313.9,1296.6,1298.3,3935
40886,1298.8,1311.5,1295.2,1308.4,3466
40887,1310,1324.9,1310,1322.7,2105
40889,1321.4,1322.7,1308.6,1315.2,2829
40890,1318,1325,1312.8,1318.9,2807
40891,1321,1329.5,1320,1324.4,2272
40892,1322.3,1323.2,1286.3,1296.4,3571
40893,1295,1304.8,1290.5,1303,2090
40894,1305.7,1314,1303.2,1310.6,1245
40896,1308.5,1322.8,1304,1315,2099
40897,1315,1320.4,1293,1295.3,2809
40898,1294.8,1302.6,1291.5,1297.6,2159
40899,1296.5,1306,1286.6,1291.8,3067
40900,1292.2,1309.9,1289.4,1307.8,2535
40901,1311.4,1317,1308.5,1313.1,953
40903,1311,1319.1,1308.7,1312.4,2218
40904,1312,1317.5,1292.6,1297.3,1895
40905,1301,1310.3,1292.3,1308.1,1336
40906,1300,1306,1294.1,1298.4,825
40907,1301.2,1307.7,1295.1,1302,854
40910,1322,1331,1320.1,1321.7,1237
40911,1323.1,1325.3,1315,1317.3,1307
40912,1318.8,1324.9,1316.7,1322,1246
40913,1322.2,1361.7,1321,1353.8,4219
40914,1358,1408,1358,1404.7,7145
40915,1413.1,1418.8,1381.2,1387,5893
40917,1389,1426.9,1389,1415.1,7356
40918,1420.2,1466,1420.2,1459.8,7778
40919,1467,1469.9,1445.4,1450.3,6800
40920,1446,1454,1431.2,1447.6,6318
40921,1454,1503,1454,1489.9,7383
40922,1485.1,1502,1479,1489.8,4175
40924,1493,1549.4,1487.2,1548.3,7313
40925,1564.9,1608,1486.4,1486.4,15117
40926,1472,1504,1428.1,1468,13885
40927,1494,1526.7,1477.3,1524.6,12085
40928,1532.1,1552.6,1488.8,1505.7,9266
40929,1508,1513.7,1476.1,1505.6,3720
40931,1507.6,1532,1492.3,1502.9,7208
40932,1500,1507.8,1457.8,1460.3,6279
40933,1462.5,1504.1,1455,1500.7,5636
40935,1514.9,1544.8,1494.4,1540.2,3295
40936,1540,1570.3,1522.7,1558.6,1286
40938,1554.5,1566.6,1520.1,1532.7,1805
40939,1519,1573.7,1513.8,1565.9,1355
40940,1595,1619,1571.6,1578.8,10609
40941,1589.9,1595.9,1575,1586.8,5804
40942,1597,1612,1540.2,1563.5,9300
40943,1550,1559.6,1526.2,1552.4,4359
40945,1553,1566.5,1515.2,1525.7,8389
40946,1524,1534.1,1502.1,1509.3,6979
40947,1510.3,1569.7,1510,1564,6810
40948,1570.9,1584.1,1532.2,1538.3,10051
40949,1546.4,1573,1535,1563.6,7374
40950,1565,1585,1565,1578.7,4753
40952,1588,1591.6,1533.3,1544.6,8388
40953,1554.8,1577,1536,1571.2,7142
40954,1575,1584.8,1560,1579,6872
40955,1577.4,1595,1566.2,1589.2,6996
40956,1594,1635.7,1590,1629.4,11976
40957,1633.8,1640.7,1607,1614.1,5432
40959,1614.1,1614.1,1614.1,1614.1,NaN
40960,1624.5,1654,1622.2,1633,9122
40961,1636.9,1664.8,1628.3,1655.1,10876
40962,1659.8,1686,1641.2,1673.9,9861
40963,1676,1740.9,1676,1736.1,8403
40964,1746.3,1805.5,1718.1,1796.8,6017
40966,1815.9,1868.7,1813.4,1868,4827
40967,1873.1,1942.7,1869.6,1942.7,2505
40968,1970,2015,1922.6,2005.7,1948
40969,2068,2088,1996.6,2029.3,18308
40970,2029.9,2110.5,2008.8,2108.9,9204
40971,2138,2193.3,2118,2193.3,5985
40973,2233.9,2281,2233.9,2281,592
40974,2349.4,2372.2,2349.4,2372.2,36
40975,2443.4,2467.1,2385,2467.1,8363
40976,2467.1,2467.1,2467.1,2467.1,NaN
40977,2541.1,2564.8,2368.4,2372.9,16179
40978,2301.7,2307,2278,2278,2439
40980,2209.7,2369.1,2186.9,2304,9675
40981,2234.9,2318.4,2211.8,2218.1,9628
40982,2225,2228,2129.4,2129.7,5382
40983,2145,2214.9,2138.1,2214.9,4885
40984,2281.3,2303.5,2281.3,2303.5,365
40985,2372.6,2395.6,2372,2393.4,2594
40987,2323,2456,2302,2349,8832
40988,2329.2,2367.6,2255,2255,4682
40989,2203.2,2221.2,2164.8,2174.2,3885
40990,2211,2231.4,2087.2,2090.3,4597
40991,2120,2173.9,2021.5,2165.2,6235
40992,2175.1,2230.2,2156.6,2173.9,2633
40994,2224.1,2224.1,2086.9,2089.5,2626
40995,2093.9,2148,2043.7,2108.4,2274
40996,2125.1,2192.7,2125,2192.7,1211
40997,2192.7,2280.4,2192.7,2278.3,781
40998,2251.2,2369.4,2192.1,2368.3,621
41001,2479.9,2548,2447,2475.9,5560
41002,2481,2501,2401.6,2408.6,4089
41003,2382.3,2466.5,2382.2,2451.2,3560
41004,2451.2,2451.2,2451.2,2451.2,NaN
41006,2449,2477.7,2424.2,2446.6,1512
41008,2438,2438,2349,2355.6,4246
41009,2326.1,2426,2296,2416.9,4259
41010,2427.9,2476.8,2381,2433.8,4216
41011,2447.9,2473.7,2411,2426.9,2259
41012,2426,2437.6,2392,2415.2,1719
41015,2435,2458,2415.7,2440.8,2180
41016,2444,2459,2343.2,2343.2,2876
41017,2339.9,2346.6,2249.5,2252.9,3312
41018,2239.9,2284.9,2162.8,2162.8,3557
41019,2145.9,2183.9,2076.3,2076.3,2578
41020,2026.1,2026.1,1993.2,1993.2,119
41022,1935.1,1935.1,1913.5,1913.5,309
41023,1856.1,1856.1,1837,1837,16
41024,1781.9,1781.9,1763.5,1763.5,35
41025,1710.6,1710.6,1693,1693,132
41026,1642.2,1642.2,1625.3,1625.3,23
41027,1576.5,1610,1560.3,1560.3,3779
41029,1584.9,1622.7,1501.5,1539.7,1495
41031,1591.9,1591.9,1498.2,1498.2,987
41032,1453.2,1453.2,1438.3,1438.3,138
41033,1395.1,1495.8,1380.8,1493,3245
41034,1528,1552.7,1455,1509.5,2850
41036,1495.3,1524.8,1458.6,1481.5,2819
41037,1465.1,1480.2,1422.2,1422.2,2268
41038,1379.5,1419,1365.3,1367.8,2396
41039,1376.8,1408.8,1328,1401.8,3955
41040,1410.1,1437.7,1370,1388,2775
41041,1385.9,1389.8,1342.5,1350.1,1468
41043,1344.3,1387.4,1343.9,1364.7,2285
41044,1372.1,1419.3,1367.5,1419.3,1852
41045,1461.9,1476.1,1396.3,1424.8,3040
41046,1419.6,1430,1388.3,1404.4,2185
41047,1419.3,1460.6,1414.1,1459.9,2493
41048,1463.8,1518.3,1449.9,1517.9,1839
41050,1510,1555,1457.2,1457.2,2131
41051,1432,1438.8,1398.9,1398.9,1189
41052,1360.2,1375.9,1342.9,1342.9,1291
41053,1319,1341.8,1289.2,1291.9,2239
41054,1280,1343.6,1276.2,1343.6,2213
41055,1354,1364,1289.8,1298.4,976
41057,1295,1295,1246.5,1246.5,637
41058,1209.1,1209.1,1196.6,1196.6,323
41059,1160.7,1218,1148.7,1155.2,894
41060,1171,1201.4,1151.2,1198.1,384
41061,1230.5,1260,1194,1210.5,6171
41062,1225.1,1254.7,1213,1237.1,2209
41064,1255,1286.6,1218,1286.6,3393
41065,1299.9,1338.1,1287.2,1328.5,5087
41066,1321,1377.5,1305.3,1362.2,6822
41067,1361.6,1398,1338.2,1385.6,5157
41068,1390.1,1441,1367.6,1436.9,5523
41069,1435,1435,1379.4,1380.1,2929
41071,1350,1363.5,1324.9,1331.4,5300
41072,1339,1371.2,1336.6,1366.2,4360
41073,1376.9,1409.5,1366.9,1401.6,4883
41074,1401.1,1404,1361,1393.7,5336
41075,1391.3,1402,1362.1,1372.9,5454
41076,1355.3,1357.9,1318,1318,3018
41078,1318,1370.7,1304,1369.5,4175
41079,1359.5,1369.6,1328.4,1339.9,4544
41080,1330.1,1337.7,1309.2,1324.8,4735
41081,1310,1316.5,1288.5,1295.7,4313
41082,1296.9,1322.8,1294.9,1316.2,3440
41083,1317,1334.2,1296.4,1309.5,2795
41085,1307,1307,1257.1,1257.1,2587
41086,1257.1,1280.1,1208.2,1261.8,4992
41087,1258.5,1281.5,1233.1,1247.4,1939
41088,1245,1257.9,1230,1251.1,1006
41089,1244.9,1261,1234.9,1243.7,531
41092,1240.9,1275,1240.3,1262,4056
41093,1251,1260,1225.3,1229.4,3612
41094,1229,1246,1212.5,1223.6,4939
41095,1220.1,1239.2,1211,1227.5,4390
41096,1215,1216.8,1190.7,1195.1,5007
41097,1184.8,1204,1183.1,1199.1,2420
41099,1207,1230,1206.2,1211.6,4270
41100,1211.3,1224.5,1200,1206.3,4192
41101,1218,1241,1210.2,1233.5,4473
41102,1228.4,1268.4,1222.3,1264.4,6156
41103,1270.1,1315,1266.1,1308.1,6528
41104,1305,1344.3,1291.2,1314.7,7296
41106,1309.8,1331.2,1301,1307,6628
41107,1313,1341.9,1311.5,1336.4,6496
41108,1345.1,1373.1,1344,1364.6,8440
41109,1376,1386.4,1330.7,1341.9,9167
41110,1335,1340.6,1288.2,1291.3,6626
41111,1289.9,1329.9,1265.4,1324.3,6057
41113,1340,1345,1312,1336.1,8229
41114,1343.8,1344,1315.4,1319.8,5627
41115,1312.5,1335.2,1300,1332.5,5627
41116,1338.8,1342.1,1322.5,1327.6,3250
41117,1322.7,1325.5,1299.2,1304.5,1700
41118,1315,1315,1290.7,1295.6,931
41120,1299,1316,1281.5,1310.8,1236
41121,1312.3,1328.6,1300,1308.7,719
41122,1328.2,1344.8,1323,1340.4,4228
41123,1342,1393.5,1342,1386.4,9811
41124,1385.7,1409.9,1369,1383.5,10806
41125,1395,1413.8,1388.5,1400.2,6311
41127,1411.7,1417,1380.7,1389,8044
41128,1389.5,1389.5,1354.9,1360,7285
41129,1356.9,1382.9,1356.5,1378.3,6532
41130,1378.9,1395,1368,1388.8,6568
41131,1386.7,1387,1360.4,1364.5,5267
41132,1367.9,1369.9,1309.9,1311.2,4571
41134,1320,1356.9,1313.6,1348.7,6773
41135,1351.9,1360.5,1325,1333.9,7843
41137,1325.1,1342.5,1321,1337.3,5764
41138,1334.3,1339.9,1324.3,1327.8,3940
41139,1324.4,1324.5,1291.7,1298.4,3557
41141,1298.4,1298.4,1298.4,1298.4,NaN
41142,1307.7,1345.4,1307.7,1339.5,6552
41143,1345.6,1348,1322.8,1326.1,4871
41144,1322.6,1332.9,1311.1,1317,4256
41145,1322.9,1331.4,1318,1322.2,4377
41146,1329.8,1334.8,1307.4,1322.4,3189
41148,1325.8,1331.1,1311.5,1314.4,2578
41149,1316.8,1324,1303.1,1320.3,2014
41150,1317.4,1323.7,1313.3,1319,1304
41151,1317.9,1350.7,1315.6,1345.6,1409
41152,1345,1358.5,1325,1330.7,1262
41155,1358.2,1364,1346.2,1349,3389
41156,1353.9,1361,1349.2,1355,2687
41157,1359,1369,1354.1,1357.2,3255
41158,1359.6,1364.7,1355,1362.2,2926
41159,1365,1392.9,1363.2,1388.1,5637
41160,1387.9,1398.2,1368.1,1374.4,3307
41162,1375,1378,1364.3,1367.1,2767
41163,1363,1363,1314.7,1314.8,5249
41164,1301,1330.8,1294,1312.5,7344
41165,1310,1323.7,1298.8,1305.1,5348
41166,1311.9,1317.5,1304,1312.3,2741
41167,1318.8,1322.9,1308.9,1318,2184
41169,1310.1,1312.4,1271,1288.8,4215
41170,1297.9,1299.8,1237.2,1238.9,6247
41171,1238.9,1238.9,1238.9,1238.9,NaN
41172,1215.9,1223.9,1189.3,1193.1,6226
41173,1183.3,1226.1,1173.3,1216.6,7054
41174,1210,1214.1,1168.3,1173.6,2786
41176,1169.9,1197,1157.9,1182.7,6895
41177,1185,1217,1182,1213,5002
41178,1209,1221,1201.1,1217.3,2166
41179,1219.7,1236.2,1209.1,1212.8,1302
41180,1205,1205.8,1176.4,1177.6,1406
41183,1166,1167.7,1128.9,1130.8,6357
41185,1122,1148.5,1111,1138.8,7074
41186,1149.9,1184.4,1149.9,1184.4,3973
41187,1184.4,1184.8,1138.5,1152,6617
41188,1135,1147.8,1112.5,1121.6,6165
41190,1134.5,1154.4,1124.6,1146.5,6911
41191,1148.2,1177.6,1148.2,1173.7,6513
41192,1168.3,1189.9,1153,1159.1,7740
41193,1164,1172.8,1148,1153.5,5625
41194,1155.1,1181.7,1152.2,1177.7,5083
41195,1172,1184.4,1165.3,1173.1,3560
41197,1180,1214.5,1180,1203,7315
41198,1197.4,1197.4,1171.8,1175.7,5174
41199,1172,1187,1157.9,1183.5,5386
41200,1180,1198,1172.9,1189.8,6843
41201,1183.3,1188.9,1169,1174.3,3990
41202,1167,1177,1160.5,1173.3,2637
41204,1162.5,1162.5,1126.4,1129.3,5795
41205,1130.1,1153.4,1126.9,1133.9,4836
41206,1133.9,1133.9,1133.9,1133.9,NaN
41207,1139.6,1154.7,1138.2,1151.4,3385
41208,1151.4,1151.4,1151.4,1151.4,NaN
41209,1156.8,1191.6,1155.1,1189.1,2528
41211,1193.6,1206.5,1174.4,1196,2820
41212,1191.8,1193.1,1166.3,1172.1,1258
41213,1167.9,1179.9,1160,1173.8,604
41214,1186.2,1205.5,1186.1,1202.2,4557
41215,1203,1209,1191,1193.4,4813
41216,1189.5,1189.5,1171,1175,2992
41218,1177.2,1199.1,1177.1,1195.3,3298
41219,1197.9,1201.8,1183.5,1189.4,3222
41220,1188.8,1188.9,1172.7,1176.8,2750
41221,1182.1,1186.9,1170.1,1173.4,2647
41222,1170.3,1182,1169,1176.6,2375
41223,1178,1201.3,1177.3,1197.2,2631
41225,1192.8,1218,1188,1214,3683
41226,1217.9,1225,1180,1195.2,1649
41227,1189.3,1200,1185.2,1188.3,2187
41228,1188.3,1206.5,1186.5,1203.9,2953
41229,1204.3,1213.6,1201.1,1208.2,2802
41230,1207.9,1223,1207.9,1219.9,2349
41232,1224.2,1259.6,1224.2,1254.9,5890
41233,1256.9,1267.5,1237.2,1250.9,6468
41234,1246.4,1276.5,1239,1269.8,5979
41235,1279,1320.6,1272.7,1316.2,8131
41236,1321,1368.8,1318.5,1344.5,11456
41237,1329.7,1347.7,1304.2,1311.1,6084
41239,1327.8,1349.9,1323.6,1333.9,4400
41240,1348.7,1363,1331,1343.9,3092
41241,1343.9,1343.9,1343.9,1343.9,NaN
41242,1360,1383.8,1355.7,1370.1,1900
41243,1370,1373.6,1338.1,1351.4,789
41246,1383.1,1403.8,1380.2,1389.9,8425
41247,1392,1395.8,1371.1,1374.5,7364
41248,1371.5,1398,1371.5,1390.3,5348
41249,1399,1445.9,1399,1443.3,9530
41250,1455.1,1478.5,1416.6,1427.6,14305
41251,1438,1470.4,1432.6,1462.8,7194
41253,1478.8,1494.6,1465,1479.4,11719
41254,1485.5,1493.6,1440.6,1452,11532
41255,1453.3,1457.5,1423,1430,12863
41256,1422.2,1447.5,1416.1,1441.5,9277
41257,1442,1473.4,1436,1466.6,7882
41258,1474.9,1478,1439.1,1443,6358
41260,1443.9,1451.3,1385.3,1385.3,10592
41261,1375,1382,1333.8,1342.5,17111
41262,1358,1369.7,1343.7,1360.2,9178
41263,1370.6,1377.6,1355.5,1362.9,6846
41264,1361.1,1417.4,1344.1,1392.6,8226
41265,1420,1443.3,1408.8,1422.6,7106
41267,1446,1446,1381.2,1390.4,9312
41269,1397.1,1408.9,1382.3,1396.6,6481
41270,1400,1452.5,1392.5,1448.5,3783
41271,1440,1444.8,1399.6,1418,2466
41272,1412,1430.3,1407.2,1414.8,781
41274,1402.2,1424.5,1395.6,1416.2,777
41275,1432.1,1457.5,1427,1453.1,7968
41276,1453.7,1455.9,1425.5,1433.2,7596
41277,1426.1,1444,1420.4,1426.3,6678
41278,1424.7,1432,1373.3,1380.1,8871
41279,1393.7,1410,1390,1402.5,5035
41281,1405,1443.5,1391.6,1423.6,10843
41282,1418.7,1434.7,1405.6,1414.5,9867
41283,1419.9,1428.9,1406.2,1412.3,6527
41284,1413.4,1416.8,1381.3,1393.6,7948
41285,1392.3,1414.4,1385.6,1406.5,7666
41286,1408.6,1410.6,1397.6,1402.5,2884
41288,1395,1399,1380.6,1387,5565
41289,1380.1,1380.1,1331.5,1332.3,10530
41290,1336.6,1354.5,1318.1,1343.4,11316
41291,1349,1362,1343.1,1352.1,6884
41292,1351.9,1354.5,1336.4,1345.7,5308
41293,1338.1,1344.7,1321,1325.5,3762
41295,1329.9,1332.1,1287,1300.2,10225
41296,1310,1317.9,1303.2,1315.9,6553
41297,1318,1323.9,1293.2,1300,6494
41298,1299,1299.8,1275.5,1294.4,7757
41299,1294.4,1294.4,1294.4,1294.4,NaN
41302,1296.1,1296.2,1255.6,1261.1,4261
41303,1256.2,1273.8,1255.5,1264.3,1762
41304,1257,1271.5,1249.1,1253.3,1684
41305,1259.6,1303.4,1246.2,1300,1219
41306,1311.9,1317.9,1282,1288.3,7540
41307,1297.9,1302,1283,1290.8,2961
41309,1286,1327.7,1273,1306.3,7490
41310,1311.1,1325.6,1307.5,1314.9,8302
41311,1306,1336.1,1306,1329.8,5427
41312,1327.9,1348,1319.6,1339.4,6605
41313,1332,1378,1332,1374.4,7293
41314,1379.5,1415.6,1367.5,1412.1,6056
41316,1423.9,1453.7,1383.8,1404.8,10342
41317,1394.9,1398.5,1366.3,1370.9,6927
41318,1365,1389.4,1362.3,1384.7,6073
41319,1388.9,1401,1367.2,1372.8,7377
41320,1374.9,1411.5,1370.1,1408.6,7437
41321,1398,1408.7,1382.9,1392.2,4718
41323,1387.1,1447.9,1381.5,1442.9,9819
41324,1440,1452.1,1421,1426.7,10866
41325,1430,1446.3,1413.7,1435.4,8600
41326,1431.7,1442,1417.5,1431.5,5005
41327,1438.8,1488.8,1427,1484.4,6921
41328,1498.8,1528.9,1478,1525.7,1106
41330,1521,1585,1479.9,1527.4,971
41331,1495,1538,1481.8,1486.6,340
41332,1490,1500,1427.1,1429.1,329
41333,1440,1440,1386.2,1388.2,560
41334,1230,1239,1214,1232.4,6342
41335,1233.5,1238.7,1224.8,1237.1,2728
41337,1243.5,1273.6,1242.2,1262.6,6609
41338,1255,1268,1244.2,1247.2,5561
41339,1245.3,1255.8,1236.8,1252.7,4196
41340,1252,1266,1242,1244.7,5467
41341,1238,1244.8,1232,1237.5,4124
41342,1232,1243,1231.9,1241,1897
41344,1241.9,1251.1,1210,1221.1,4360
41345,1217.6,1226.9,1211.3,1219.9,4324
41346,1224.9,1231.2,1218,1226.3,3824
41347,1229,1235.5,1215.5,1225.9,4726
41348,1220,1223.8,1198.6,1203.2,5287
41349,1200,1206.6,1182.5,1185.1,2973
41351,1183,1183,1150,1168.9,4446
41352,1176,1177.7,1138.2,1144.6,5792
41353,1134,1134,1113.4,1124.8,5553
41354,1130,1149.7,1125.4,1133.5,6515
41355,1140.5,1175.5,1127.7,1166.1,7594
41356,1164,1168,1121.6,1124.8,3476
41358,1132.5,1133.3,1079.8,1079.9,6137
41359,1076,1104.5,1071,1081.7,2591
41360,1081.7,1081.7,1081.7,1081.7,NaN
41361,1075,1075.1,1043,1050.6,1060
41365,1056,1063.7,1034.2,1037.6,4205
41366,1006.5,1056.5,1006.5,1053.4,6555
41367,1044.3,1066.9,1022.3,1026.4,5725
41368,1025,1034.7,1011.2,1022.6,5601
41369,1016.5,1034.9,1016,1029.4,4540
41370,1043,1058.5,1037,1055,2681
41372,1040,1047,1023.4,1025.4,3204
41373,1025,1025.2,1001.1,1009.7,5378
41374,1010.2,1015,986,991.1,4891
41375,984,1028,982.1,1023.8,6580
41376,1025.8,1041,1016.2,1028.7,5563
41377,1028.2,1038.5,1021.5,1026.7,2095
41379,1020.1,1020.1,985.7,985.7,2997
41380,985,1012.2,958,994.2,3463
41381,994,996.9,972.8,988.1,3320
41382,984,988.9,953.5,965.3,3651
41383,965.3,965.3,965.3,965.3,NaN
41384,965,1003.7,963.1,998.4,3135
41386,1005,1021.9,996.2,1018.8,3355
41387,1022.1,1022.1,978.1,978.3,3642
41388,978.3,978.3,978.3,978.3,NaN
41389,972.2,977.4,949,953.3,2709
41390,957.5,976.2,950,955.8,1282
41391,959.6,974,953.8,967.1,418
41393,960,974,953,971.5,615
41394,970.6,974.8,951.2,955.1,525
41395,955.4,955.4,955.4,955.4,NaN
41396,954,954,917.2,919.1,4082
41397,919,932.8,898.6,904,5066
41398,905.1,912.7,899.1,906.8,2639
41400,901,902.9,881.3,883.1,3670
41401,879.6,896.8,872.3,882.9,5195
41402,888,899.4,881,883.8,3766
41403,883,891.5,874,877.2,3361
41404,880,889,875,883.8,2711
41405,888,901,886.4,896.3,2005
41407,900.5,917,900.5,912.9,3786
41408,916.9,923.9,906.3,911.8,3736
41409,908,912.5,894.4,909.3,3331
41410,911.9,921,902,905.4,3109
41411,907,940.8,905.5,936.5,3761
41412,940,947.7,908.5,925.4,3245
41414,930,962.4,929.5,962.4,3259
41415,970,1000.8,968.1,1000.8,2763
41416,1028,1040.8,960.8,962.2,6549
41417,945.6,972.2,942.1,960.4,2860
41418,960,976,940.1,943.7,1991
41421,932.1,936.1,917.7,919.5,961
41422,914.5,927.9,912.3,923.7,800
41423,927.8,931.4,917.2,922.9,436
41424,924.2,924.2,899.5,917.3,681
41425,918.3,931,905,922,427
41428,928,959,927,957,5147
41429,959.5,968.9,938.2,941.3,6443
41430,945.5,965.8,941.5,961.1,5008
41431,967.9,980,961.4,966.4,5865
41432,985.8,1005,985.8,1005,5629
41433,1005,1035.1,967.6,973.7,5389
41435,978,996.1,971.2,974.3,5583
41436,982.5,1013.2,982.5,1007.6,5276
41437,1003,1003,984.3,988.1,4656
41438,985,1025,978,1020.2,7082
41439,1009.5,1033,994.2,998.1,8689
41440,1007,1018.5,1001.6,1012.7,3948
41442,1027,1053.2,1027,1053.2,4488
41443,1057,1066.6,1033.7,1048.2,7252
41444,1035.6,1038.5,1007.3,1012.8,5167
41445,1010.1,1024.5,995.3,1000.1,5269
41446,1010,1034.5,1003.2,1028.8,4976
41447,1026.2,1041,1022.1,1032.5,3295
41449,1038.8,1055,1028.5,1032.5,5105
41450,1041,1049,1011.2,1021.2,2826
41451,1025.5,1027.1,983,990.7,2085
41452,989,1000.1,971,974.4,1356
41453,982.7,1000,975,989.7,1242
41456,988,1004.7,984.7,995.3,3220
41457,987.5,988.8,956.8,959.1,4258
41458,960,977,944,955.3,4296
41459,956.7,968.4,946,958.5,4109
41460,962.9,976.7,958.2,973.5,3949
41461,973,981,947,951,3502
41463,944.4,944.4,913,915.3,4378
41464,911.1,927.8,910,923.1,4403
41465,931,952.6,923.6,941.1,4530
41466,935,951.5,922,926.1,4349
41467,926.1,946.4,922.8,942.7,3857
41468,945,949,938.6,944.2,2106
41470,939.7,943,916.2,921.2,3534
41471,916,923.4,902.1,905.1,4732
41472,917,925,908.9,922.9,3261
41473,922.9,923.3,902.3,904.5,3670
41474,898.1,917.5,894.3,898.1,4396
41475,904.7,914,904.7,910.3,1961
41477,910.5,910.5,879,882.7,3026
41478,891,892.4,874.2,877.5,3050
41479,878,905.7,867.2,901.8,5543
41480,896.3,913.9,884.2,910,4595
41481,910,912,892.5,897,2492
41482,896,896,880.6,886.1,638
41484,875,893.3,869.1,889.4,1414
41485,890,898,883.2,886.8,1024
41486,883,896,869.8,881.2,752
41487,894.2,919.8,894.1,912,4280
41488,915,922,894,895.9,3912
41489,893.3,896.6,875,878.3,2527
41491,880.1,889,844.3,849.4,4974
41492,853.9,855.4,835.1,851.4,4579
41493,850,863,842.3,849.5,3321
41494,840.5,854,838.2,845.5,3001
41495,845.5,845.5,845.5,845.5,NaN
41496,848,859.4,839.8,842.9,2493
41498,825,834,816.3,820.8,3711
41499,818.5,844,818.5,837,3825
41500,832,858.6,832,853.7,5076
41502,860.9,879.3,854.2,875.7,4033
41503,878.4,888.1,868.5,880.2,2400
41505,884.4,887.4,869.4,876.7,2701
41506,871.2,878.9,847.4,852.1,3323
41507,852.1,867,842,852.5,3155
41508,856.4,869.3,850.3,863.3,2601
41509,864,887.8,864,883.8,3509
41510,888.5,891.8,867.5,872.1,2291
41512,875,898.2,869,895.6,3294
41513,899.7,907.9,890.1,902.9,2563
41514,910.2,935,897.6,912.7,2341
41515,919,937,908,920.7,798
41516,924,937.2,908.7,914.9,625
41519,918,939.8,910,935.7,3658
41520,932,960,932,955.2,4797
41521,954.9,966,942,947,5320
41522,940.3,950,927.1,931.2,3650
41523,932.9,938.9,904.1,912.6,4387
41524,914.4,924.1,909.1,919.4,2225
41526,919.4,919.4,919.4,919.4,NaN
41527,907.6,912,890.7,892.3,3359
41528,886,894.7,872.4,881.1,3566
41529,886.1,897.7,875.5,895.1,3931
41530,889.8,893.1,868.3,870.1,3192
41531,868.1,876.4,852.9,857.4,2871
41533,863,877.7,851.2,873.2,3954
41534,871.5,880.3,855.5,861.1,3781
41535,863.4,871.7,855.2,867,2667
41536,869.7,869.9,852.2,856.9,3252
41537,859.6,879.8,856.5,876.9,3413
41538,875.1,880,869.1,873.1,1503
41540,876.7,878,863.6,869.6,2261
41541,864.9,867.7,858.1,862.5,2180
41542,860.3,876.8,859.2,870,2282
41543,866,870.3,848,851.1,2275
41544,851.8,860,846.5,858.6,1504
41545,859,864.8,856,862.6,865
41547,856.8,859,838,850.1,1114
41548,866.8,890,866,886.8,2862
41550,880,889.8,867.2,869.2,2714
41551,869,875.4,855.2,859.7,2652
41552,859.5,867,859.5,863,1125
41554,857.8,859.5,843,845.2,2851
41555,847.9,859.6,845,855.3,3215
41556,850,851.9,838,841.3,2828
41557,841.1,850.5,839.7,841.5,3042
41558,842.2,844.9,835.3,842.1,2224
41559,844.9,848.3,840.7,846.6,1011
41561,849.9,863.5,848.6,861.6,2896
41562,861.2,863,846.2,848.5,2344
41563,848.5,848.5,848.5,848.5,NaN
41564,848.5,854.3,840.1,851.5,2705
41565,852,858.8,847.4,850.9,2294
41566,853,855.8,849.1,852.9,1063
41568,853.4,860.7,852,853.4,2131
41569,853.8,854,842.6,844.3,1774
41570,844,845,837.3,840.6,1782
41571,839,846.7,836.9,838.6,1705
41572,839.9,842.4,836.5,838,1492
41573,839,845,839,843.3,912
41575,844.1,848.8,841.1,841.5,1623
41576,841.4,841.4,830,832.6,1283
41577,831.6,836.1,831.1,832.4,1102
41578,833.1,834,823.8,829,953
41579,842,853,842,849.9,1657
41580,850.5,852.8,844.4,845.6,932
41582,843.6,843.6,843.6,843.6,NaN
41583,844.3,848.9,841,845.3,1674
41584,844.4,850.9,842.5,847.6,1019
41585,849.9,872.5,848.4,870.6,3084
41586,873,888,872.5,881.5,4540
41587,883.8,886.9,870.1,875.2,1742
41589,872.6,898,872.1,894.4,3676
41590,898,906,889,891.7,4671
41591,892.2,908,888.3,898.7,4005
41592,899.9,906.5,883,887.1,3410
41593,887.1,887.1,887.1,887.1,NaN
41594,887,890,872.6,875,1860
41596,876,879.3,851.7,853.9,3146
41597,853.3,865,845.7,861.2,3539
41598,860.9,867,854.4,857,2931
41599,858.8,863.6,857.2,858.9,1480
41600,859.5,861.8,848.1,851.1,1918
41601,850.7,855,849.2,852.7,716
41603,855.8,873.8,855.8,871.3,2694
41604,873.5,876.9,863,865.2,2230
41605,865,868.6,861.6,863.7,1145
41606,864.8,864.9,851,852.4,845
41607,855,865.9,848.9,864.3,1611
41610,875,886.5,874.2,876.1,2370
41611,876.8,877.9,861,864.1,2356
41612,864,867.7,860.5,864.8,1520
41613,867.3,870,863.1,865.1,1329
41614,864.5,865.9,851.1,853.7,3083
41615,854,855.3,843.5,845.4,1841
41617,848.6,850.7,843.6,845.3,1705
41618,845,855.2,843.5,845.8,2428
41619,846.5,851.7,836.3,837.8,2253
41620,837,841,828.2,829.1,1990
41621,829.1,837.4,825.3,836,1974
41622,837.3,838.4,832.5,835.1,663
41624,833.9,835,826.1,828.4,1477
41625,825.4,837.3,820.5,833.1,2981
41626,836.2,836.3,826.6,828.3,1295
41627,828.1,836,826.4,832.5,1414
41628,833,834.8,825.1,826.7,1189
41629,826.8,827.4,820.7,821.9,978
41631,815.7,826.9,814.5,823.6,1863
41632,827,827,815.1,817,1820
41634,816.2,824.1,807.8,820.6,2919
41635,821.1,831.1,818,825.4,1829
41636,830,838.7,823.5,833.7,704
41638,833.5,839.9,822.1,824,875
41639,824,832.1,819.6,829.4,767
41640,838.5,847,837.7,845.7,1137
41641,846.8,855.8,843.7,846.6,2392
41642,847,849.6,839.1,840.5,1592
41643,841.5,842,828.2,829.3,1639
41645,829.9,833,823.2,824.3,1757
41646,825,833.9,823.1,827.1,1716
41647,827.5,831.4,821.3,824,1760
41648,823.7,833.3,822.5,831.5,1961
41649,832.1,835.8,827.1,828.5,1384
41650,829,833.2,827.8,832,417
41652,834,842,828.8,840.1,1856
41653,840.1,840.1,840.1,840.1,NaN
41654,841.5,842.9,833.5,834.9,1404
41655,834,836.9,827.3,828.5,1139
41656,829.8,841,822.6,826.3,1776
41657,828,831,826,829.1,426
41659,832,834,828.1,829.4,1111
41660,828,834.8,823.9,831.3,1561
41661,831.5,833.5,825.2,826.1,937
41662,825.5,828,818.1,821,1262
41663,818,825,816.3,820.9,1196
41664,821,823.9,819,820.8,818
41666,819,821,814.1,815.6,1849
41667,816.2,819.2,811,813.7,1757
41668,810.1,816.9,810.1,814.8,1173
41669,816,825,814.5,821.3,1712
41670,815.5,824,815.5,821.3,716
41673,814.9,819.2,814,815.5,975
41674,816.2,818,791.5,794,2410
41675,794.5,799.6,786.2,793.4,1914
41676,793.7,804,792.2,801.7,1335
41677,803.2,806.8,792.6,794.8,1634
41678,792.1,792.1,780.5,782.2,1274
41680,780,786.2,774.5,775.8,1583
41681,775.5,790.9,773,788.9,2068
41682,790.5,794.4,771.1,773.3,2222
41683,773.7,778,767.5,774.2,1728
41684,775.5,778.9,762.8,763.8,1853
41685,763,769.6,762.9,767.6,800
41687,765,781.8,760.1,775.2,2185
41688,775.1,778.9,763.2,768,1599
41689,767.7,780.7,764.5,778.9,1782
41690,781.4,786,774.6,783.7,1488
41691,785,799.4,779.4,795.8,2149
41692,794.1,798.5,781.3,783.7,1646
41694,785,788,768.9,773.3,2023
41695,770.1,776.9,766.1,771.3,1738
41696,773,786.6,773,784.3,1608
41697,784.3,784.3,784.3,784.3,NaN
41698,787,793.3,779.2,787.8,1449
41701,804,821.7,802,804.4,3961
41702,807.8,828.5,805.8,823.7,3063
41703,825,841.5,824.1,832.8,3513
41704,832,834.5,820,822,3012
41705,823.5,854.8,823.5,853,3366
41706,854.8,861.3,844.3,847.1,2776
41708,852.2,871.3,849.3,866.8,4135
41709,868.7,874,843,865.5,4232
41710,865,865,840.5,842.6,3558
41711,840,848,828.2,836,3348
41712,832.9,843.8,829.2,835.5,2305
41713,838.9,857.3,837.1,854.4,1919
41715,854.4,854.4,854.4,854.4,NaN
41716,856,879.5,855,875.7,3530
41717,888.7,888.7,862,864.8,4359
41718,867,899.3,857.2,899.3,4606
41719,915,935.2,910.6,935.2,6251
41720,942.8,942.8,899.4,907.5,3725
41722,917,933,908.6,912.3,3702
41723,917.5,917.5,889.4,894.1,2902
41724,891.9,899.7,877.7,882.9,2617
41725,883.4,883.4,847.6,856.1,1165
41726,846.1,870.5,841.5,863.3,942
41727,864.7,888,864,884.8,435
41729,884.7,895.1,873.2,875.2,345
41730,891.2,891.2,852.9,854.3,3658
41731,859,875.2,853.5,871.1,3276
41732,873,879,858.5,863.7,2585
41733,866,877.6,859.9,874.8,2840
41736,878.4,878.4,851,855.9,2493
41737,855.9,855.9,855.9,855.9,NaN
41738,848.6,857.9,842.6,854.8,2333
41739,855,865,844.3,848.5,2396
41740,846,859,843.7,850,1815
41743,850,850,850,850,NaN
41744,856.7,862,838.6,843.3,2308
41745,845,853,836.5,850.5,2170
41746,852.3,856.1,847,852.4,1219
41750,844.9,845.9,831.3,833,2001
41751,829.1,841,828.9,837.4,2361
41752,838.9,843,831.7,833.3,1757
41754,828,835,824.4,826.1,1436
41757,822.1,828,820.2,825.4,989
41758,821.7,838.5,821.7,835,1448
41759,846,846,824.3,825.8,1858
41760,825.8,825.8,825.8,825.8,NaN
41761,827.1,835,826.5,833.6,1049
41764,835.6,839.5,831.2,835.5,1047
41765,838.3,858,836.1,852.8,2521
41766,853,864,845.3,846.5,2539
41767,846.6,875.4,846,872.7,3035
41768,877,891.3,867,878,2805
41771,885.5,891,870.5,873.4,2011
41772,874.2,889,870.1,877.7,2081
41773,877.7,877.7,877.7,877.7,NaN
41774,871,871.8,845,846.3,3107
41775,843,851.5,832.1,841,2136
41778,838.8,847,835.7,844.9,1276
41779,843.7,855,832.1,833.8,2196
41780,832.6,842,828.6,836.6,1588
41781,838.8,848,836,844.1,1460
41782,841.1,841.4,822.1,830,2691
41785,820,833.1,815,829.1,1774
41786,825.9,833.8,813.3,814.3,1243
41787,812.2,821.8,809.3,818.3,830
41788,819.7,825,803.1,808.7,555
41789,806.5,812,798.6,801.8,449
41792,817.1,821,811.3,812.5,1681
41793,809.5,813.8,805.5,807.7,1537
41794,805.4,831.9,802.5,826.8,3293
41795,830.2,832.9,818.1,819.8,1930
41796,816,829.5,814,827,2186
41799,829,829,802.2,803.7,2506
41800,802.2,807.7,792.4,796.3,2221
41801,798.9,800.8,790.4,795.2,1509
41802,793.9,809.9,791.5,805.1,2629
41803,803.6,807.9,781,783.2,2658
41806,759.8,776.4,759.8,769.2,3032
41807,775.1,788,773.3,785.8,2104
41808,782.3,783.2,767.3,769,2199
41809,768,775.6,765.3,768,1944
41810,767,775,761.5,769,2417
41813,768,773.5,762.7,764.6,1643
41814,761.5,764.5,747,751,3257
41815,751,757,743.8,749.8,2025
41816,747,749.5,736.5,737.9,1111
41817,737,757.9,737,747.8,1017
41820,741.6,746.5,725.4,727.1,971
41821,747.9,751.8,735.5,738.8,3190
41822,739,740.4,711.7,714.6,4130
41823,712.5,724.7,695.4,701.8,4040
41824,703,704.6,673.8,674.8,5204
41827,679.9,701.7,676.3,701.2,5286
41828,701.2,718,697.6,716.5,5164
41829,718.9,723.8,708.6,710.6,3957
41830,711.3,734.5,704.2,733,4137
41831,736.8,746,733.5,735.6,4522
41834,733.6,736.3,706.2,708.3,3335
41835,702,707.9,687.6,690.8,5848
41836,693.4,718.4,693.4,717.6,4282
41837,712.4,731.5,699.3,715.4,6834
41838,715.1,728.8,713.8,716,3475
41841,722,726.3,709,711.3,3240
41842,708.4,717.4,702.4,712.4,3103
41843,709.8,713.2,703.6,706.7,2380
41844,708,718,705.1,712.6,2442
41845,705,708.7,696.3,701.1,3393
41848,699.2,703.9,696.2,698.9,1869
41849,698.9,698.9,698.9,698.9,NaN
41850,698.7,707.7,689.5,696.2,1565
41852,707.6,710,700.5,703.5,2281
41855,706.7,715.6,705.8,713.9,3382
41856,715.8,720.9,711.9,713.6,2832
41857,711.1,714.7,704.6,706.1,2497
41858,703.2,708.8,701.1,702.3,1964
41859,701.8,707,695.3,696.8,2350
41862,697,702,692,693.1,1685
41863,694.2,707.9,693.2,705.8,2759
41864,705,709,699,701.4,2567
41865,698.3,702.9,695,696.8,1641
41869,702.1,719,702.1,717.5,3727
41870,716.7,719.8,708.6,709.8,2428
41871,709,712.5,702.4,705.5,1996
41872,703.5,703.8,696.8,698,2349
41873,697.7,699.6,691.6,693.2,3224
41876,688.3,688.9,672.5,674.6,3516
41877,668,683.4,665,680.8,2681
41878,681.9,686.6,681.9,684.4,1400
41879,683.9,689.7,683.8,687.3,1141
41883,690,690,683.6,684.4,1809
41884,682.1,686.1,675.3,676.8,2236
41885,677,679,668.8,670.2,2326
41886,672.8,678.4,671.1,673.7,2503
41887,675,676.6,663.1,664.6,2532
41890,667,667,655.3,655.9,1998
41891,655.1,674.5,652.2,670.1,3585
41892,673.8,683.4,670.1,681.1,3223
41893,681.3,690.3,678,685.7,3491
41894,681.6,683,665.5,667.9,3408
41897,662.9,674.2,660.6,670.5,3004
41898,670.6,681.4,670.2,672.5,2941
41899,672,674.7,664,665.5,2591
41900,665.2,675.5,665.1,673,2217
41901,676,682.7,672.6,681,3108
41904,677,677.4,658.6,660.7,3309
41905,659,666,657.1,660,2373
41906,660.6,665.5,655.6,656.9,2347
41907,657.7,674.2,657.1,670.2,2873
41908,675.9,678.7,665.3,668.2,1652
41911,662,666,658.2,664.3,1683
41912,668.9,677.8,667.7,670.6,1946
41913,677.6,681.3,669.1,670.7,1646
41915,670.7,670.7,670.7,670.7,NaN
41918,670.7,670.7,670.7,670.7,NaN
41919,673.7,686,672.9,677.4,2516
41920,676.6,696,676,690.5,3602
41921,691.9,697.4,682.2,687,3117
41922,690.6,699,683,694,3243
41925,698.5,707,697.4,701.4,3890
41926,703.1,709.8,697.1,699.6,3585
41928,698.7,698.7,671.7,672.7,4750
41929,670,681.3,669,674.5,2700
41932,677.4,679.1,669.1,673.3,1783
41933,675.9,683.5,673.4,681.7,2481
41934,682.6,688.5,679.9,685.6,3346
41935,686.3,687,681.8,684.9,597
41936,684.9,684.9,684.9,684.9,NaN
41939,684.8,684.9,674.1,676.4,2900
41940,676.5,678.4,665.4,671.4,2622
41941,671.4,680.4,670,677,1463
41942,680,684,670.9,679.4,1073
41943,681.1,683,661.1,670.6,684
41946,690.7,695,686,690.4,1900
41947,690.4,690.4,690.4,690.4,NaN
41948,692.5,704.9,692,702.4,3374
41949,702.4,702.4,702.4,702.4,NaN
41950,706,709,694.3,698.9,2671
41953,694.1,701.5,692.1,694.2,2142
41954,692.2,693.1,687.1,690.1,1424
41955,691.3,696.8,685,694,2321
41956,693,695.6,689,690.9,1186
41957,690.9,691.8,686.4,689,1062
41960,688,693.4,685.4,690.2,1288
41961,689.3,695.9,689.3,694.7,1704
41962,696.7,699.7,693.5,696.3,1194
41963,697.2,701.5,695.3,697.8,1374
41964,694.3,697.1,685.5,688.7,2149
41967,690.1,690.5,679,680.3,2526
41968,679,685.6,676.1,683.2,2134
41969,684.5,685.5,676.2,677.5,1446
41970,676.6,683.4,675.1,682.4,1597
41971,683,686.7,679.4,685.5,1029
41974,696.6,715.7,695,713.9,2336
41975,716,717.9,702.6,704.3,2718
41976,707.9,707.9,691.1,692.9,2307
41977,696.5,699.3,692,693.1,1307
41978,694.9,707.2,694.1,704.4,1953
41981,703.8,712.2,692.3,708.7,2508
41982,706.3,711,699.7,702,1970
41983,702,710,700.2,708.5,1707
41984,710.5,717.8,705.8,716.6,2657
41985,715.1,716,708.1,711.4,1482
41988,712.9,729,712.9,724,2961
41989,724,728.8,719.3,727.1,2447
41990,725.8,731.6,723.2,727,1844
41991,725,727.2,720.6,724.6,1135
41992,727.3,730.9,721.6,728.7,1493
41995,730.5,750.5,730.5,746.5,3368
41996,747,747,716.7,716.7,4984
41997,712.2,723.2,709,718.4,2803
41999,725,726.2,717.6,722.8,1750
42002,720,720,709.8,715.2,1231
42003,715,721.4,712,719,902
42004,719.3,726.5,716.6,722.5,455
42005,731.5,732.8,726.6,730.6,1123
42006,730.9,758.8,730.9,756.6,3726
42009,764,769.4,750,757.3,4196
42010,759.9,766.1,748.1,762.8,3654
42011,767.8,767.8,755,757,2624
42012,754.3,768.8,754.2,765.4,2923
42013,767,777.5,760.5,775.9,4335
42016,771.9,774.7,744.9,747.3,4595
42017,747.9,758.5,742.3,744.7,3401
42018,748.7,754.1,744.8,748.1,1978
42019,745,745,731.8,738.4,2819
42020,731.8,747.6,731.2,739,2440
42023,740.1,742.4,722.2,724.9,2392
42024,724,728.9,719.9,724.9,2180
42025,727,745,725.2,738.5,2948
42026,740,741,728.1,732.1,1729
42027,731.1,731.7,723.2,726.2,2586
42031,726.3,738.4,725.5,734.9,3001
42032,733.4,734.1,727.1,728.9,2466
42033,729.1,736.1,729.1,730.3,1930
42034,731,737.7,728.1,733.5,1059
42037,745,761,744.7,758.8,1827
42038,760.1,764.8,755.3,757.1,2367
42039,757,763.5,752.1,753.8,1696
42040,754.9,771.8,753.3,766.1,2647
42041,764.6,774,763.4,766.7,1889
42044,764,766.4,755.4,757.9,1433
42045,758.4,758.5,748.8,750.1,1558
42046,747.6,753.5,745.3,750.8,1414
42047,749.6,755.7,748.5,749.7,1183
42048,748,749.3,744.5,746.2,1461
42051,741.5,743.7,736.4,741.2,1517
42052,741.2,741.2,741.2,741.2,NaN
42053,740.1,752.5,740.1,750,1579
42054,750.1,754.6,744.4,745.6,1447
42055,745.4,752.5,742.2,750.8,1844
42058,754,758,744.5,746.3,3049
42059,747,755,745.5,752.9,2664
42060,751.4,767,751.4,764.5,1646
42061,764.1,770,760,764.6,998
42062,767.5,769.8,756,763.2,1329
42065,782.9,807.4,781.8,799.2,3799
42066,799,804.9,790.3,795.2,3105
42067,798.1,811.1,795.2,806.4,2840
42068,808.8,810.5,798.1,802.9,2301
42069,802.9,802.9,802.9,802.9,NaN
42072,799.8,813.4,798.6,811.6,2071
42073,813.8,819.7,807.8,816.5,2127
42074,815,833.9,814.5,831.4,3173
42075,830.3,836.9,815,821.2,3745
42076,824,839.5,820.4,837.3,3157
42079,845,849,835.5,847.6,3007
42080,846.2,846.2,830.4,831.9,2844
42081,832.1,834.4,798.7,800.6,4268
42082,805,811.5,790,796.6,3912
42083,801.6,805.7,793.3,802.5,2708
42086,804.5,807.9,793.7,800.3,2629
42087,799.6,812.6,798,810.8,2413
42088,810,829.2,808.8,825.6,2424
42089,814.5,822.7,809.6,812.2,990
42090,811.5,825.5,811.1,819,1077
42093,815,823,811.2,820.4,1615
42094,824,849.9,823,846.9,847
42095,857.4,889.5,855.4,867.3,6302
42096,867.3,867.3,867.3,867.3,NaN
42100,870,884,863.1,879.4,3997
42101,886.5,906.2,878.2,901.9,5561
42102,900.4,905,885.5,887.9,5677
42103,888,917.8,887,914.2,5451
42104,918,933.6,916.8,928.3,4979
42107,924.3,960.9,915.5,956.9,7037
42108,956.9,956.9,956.9,956.9,NaN
42109,969.8,995.1,969,995.1,6318
42110,1026.6,1054.8,957,974.5,9663
42111,975,977,937.7,942.6,6384
42114,943.4,980.3,934.1,980.3,5192
42115,1010,1039.1,963.2,966.9,7951
42116,971.2,998,962.7,984.3,5667
42117,993,1014.1,970,1002.6,5491
42118,1012.1,1027,1000.8,1005.8,4797
42121,1008.1,1015,983.4,987.1,1794
42122,987.6,990.1,968.3,970,814
42123,971,1005.2,971,998.9,848
42124,1004,1011.3,984.1,985.9,881
42129,1022.2,1037.8,1014,1019.2,6137
42130,1010.4,1012.7,978.5,978.5,4386
42131,969.9,970,939.4,947.8,5893
42132,957,964.5,916.1,919.5,5804
42135,912,937.5,898,905.2,4875
42136,907.2,919.3,898.5,904.3,4276
42137,912,931,910,926.3,4757
42138,932,942.8,918.6,922.2,4634
42139,917.7,937.3,912,933.2,3776
42142,938.9,951.8,927.2,929.4,3557
42143,928.2,936.3,921,923.2,2471
42144,925,929.4,916.5,920.5,2647
42145,916.4,917.9,903.1,907.2,2620
42146,902,910.3,873.2,882.9,3788
42149,879.8,918.2,874.5,916.6,3711
42150,925,930.9,912.7,919.1,1645
42151,914.6,916.7,906.6,909.6,796
42152,915.5,929.1,907.1,926.7,791
42153,920.5,951.7,913,942.4,606
42156,955.5,991.3,955.5,991,5925
42157,992,1013.7,975.1,981.3,7089
42158,979.9,995,967.6,974.8,4954
42159,975.7,985.3,963.6,968.2,4496
42160,964.9,965,929.5,944.7,6326
42163,949,965,945,962.1,5072
42164,966.2,991.5,965,983.9,6943
42165,988,997.8,981,984,5203
42166,978,1000,972.6,996.1,5081
42167,994.6,1012.3,991.1,1003.1,5381
42170,1021.1,1042.9,1014,1037.4,6310
42171,1051,1065,1036.1,1049.7,7663
42172,1033.2,1085,1025.6,1073.5,7493
42173,1078.5,1116.4,1066.3,1111,8565
42174,1126,1146.8,1080.5,1103.6,11925
42177,1092,1114.6,1075.3,1090.5,8824
42178,1077.5,1085.3,1046.9,1051,6767
42179,1064.7,1081.5,1059.1,1067.6,4390
42180,1076,1097.8,1072.8,1076.7,2612
42181,1072.8,1082.6,1041.7,1052,2127
42184,1044.8,1062,1034.3,1057.1,1011
42185,1068.6,1085,1063.6,1082.1,1299
42186,1097.5,1103,1053.6,1057.6,6497
42187,1051.1,1072,1033,1057.8,7158
42188,1059.9,1066.5,1048.1,1061.5,5075
42191,1070,1084.5,1068.6,1080.1,4291
42192,1069.4,1071.4,1038.7,1044.9,5357
42193,1037.2,1042,1015.8,1024.8,3769
42194,1022.2,1039.2,995.4,1000.8,5330
42195,1004,1018.8,995.4,1015.5,4821
42198,1005.6,1008.4,988,993.3,4029
42199,990.2,1001.7,974,982.2,3958
42200,977.1,997.7,977.1,994.3,2598
42201,993.6,1001.1,965.3,969.5,3373
42202,975,980.6,963.6,975.2,3007
42205,966.2,968.4,936.2,936.6,3187
42206,935.5,950.9,928.3,947,4220
42207,943.2,955.3,936.3,939,3341
42208,938.9,944.4,920.5,924.2,2535
42209,925.4,934.9,914.1,921,3337
42212,921,938.9,921,931,1739
42213,930,932,914.1,928.2,1361
42214,935.4,937.5,921.5,922.9,985
42215,922,937.9,917.5,935.7,524
42216,943.5,950.5,933.5,948.1,963
42219,960.4,962.6,924.6,928,4160
42220,924.5,929.2,890.9,902,6228
42221,904.4,911.1,891.1,908.3,3584
42222,911.9,913.9,889.3,892.5,4092
42223,892,919.8,886.3,915.4,4674
42226,907.8,939,900,935.5,4095
42227,931,946,928.3,931.6,4197
42228,935.7,952,933.8,943.4,4068
42229,950.1,960,940.3,957.8,4054
42230,958.9,958.9,943,947.1,3852
42233,942,944.5,926.8,930.1,3364
42234,929.6,944.3,927.2,941.2,4084
42235,941.5,948.6,938.2,943.4,5540
42236,945.6,957.2,945.1,953.8,3505
42237,957.8,980,956.6,977.3,4319
42240,980.1,980.1,940.6,949,5020
42241,946.9,966.8,943.5,963.6,3422
42242,968.9,972.7,951,953.5,2132
42243,953.1,967,944.8,962.6,1126
42244,964.4,964.8,950.4,962.5,812
42247,960.6,977,958.8,973.1,837
42248,985,990.6,970.1,976.6,2618
42249,972.8,989,970,973.5,2881
42250,972,976.7,953.4,956.7,3584
42251,956.8,959.4,941.2,945.1,3433
42254,942,944,907.3,909.9,4576
42255,908,918.9,897.2,915.8,3885
42256,917.9,923.8,906,916,3467
42257,917.1,931.9,915.1,927,3272
42258,930.5,937,914,934.4,4306
42261,929.5,940,923.8,927,3068
42262,923.5,928.9,918.1,919.7,2399
42263,920.5,933.8,915,918.1,3157
42264,918.1,918.1,918.1,918.1,NaN
42265,922,923,910.6,912.9,2006
42268,910.5,921.4,907.3,916,2900
42269,914.4,922,905,908.8,6085
42270,906.1,913.3,904,911.2,3086
42271,913.9,921.6,911.6,914.8,3325
42272,914.8,914.8,914.8,914.8,NaN
42275,918,921,908.8,911.1,2013
42276,909.1,910.9,875.3,886.2,1935
42277,888.1,898,876,891.6,566
42278,901.1,913.7,900.6,906.2,1862
42282,903,903,870,870.1,3192
42283,870.5,870.5,836.3,850.8,3276
42284,854.1,866,850,857.5,2431
42285,865,865.6,850.1,863.7,2515
42286,863.3,879.5,860.6,877.1,2613
42289,873,873,846.1,854.1,2456
42290,852,868,848.7,864,2091
42291,865.2,878,863,866.1,2332
42292,864.2,877.8,864,872.2,2274
42293,873.9,900.5,872.1,895.2,3721
42296,893.4,909,866.7,873.2,4307
42297,872,882.6,866.3,877.6,3272
42298,876.7,895,876.7,892.3,4012
42299,892.3,892.3,892.3,892.3,NaN
42300,894.8,901.7,882.2,898.6,4617
42303,895.2,904.5,888,891.5,3253
42304,890,895.1,883.8,893.6,1995
42305,896.9,903,892.5,901.5,1028
42306,901.5,906.7,893.5,900.6,890
42307,899.2,924,893.3,919.2,637
42310,933.2,936.8,923,932.2,2365
42311,934.2,936.2,927.3,932.8,2108
42312,930.9,954.3,927,952.1,3183
42313,953.4,958.5,943,956.6,2385
42314,954.9,957.9,945,948.3,2572
42317,949,953.7,916,918.8,2894
42318,918.2,922.6,890,903.6,2838
42319,904,905.6,891,897.2,979
42320,897.2,897.2,897.2,897.2,NaN
42321,894.3,899.5,884.2,891.8,1624
42324,890,896.7,887.8,892.2,1256
42325,889.9,904.7,871,897.2,3731
42326,900,902.8,890.5,894.7,1694
42327,890.4,922.8,890.4,920.8,2951
42328,920,922.4,901,911.2,5221
42331,909.9,918.3,903.2,914.6,3499
42332,910.9,915.3,892,902,3430
42333,902,902,902,902,NaN
42334,907.7,914.8,901.5,904.1,1554
42335,905.6,909.9,900,904,1350
42338,909.1,912.1,901.4,909.7,577
42339,924.9,924.9,911,917.1,1701
42340,915,924.9,913,923.3,1679
42341,922.5,922.5,906,910,1628
42342,903.7,909,877.3,889.6,2956
42345,890.9,901.4,884,899.1,1741
42346,899.9,904.6,891,902.1,1715
42347,902,906.7,896.9,901.5,1274
42348,902.4,904.2,895,902.5,1076
42349,901.3,915,898.1,910.2,1674
42352,912,912.6,900.2,902.8,1337
42353,899.4,905.3,892.5,903.5,2056
42354,902.2,906.6,898.4,901.9,1142
42355,898.5,905,895.5,903.4,1297
42356,904.9,905,897.5,903.2,1237
42359,900,900,890,893.6,2237
42360,888.4,897,882.5,893.6,5823
42361,894.1,896,886.4,891.3,3055
42362,891.3,891.3,891.3,891.3,NaN
42366,890.1,895.1,880.1,885.1,2061
42367,881,883.1,871,873.6,1161
42368,875.1,908.5,875,902.7,903
42369,901,905.4,888.1,896.1,167
42370,901,916.5,900,903.9,1605
42373,903.5,905.9,886.6,892.8,1581
42374,892.9,901.4,891.5,893.2,1274
42375,893,896.6,888,891.9,1273
42376,891.4,892.6,876.3,880.7,2164
42377,884,888.6,880.4,886.7,1483
42380,886.9,887.2,871,873.8,1610
42381,869.1,878,867,876,1499
42382,876.9,878.5,866,869.1,1477
42383,865.1,883.5,865,881.7,2325
42384,879.9,880.8,875,877.9,1168
42387,870.5,876.3,868.6,875.3,1032
42388,874.6,880,874.5,877.8,1165
42389,877.2,879.2,870.5,877.4,1050
42390,878,878.8,871.4,874.9,3457
42391,873.5,882.4,871.5,877.5,4101
42394,875.8,877.8,866.5,869.7,1996
42396,870.3,871.5,862.5,865.4,1582
42397,861.7,867,859.8,864.2,736
42398,863.3,881.3,861,871.1,1097
42401,887.6,891.9,875.1,876.5,1459
42402,876.9,884.9,876.6,880,1034
42403,880.9,902.7,876.5,897.5,1762
42404,898.9,919.3,896,915.6,2437
42405,917,917.7,900,905,1745
42408,905.9,922,905.9,920.5,1971
42409,918,931,905.1,908.8,2409
42410,909.3,916.9,896.7,899.5,1487
42411,899.2,908.3,896.1,907.2,1163
42412,909,909.8,893,904.6,1878
42415,907.1,940.7,906.3,937,2840
42416,946.5,946.6,927.1,932.5,2122
42417,937.8,945.4,923.1,941.9,2078
42418,943,954,936,944.2,2366
42419,943,948.7,936.2,938.6,1843
42422,940.1,944,931.1,936.5,4256
42423,934.7,946.8,927,940.8,2789
42424,942,944.9,932.3,942.6,1673
42425,940.8,943.8,937,939.2,1100
42426,937,941.2,928.9,930.4,850
42429,924.1,929.7,902.6,906.3,850
42430,914.2,922.6,910,915.5,1278
42431,916,932.9,916,930.4,1231
42432,930.5,930.6,902.8,907.9,1838
42433,906.7,917.4,904.2,911.4,1343
42436,911.4,911.4,911.4,911.4,NaN
42437,912.9,916.9,892.2,899.4,2048
42438,902.7,908.4,896.7,902.8,1294
42439,902,906.8,890.1,895.6,1485
42440,895.1,903.7,891.5,898.8,1253
42443,898.9,903.9,880,882.5,1974
42444,882.8,889.4,880.2,887.5,1387
42445,889.9,889.9,867.5,870.3,2182
42446,875.3,877.5,867.1,870.8,3011
42447,872.1,874.8,867.1,868.9,1686
42450,871.6,874.8,844.5,847.5,2166
42451,844.1,849.2,813.6,824.1,3436
42452,824,832,816,827.6,1804
42453,827.6,827.6,827.6,827.6,NaN
42457,828,851,826,845,1265
42458,842.3,845.9,836,838.6,653
42459,835.6,842.6,805.6,809.3,1136
42460,801.3,833.5,792.5,829.7,427
42461,838.8,842,816.2,819,1547
42464,823.9,832.3,820,823,1793
42465,824.8,824.8,798.4,799.8,2555
42466,801.9,814.8,799.9,807,2113
42467,804,812.9,800.2,804.5,1856
42468,800.5,808.8,792,795.5,1976
42471,797.1,806,795.4,803.1,1645
42472,805.8,835.2,804.3,834.4,2762
42473,837.7,847.4,826.5,832.7,2420
42474,832.7,832.7,832.7,832.7,NaN
42475,832.7,832.7,832.7,832.7,NaN
42478,842,859.8,832.5,854.4,1785
42479,854.4,854.4,854.4,854.4,NaN
42480,854.5,865.2,848.9,856.1,1690
42481,855.1,864.8,849,858,1254
42482,858,883.7,858,878.8,2240
42485,892,892,845,848.4,2350
42486,844,849.9,836,845.6,1589
42487,850,867,847.4,859.4,1047
42488,854.5,861.8,847.1,857.4,815
42489,861,861,853,854,877
42492,868.9,889.3,868.9,886.9,2048
42493,888.9,890.2,862.4,865.6,2815
42494,864,874,852,866.2,2676
42495,864.4,868.4,856.6,863.7,2085
42496,861.8,884,860.4,881,2796
42499,880.4,885.6,871.8,880.2,1783
42500,872,874.8,864.3,867.4,1093
42501,862.2,880.5,860.6,873.2,1268
42502,877.8,877.8,855.1,862.6,1638
42503,860,871.6,854.1,866,1253
42506,869.9,874,864,871.3,835
42507,872.6,876.1,865,869.7,861
42508,870,895.6,870,892.6,2434
42509,892.1,895,885,890.4,1120
42510,887,887.9,866.7,872.1,1575
42513,870.1,876,861.5,873,1506
42514,875,876.3,863,870.8,1151
42515,873.6,875.9,867,869.1,1429
42516,867.5,870.2,861.2,863.1,537
42517,862.8,866,850,853.8,934
42520,853.9,870,853,867.1,241
42521,867,885.4,867,871.9,138
42522,878.9,880.7,867.8,870.5,1308
42523,868,879.6,865,877.5,1415
42524,880,884.3,872.3,875.1,1771
42527,865,870.9,855,857.8,2250
42528,854.1,859.7,846.6,848.2,1668
42529,848.1,857.6,846.7,851,1355
42530,852,858.9,848.6,849.9,1116
42531,851,852.9,840.3,848.1,1446
42534,843,843,831.3,833.3,1230
42535,831,841.7,831,837.5,1344
42536,842,858,842,849.6,1756
42537,855.2,857.6,825.1,829,2074
42538,824.3,847.8,824.2,843.1,1556
42541,838,860,836,850.4,1757
42542,851.6,855,841,851.5,1664
42543,848.3,854.3,836.2,839.5,1764
42544,838.7,843,833.1,836.6,1191
42545,835,843.8,835,839.5,1226
42548,838.9,840,818.5,820.5,1114
42549,822.7,826.3,817.6,821.3,779
42550,818.7,827,816.8,824.6,634
42551,821,825.7,818,822.1,994
42552,836,844.9,833,835.6,2125
42555,839.5,842,830.4,832.5,1540
42556,831.1,838,828.5,835.2,1334
42557,835.2,835.2,835.2,835.2,NaN
42558,838,842,831.7,833.2,1343
42559,831.4,846.5,828.4,844.7,2624
42562,850,854.3,839.2,844.2,1770
42563,849,862,847.6,857.3,2703
42564,862,870,852.2,868.3,2770
42565,864.2,873.6,855.3,858.9,2681
42566,862,881.5,858.3,877.4,2800
42569,884.5,912.4,882.5,911.3,4640
42570,902.2,938,892.6,933.8,4916
42571,936.8,947.7,910.8,913.8,6073
42572,915.5,938,915.5,931.8,3771
42573,932.9,958.9,928.2,957,3981
42576,950,981.4,941,962.5,3388
42577,956.5,965.4,933.7,949.3,1887
42578,939.9,943,921.2,925.9,723
42579,930.5,940.2,901.1,911.5,760
42580,908.9,913.6,890.1,892.3,307
42583,921.4,936.8,914.8,933,3812
42584,943,957.6,932,937.7,5425
42585,927.8,942.1,921,939.2,5345
42586,941.8,947.8,926.3,929.1,3808
42587,927,938.7,923.4,927.3,3456
42590,923.6,923.6,896.5,900.1,4078
42591,900,908.9,896.5,905.3,3518
42592,909.5,918.9,905.3,914.6,2674
42593,910.5,911.1,897.3,905.5,2760
42594,905.1,912.5,903.7,906,2432
42598,906,912.8,893.6,897.3,2484
42599,896.8,898.9,890.6,892.6,1908
42600,892.1,898,887.3,888.1,1123
42601,888.5,891.7,880.1,886.1,1739
42604,887.9,887.9,880.2,882.5,1722
42605,880.5,907.9,880.5,903.3,2575
42606,903,908.7,896.5,900.8,1900
42607,900,900,874.1,879.1,1890
42608,880.3,891.9,874.1,887.1,838
42611,887.8,889.7,877.9,880.7,811
42612,879,890.4,879,888,707
42613,888.4,900,886.5,896.4,486
42614,906.7,909.5,886.7,888.7,2188
42615,888,896.6,883.7,894.7,1666
42618,894.7,894.7,894.7,894.7,NaN
42619,891.7,908.4,886.8,904.6,2094
42620,905.1,913.7,899.4,910.8,1926
42621,908.6,917.5,895.3,900.1,2436
42622,900.9,907.3,898.6,900.6,1380
42625,898.2,907.1,898.2,902.7,1070
42626,902.7,902.7,902.7,902.7,NaN
42627,905.1,909.9,904,908.5,1218
42628,908.2,912.2,899.1,901,1464
42629,901.4,904.1,896.6,898.2,1201
42632,895,895.1,887.2,890.6,1429
42633,891,896,880.5,883.4,1953
42634,884,887,881.3,883.5,1069
42635,883.6,885.1,873,878.3,1690
42636,878,881.2,874.6,877.3,1712
42639,878.3,881.7,868.2,870.9,2019
42640,869,872.7,851,853,2169
42641,855.9,866.3,854.2,864,1152
42642,862,866.1,845.4,850.9,821
42643,852,864.1,850,859.9,812
42646,872,881.4,871.5,874.2,1493
42647,881.9,886.2,866,867.8,1684
42648,869.1,872.8,856.1,857.7,1611
42649,861.7,868,852.6,866.6,1514
42650,869.6,870.5,856.6,866.4,1226
42653,866.8,871.7,863,869.6,866
42654,869.6,869.6,869.6,869.6,NaN
42655,869.6,869.6,869.6,869.6,NaN
42656,870.1,884.5,869.6,883,1809
42657,884.3,906.9,884,904.7,2427
42660,904.9,925.9,904.9,919.9,2560
42661,916,930.3,916,921.7,2113
42662,924.8,927.9,908.2,912.1,1841
42663,912.5,915.5,907.3,911.2,1311
42664,912.9,916.3,902,903.7,1249
42667,903.5,906.3,889.1,891.3,2707
42668,893.3,897.9,890.2,893.3,1064
42669,894.1,905.6,888,902.4,1005
42670,904.9,908.1,898.5,900,488
42671,900.8,904.8,895.1,903.3,347
42675,916.5,953,915.3,951.8,2571
42676,956,956,942.8,944.5,1952
42677,944.9,946.3,927,931.1,1949
42678,932,968.3,930.3,966.6,3022
42681,960.2,979.8,955.1,958.7,2651
42682,960.1,978.1,955.5,974.2,2572
42683,969.1,969.1,935.3,936.2,2010
42684,934.3,935,909.3,918,2100
42685,918,944.1,916.9,931,1359
42688,931,931,931,931,NaN
42689,945.5,968.2,936,968.2,623
42690,997.2,1006.9,971,977.3,2314
42691,980,990,967,972.2,1786
42692,973,995,966.5,976.1,2177
42695,963,965.8,947.1,950.3,1392
42696,952.4,962.4,921.8,931.4,1798
42697,917,934.3,907.6,915.1,1835
42698,913.3,934,911.1,932.3,2602
42699,932.3,948.5,918.2,945.1,1760
42702,938.1,970,932.7,967.5,1220
42703,964.2,978.3,950.8,959,1248
42704,955.1,969,948,952.1,587
42705,957.4,981.5,957.1,978.5,1621
42706,981.7,992.4,969,972.2,1724
42709,965.9,984.9,959,981.2,1163
42710,982,986.9,974,981.2,1289
42711,978.2,980,958,961.2,1388
42712,963.9,969.8,949.1,957.4,1551
42713,959.4,974,958.8,970.8,1173
42716,970.8,970.8,970.8,970.8,NaN
42717,976.7,1009.6,973.2,1003.4,1752
42718,1009,1026.9,999,1006.8,2881
42719,1006,1016,993,997.6,1576
42720,998,1012.6,995.1,998.9,1915
42723,1006.6,1028.8,1005.9,1026.8,1778
42724,1029.9,1034,1016.3,1022.2,1975
42725,1028.9,1050,1027.5,1046.2,2168
42726,1048.2,1052.5,1020.8,1030.4,2709
42727,1032.6,1044.9,1022.5,1025.7,2187
42730,1024,1024.1,1002.3,1005.3,3186
42731,1005.9,1035,1005.1,1031.9,1073
42732,1031.8,1036,1021.9,1026.2,1005
42733,1027.3,1037.7,1020.4,1026.4,514
42734,1027.1,1035.6,1019.3,1027.6,209
42737,1048.6,1071.9,1048,1068.4,2314
42738,1071.5,1071.5,1048.2,1052,1984
42739,1052.6,1056.7,1033.3,1042.1,2108
42740,1043,1048.9,1038.5,1042.7,1470
42741,1042,1058,1033.6,1055.3,2014
42744,1055,1059,1043.1,1045.2,1898
42745,1045.1,1047.5,1018.7,1025.7,2709
42746,1028.6,1033.9,1020.1,1026.6,1736
42747,1025.4,1037.4,1023.4,1032.1,1440
42748,1034.8,1044.8,1031.1,1042.6,1221
42751,1038.2,1039.2,1019.5,1027.7,1462
42752,1029.1,1030.9,1015.1,1017.1,1485
42753,1017,1024.4,1016.2,1022,1116
42754,1024,1029.3,1022,1027.7,734
42755,1029.4,1034,1001,1004.2,2355
42758,1003,1012.7,1001.4,1009.2,1386
42759,1007.3,1012.6,997,1000,1947
42760,1000.1,1005.5,996.1,1001.7,1557
42762,1003.7,1018.9,1002,1014.7,972
42765,1007.1,1014.5,1004.1,1006.2,555
42766,1005,1005,985,985,308
42767,1002.9,1016.5,1002.9,1011.6,1002
42768,1010.8,1012.7,1001.8,1003.1,896
42769,1005.3,1007.4,995.2,998.5,1172
42772,1003,1010.9,1001.2,1009.5,1057
42773,1010.3,1038,1010.2,1026.7,1864
42774,1030,1037.8,1027,1034.8,1208
42775,1033,1034.3,1024.9,1032.4,1154
42776,1032,1032.9,1025.3,1027.4,851
42779,1029.7,1047.6,1029.7,1044.9,1707
42780,1046.6,1046.6,1035.9,1044.1,938
42781,1046.1,1047.2,1015.6,1027,1518
42782,1027.4,1030.6,1018,1027.1,932
42783,1025.3,1034.8,1023.1,1025.5,903
42786,1024,1025.7,1007,1021.4,1554
42787,1021.4,1022.1,1014,1015.1,1252
42788,1013,1023.8,1010.1,1017.4,1588
42789,1016.5,1016.6,1007.9,1009.1,1449
42790,1009.1,1009.1,1009.1,1009.1,NaN
42793,1014.5,1016.4,1006.3,1007.5,736
42794,1011.5,1033,1006.2,1029.6,323
42795,1042.1,1048,1032.2,1042.4,1532
42796,1049.4,1056,1040.5,1045.2,1958
42797,1043.2,1045.3,1036.5,1042,958
42800,1045,1050.4,1038.9,1041.2,1193
42801,1040,1040.7,1032.6,1036.8,1032
42802,1036.5,1036.5,1022.7,1026.5,1243
42803,1026,1026.9,1016,1024.3,1150
42804,1025.1,1028.2,1018.5,1021.6,841
42807,1021.6,1021.6,1021.6,1021.6,NaN
42808,1020,1030.2,1017,1024,735
42809,1026,1026,1001,1003.9,1588
42810,1004.1,1008.6,998.1,1004.3,1269
42811,1007.7,1008.8,995.5,998.1,1137
42814,995.3,1003.5,992.9,994.3,792
42815,994.9,998.5,987.3,989.1,1152
42816,986.5,990,964.4,967.4,1549
42817,965.8,974.7,963.5,966.4,1257
42818,967.8,976.7,965.5,974.1,1524
42821,972,978,966.1,968.2,1171
42822,964.8,975,964,972.5,515
42823,973,995.5,973,992.5,613
42824,992.5,1001.7,984.2,985.8,469
42825,985.5,989.9,980.1,983.3,175
42828,994.1,999,982,991,927
42829,991,991,991,991,NaN
42830,989.9,1008.6,989.9,1000,1732
42831,999,1004.5,994.1,995.8,1198
42832,995.9,998.3,988.6,994.5,897
42835,995.2,1004.8,985.7,988.8,1670
42836,985.4,990.8,976,978.1,1122
42837,982,987,980,983.8,1015
42838,986.2,993.5,983.1,991.5,955
42842,990,992,965.5,967.2,1481
42843,964.6,970,956,959.2,1139
42844,956.1,960,932.9,942.1,1944
42845,944,952,941.6,944.5,964
42846,946.1,954,944.6,948.2,978
42849,944.1,945.6,935,938.4,1397
42850,937.3,937.3,926.7,928.5,1127
42851,927.2,937.5,923,936.7,856
42852,935,938,920,925.9,500
42853,924.5,953.6,921.7,943.4,590
42857,948.5,951,925.3,928.8,1626
42858,922.3,931.8,913.5,921.5,1212
42859,923.9,927,912.3,916.8,1092
42860,915.5,927,911.6,915.1,1565
42863,906.6,912.8,903.1,907.5,1234
42864,906.8,938,906.8,935.6,2127
42865,936.2,939.3,910,912,1538
42866,913.5,934,913.4,930.6,1345
42867,927.8,954.5,926,944.8,1733
42870,950.1,960.7,937.6,958.6,1364
42871,950.2,960,947,954.4,1070
42872,951.9,967.5,949.5,964.5,1239
42873,958,964.7,956.1,961.4,1079
42874,955.6,959.5,938.3,940.4,1283
42877,941.2,947,916.1,944.4,1532
42878,943.4,948.5,935,943.6,1020
42879,943.6,965,941.6,958.2,1290
42880,955.5,968,954.1,963.4,677
42881,963.4,1001.9,963.2,1001.4,623
42884,1018.9,1041,1013.2,1039.5,616
42885,1059.7,1059.8,998,998,438
42886,968.1,980.9,958.1,958.2,443
42887,938.1,942.7,932.2,935,1142
42888,934.2,938.8,917.4,924,1062
42891,912.7,916,899.3,900.6,1478
42892,899,907.8,886,897.8,1478
42893,899.8,909.9,899,900.9,1316
42894,903.1,911.8,901.2,906.9,1180
42895,912,927,909.1,920.1,1619
42898,915.1,918.8,905.6,908.1,1194
42899,907,918.8,901.6,916.3,1582
42900,915,933.5,914.1,928.9,1461
42901,932.1,938,924.8,927.7,1680
42902,935.7,935.7,921.2,922.8,1243
42905,915,924.6,911,921.8,1328
42906,923.3,930,918,923,1395
42907,921,930,914.3,927.7,1676
42908,927.5,929.4,919.7,927.1,1133
42909,923,923,905.8,908.6,1417
42912,908.6,908.6,908.6,908.6,NaN
42913,904,904.6,883.9,888,1146
42914,889,894.2,875.1,877,890
42915,875,888.6,875,882.9,430
42916,883,891.6,870,874.5,449
42919,897,899.9,881,887,1836
42920,886.6,895,881,893.9,1457
42921,893.1,917.8,890,912.7,1872
42922,915,936,912,933.1,2754
42923,926.3,942,923,939.1,2568
42926,933.9,941,930,939.5,1260
42927,942,953,939.5,942.1,2126
42928,942,951.9,937.3,948,1991
42929,944.1,946,932.4,943.4,2288
42930,947.5,964,946.5,960.6,2691
42933,966.1,969.9,953.5,955.9,2074
42934,953,958.5,946,956.2,1865
42935,957.1,975.7,953.2,973.5,2293
42936,972.6,985,970,980,2332
42937,975,980.2,970.6,975.7,1916
42940,982,1014.7,982,1014.7,2267
42941,1017.9,1046.1,1011,1042.7,2991
42942,1030.2,1036.9,1018.8,1025,1041
42943,1032.4,1063,1028,1058.3,720
42944,1065.5,1065.5,1034.7,1044.2,396
42947,1075.5,1085.9,1075.5,1085.9,17
42948,1128.5,1139.5,1061.1,1139.5,4259
42949,1169,1170,1127,1138.3,5438
42950,1139,1156,1115.5,1144.8,4356
42951,1156.6,1179.1,1142.4,1169.7,5303
42954,1162.5,1167.2,1134.7,1161.4,2873
42955,1165.9,1168.1,1130.5,1134.4,3410
42956,1128,1139.5,1102.2,1106.7,3707
42957,1113.4,1118.8,1094,1110.2,3038
42958,1118.7,1139,1113.6,1134.5,2897
42961,1132.9,1167.5,1128.6,1165.2,3437
42963,1168,1198.2,1168,1186.7,4793
42964,1198,1223,1172.7,1218.1,4617
42965,1211.1,1228.3,1196.2,1201.3,4821
42968,1209.9,1225,1176.2,1183.5,3513
42969,1176.4,1179,1152.4,1162.8,3307
42970,1175,1200,1168.8,1183,3396
42971,1179.2,1179.2,1150,1163.9,2389
42972,1163.9,1163.9,1163.9,1163.9,NaN
42975,1155.1,1165,1151.5,1154.9,1312
42976,1152.1,1169.4,1142.4,1168.2,534
42977,1169,1178.2,1166.3,1171,489
42978,1176.5,1187.9,1174.3,1177.4,253
42979,1195.3,1212.2,1195,1202.8,2538
42982,1193.9,1195,1176.4,1179.9,1978
42983,1182.9,1184.9,1174.1,1180.2,1622
42984,1179,1180.5,1167.6,1178.5,2363
42985,1177.5,1210,1177.4,1205.5,3364
42986,1205.6,1218,1200.1,1203.2,2955
42989,1200,1206,1182.6,1202.7,2828
42990,1202,1213.8,1200,1203.9,2362
42991,1202.6,1210.8,1195.1,1201.2,2209
42992,1198.2,1204.1,1191.1,1198.4,2084
42993,1196,1208,1196,1201.7,1521
42996,1198.1,1201,1182.6,1185.7,1751
42997,1182.4,1182.5,1162.6,1167.3,2857
42998,1164.6,1184.5,1160.6,1180.2,1881
42999,1179.9,1184.8,1169,1172.1,1597
43000,1175.5,1183,1170.5,1175.1,1374
43003,1175.5,1175.5,1148.6,1157.5,1414
43004,1152.7,1156,1141,1149.3,1184
43005,1146.3,1180,1144,1173,595
43006,1171.8,1173.7,1159.5,1163.6,304
43007,1163.4,1180,1163,1173.6,366
43011,1191.2,1203.9,1180.2,1197.8,1573
43012,1201.5,1213,1197.1,1209.5,1858
43013,1209.8,1227.4,1208.1,1221.2,2171
43014,1223,1226,1210,1211.6,1608
43017,1212,1223.9,1211.1,1213.4,1255
43018,1214,1221,1213.5,1217.4,1229
43019,1221.4,1257.9,1221.4,1253.6,2677
43020,1261,1264,1245.5,1248.7,2310
43021,1253,1253.5,1233.1,1238.3,1857
43024,1245.1,1257,1241.2,1243.3,1667
43025,1240.8,1252,1237.8,1249.2,969
43026,1252.1,1267.9,1252.1,1258,1631
43027,1264.6,1270.5,1255.1,1258.9,490
43028,1258.9,1258.9,1258.9,1258.9,NaN
43031,1252.3,1252.4,1232.6,1236.9,1371
43032,1241.8,1251.8,1227.1,1247.6,1690
43033,1250.4,1261,1245.3,1257.6,1478
43034,1261.3,1276,1255.5,1273.9,1710
43035,1275.9,1307.9,1270.7,1298.4,809
43038,1312,1318,1270.5,1311.2,532
43039,1311.4,1350,1275.1,1304.6,184
43040,1323,1365.5,1323,1365.5,2580
43041,1369.9,1420.1,1345.1,1419.4,4112
43042,1421,1474,1421,1467.3,5359
43045,1468.9,1525.9,1468.9,1525.9,2859
43046,1539.8,1586.9,1529.3,1586.9,4880
43047,1604,1650.3,1604,1650.3,1916
43048,1699.8,1716.3,1699.8,1716.3,68
43049,1767.7,1767.7,1647.7,1647.7,1301
43052,1598.3,1713.6,1581.8,1713.6,4066
43053,1725,1782,1647.5,1657.8,3429
43054,1661,1703.6,1626,1655.4,2351
43055,1652.1,1675,1613.8,1625.8,1412
43056,1636,1643.5,1616.3,1624.5,1194
43059,1660,1689.4,1660,1689.4,781
43060,1740,1756.9,1690.9,1716,1408
43061,1714.4,1767.4,1692.1,1707.2,855
43062,1740,1775.4,1720,1769.6,500
43063,1766.4,1770.8,1716.6,1717.5,291
43066,1705.8,1764,1702,1733.7,173
43067,1737,1764.8,1719.2,1756.1,187
43068,1785,1808.7,1780,1807,147
43069,1841.4,1861.2,1790,1817.5,101
43070,1871.7,1936.3,1826.3,1923.2,1730
43073,1960.6,1991.9,1874.9,1910.3,2309
43074,1886.1,1923.9,1876.2,1895.2,1847
43075,1892.1,1913.6,1846.1,1854.5,1613
43076,1852.8,1872,1791.3,1860.1,2718
43077,1872,1915.9,1854,1904.3,1925
43080,1881,1881,1828.2,1828.2,1449
43081,1782.1,1801.9,1755.1,1759.7,1719
43082,1721,1784.9,1689.4,1695.2,2449
43083,1723.9,1723.9,1642,1648.9,2105
43084,1636.4,1640.1,1583,1583,1494
43087,1553,1617.9,1540,1604.1,2006
43088,1629.9,1668.2,1626.1,1664.6,1226
43089,1699,1704,1598.1,1598.1,1695
43090,1574.9,1662,1548,1657.5,2296
43091,1665.9,1690,1620.1,1657.6,1192
43095,1680,1681.8,1609,1644.7,722
43096,1653.2,1687.9,1634.4,1682.9,489
43097,1682,1750.2,1676.4,1745.8,361
43098,1744.6,1798,1720,1757.1,177
43101,1675,1675,1643.8,1643.8,855
43102,1596.3,1649,1578.1,1578.1,2402
43103,1598.9,1631.7,1582,1622.2,2089
43104,1646,1674.9,1633.2,1659.2,1732
43105,1675,1710,1656.8,1671.8,1718
43108,1673.9,1673.9,1635.1,1643.8,1147
43109,1630.9,1677.7,1594.5,1609.7,1966
43110,1623.9,1635,1592.5,1625,1385
43111,1639.9,1673.7,1623.2,1670.1,2078
43112,1648.6,1670,1628,1657.4,1688
43115,1624,1643.9,1591.2,1595,1094
43116,1580.6,1604,1531.2,1555.3,1782
43117,1569.9,1591,1562.3,1581.8,1201
43118,1600,1609,1518.6,1521.3,1585
43119,1535,1562.7,1516,1543.3,1263
43122,1532,1537.2,1499,1507,1215
43123,1500,1544,1482.1,1533.7,1792
43124,1522,1524.8,1493.1,1502.3,888
43125,1477,1521,1473,1505.2,800
43129,1518,1539.5,1511,1529.4,285
43130,1535.1,1535.1,1494,1506.9,166
43131,1505,1534.6,1472,1519.6,129
43132,1539.9,1573,1528.1,1565.4,1078
43133,1576,1603,1565,1571.7,1526
43136,1562,1572.5,1508.9,1508.9,1122
43137,1487,1520.9,1476.1,1501.4,1225
43138,1507,1516.5,1441.4,1446.6,1311
43139,1461,1464.8,1398,1414,1107
43140,1407.9,1443.8,1395.5,1436.5,1299
43143,1414,1455,1400,1434.2,957
43144,1434.2,1434.2,1434.2,1434.2,NaN
43145,1427,1453.5,1376.9,1382.6,1150
43146,1374.4,1397,1338,1346.2,1365
43147,1328,1366.2,1319.9,1356,1092
43150,1361,1369.8,1315.4,1315.4,839
43151,1281.2,1300,1262.8,1262.9,718
43152,1266.1,1306.5,1243.5,1289.7,1144
43153,1299.8,1299.8,1246,1251.1,529
43154,1249,1293,1249,1283.3,327
43157,1302,1321.7,1282,1317.3,219
43158,1330,1347,1276.7,1279.5,426
43159,1268,1289.8,1242,1285.5,138
43160,1307.9,1309,1269.5,1278.1,1032
43161,1278.1,1278.1,1278.1,1278.1,NaN
43164,1280,1280,1242.3,1250.2,1203
43165,1245,1273.5,1223.3,1235.3,2079
43166,1228,1243.8,1206.3,1210.5,1882
43167,1211.1,1243.3,1206.8,1239.5,1594
43168,1235.1,1246.2,1206.6,1214.9,1449
43171,1208.1,1237,1208,1228.5,1080
43172,1225,1235,1179.4,1182.9,1519
43173,1174.9,1196,1154,1157,1650
43174,1159,1171.7,1146.8,1160.3,1349
43175,1171,1206.7,1168,1206.7,1667
43178,1242.9,1242.9,1183,1189.1,1448
43179,1190,1236.6,1185.5,1235.4,1345
43180,1235,1281.5,1215,1278,2070
43181,1277.1,1329.1,1269,1329.1,930
43182,1346.2,1382.2,1314.1,1380.3,567
43185,1410,1435.5,1375,1435.2,330
43186,1478,1478.2,1434.8,1477.2,411
43187,1470,1521,1460,1512.6,135
43192,1338,1371.2,1338,1371.2,927
43193,1386.1,1426,1374.2,1425.7,1868
43194,1403,1468.4,1388.7,1403.5,2258
43195,1405,1459.6,1405,1456.8,1032
43196,1444,1473,1415,1419.6,1179
43199,1416,1416,1367,1377.8,952
43200,1372.2,1418,1366,1412.6,982
43201,1411.1,1440,1394.1,1433.3,794
43202,1448.6,1456.7,1405,1418.8,809
43203,1420.1,1430,1401.3,1407.8,616
43206,1401.5,1449,1400.2,1442.1,687
43207,1437,1464.5,1427,1461.5,611
43208,1457,1461.4,1422.5,1436.4,511
43209,1416.4,1464.5,1407,1415.5,648
43210,1421,1421,1387.2,1394.5,295
43213,1412,1450.2,1412,1450.2,413
43214,1447,1488,1447,1481.7,428
43215,1488,1515,1468,1504.8,266
43216,1486,1526,1481.1,1493.3,151
43217,1487.1,1514,1487.1,1499.6,361
43221,1281.9,1281.9,1281.9,1281.9,NaN
43222,1284.1,1300,1271.1,1289.9,779
43223,1289.9,1298,1274,1277.4,633
43224,1276.1,1310,1270.5,1300.3,707
43227,1309,1352.3,1309,1352.3,610
43228,1360,1396.8,1354,1370.3,1048
43229,1371,1405,1371,1393.1,512
43230,1394,1397,1365.2,1388.6,763
43231,1380,1380,1333.1,1333.2,562
43234,1347,1347,1279.9,1280.1,637
43235,1274.1,1314,1266.3,1304.8,592
43236,1314,1348,1305,1338.9,554
43237,1327.5,1335,1287.5,1294.6,510
43238,1295.9,1332,1294,1323.6,508
43241,1303.1,1343.4,1301.2,1314.9,437
43242,1305.9,1311.9,1262.4,1266.6,821
43243,1255.6,1274.9,1239.1,1249.1,406
43244,1251,1299,1250,1298.6,408
43245,1318.2,1343.9,1315.2,1338,437
43248,1300,1310,1284.5,1295,338
43249,1280.1,1305,1277.7,1302.2,83
43250,1290,1305,1290,1294.4,129
