39602,940,970,937,951.5,5686
39603,952,975,941.5,967,5153
39604,969,1000,967.5,985,6271
39605,990,1006,936.5,955,8429
39606,957,964.5,950,959,420
39608,963.5,963.5,926,946.5,5766
39609,945,1002,931,991,10005
39610,993,1012.5,980,998,7401
39611,1002,1058,1002,1057.5,11653
39612,1064,1073.5,1030,1033,8410
39613,1034.5,1038,1033,1036,111
39615,1036.5,1049.5,1020,1035,6625
39616,1033.5,1046.5,1015,1036,6370
39617,1035,1044.5,988,1004,9197
39618,1002.5,1009.5,956.5,962.5,8333
39619,965,983,959,971,4508
39620,974,975,971,972.5,81
39622,970,975,933,941.5,5490
39623,940,949,922,924.5,5639
39624,927,935,924,932,2998
39625,934,955,923,931,6184
39626,930,943,923.5,925.5,2989
39627,924,925,920,921.5,313
39629,924.5,938,914.5,930.5,3785
39630,960,974.5,943,949,5519
39631,946.5,954.5,920,939,7302
39632,938,941.5,905,913,6051
39633,915.5,922.5,893.5,902,4420
39634,900.5,902.5,896,899,140
39636,894,918,888.5,914.5,5124
39637,912,916.5,896,901,3325
39638,902,936,896.5,932.5,5842
39639,938,966,930,939.5,9571
39640,944.8,961.5,925,934.7,8516
39641,933.5,935,930,934.2,178
39643,938,955,896.5,903.2,10887
39644,905,911.8,895,901.6,5847
39645,902,906.5,883,889,5270
39646,890,897.5,880.1,887.6,5509
39647,886.3,894.5,865.5,877.2,5513
39648,876.2,877.3,875,876.3,164
39650,877.4,894.4,876.6,883.8,4034
39651,886,889.6,872.1,875.8,3528
39652,874,875,836.2,839.9,7022
39653,840,840,790.5,797.9,8550
39654,798,801.9,763,781.4,8447
39655,780.5,781,774.7,775.9,207
39657,781.1,808.5,771,803.8,7253
39658,800,808.7,770.2,773.1,5832
39659,776,793,764.9,786.8,5381
39660,790,802,787.6,791.6,5364
39661,795.1,803.7,783.3,789.3,5774
39662,786.4,800,786.4,794.7,190
39664,799,799,772,776.2,3955
39665,773.1,776,742.6,746.9,5767
39666,748,762,736.6,753.6,6014
39667,756,802.9,754.6,793.7,11076
39668,798,805.6,756.3,761.7,7330
39669,761.5,763.5,756.1,758.3,141
39671,763,787,748,761.7,7250
39672,762.2,776.7,752.1,770.8,7007
39673,774.9,831,770.8,823.5,11959
39674,823.9,844,811,819,10255
39676,813,817.9,804.2,815.4,197
39678,824.5,828.8,792,798,5155
39679,792.1,850.4,791.1,845.9,8572
39680,846,876,832.8,867.6,11136
39681,874,935,866.8,924.5,15493
39682,918.6,934.5,893.1,903.4,10378
39683,902,907,901,903.6,249
39685,900.8,926,892.2,917.9,4607
39686,920,922.5,865.8,877.8,10290
39687,877.9,914.9,873.9,906.8,8158
39688,905,916.2,881.1,893.8,5184
39689,896.9,897.5,868,887.8,3220
39692,906,906.5,864.9,871.8,6702
39693,870,877.7,847.9,870.6,7690
39694,868.5,877.8,865.2,871.8,1558
39695,872.5,890,860.1,863.9,7102
39696,861.3,863.5,831.1,836,7399
39697,838,839,834,836.3,86
39699,837.5,847.9,829.6,841.1,4824
39700,842.5,844.7,832,843.8,3175
39701,840,852.6,832.7,847.7,4093
39702,846,861.4,841.5,854.6,3908
39703,857.8,890.8,856.1,876.8,5974
39704,878,883,876.5,881.4,160
39706,885.4,886,835.1,845.1,8264
39707,839.9,849.7,819.4,824.6,7239
39708,829,830,788.4,799.6,8014
39709,795,807,773.4,782.5,6841
39710,780.1,788,765,773.9,6464
39711,777,777,773.5,774.3,190
39713,771.1,793.5,771.1,790.2,6627
39714,792,801,772,778.7,5830
39715,780,788.5,773,782.5,5440
39716,785.2,788,776,779.3,4143
39717,778.1,794.8,778.1,783.7,3349
39718,786,788.7,782,784.5,128
39720,787,788.9,758.2,761.7,4491
39721,756.3,756.3,721,741.9,3517
39722,764.4,769,751,754.5,4955
39724,750,750,714,726.8,5346
39725,724.3,726,723,724.1,159
39727,720,723.9,680.6,682.2,7041
39728,684.9,696,682.6,686.1,3280
39729,687.9,692.3,629,636,8722
39730,632.4,655,631.2,640.8,3884
39731,633.5,633.5,566.1,584.6,8446
39732,582,585.5,571,581.8,321
39734,606.9,634.2,588.2,623.4,7865
39735,629.5,657.9,618,623.2,9416
39736,620.1,628,575.1,580.2,9648
39737,572.9,586.9,545.4,555.2,10456
39738,561,572,514,542.2,12009
39739,537.1,539.6,525,532.6,293
39741,530,538,516.6,524.1,10297
39742,526.2,546.5,515.3,533.4,11886
39743,529,533.5,485.4,487.9,8545
39744,465.7,502,458.6,472.2,13383
39745,465.1,507,447.8,488.3,10525
39746,489.9,489.9,482,485.2,210
39748,482,558,466.8,551.6,6770
39749,568,583,568,576.7,1735
39750,583,657.4,568.2,652.1,9041
39751,647,647,573.8,574.3,5462
39752,563.1,573,535.2,556.5,NaN
39755,623.8,649.3,573.1,583.3,11983
39756,582.5,617.5,561.7,612.1,17960
39757,605,624.3,582.5,590.7,12651
39758,586,589.5,561.2,564.6,9866
39759,565,578,530.7,538.4,10438
39760,539.2,543.8,538.9,541.9,287
39762,551,593,542.7,549.5,12425
39763,559,559,527.2,531.9,8515
39764,534,553,521.5,538.3,11692
39765,534,570,517,562.8,10003
39766,570,575.9,544,548.3,11086
39767,546.4,551.4,546.4,550.7,149
39769,542.3,546.3,524,530.1,8143
39770,529.5,536.9,511.4,530,9175
39771,532,533.5,511,517.5,6873
39772,510.6,516.6,491.6,495.7,6170
39773,487.2,520.3,485.1,500.6,9760
39774,506,509.4,503.2,506.2,194
39776,507,532.7,495.4,518.2,8486
39777,516.5,526.5,502,513.1,7743
39778,513.5,534.7,507,522.4,7625
39780,518,518,476.2,484.8,4300
39783,515,528,505.2,507.9,8499
39784,507,508.5,484.5,488.5,7884
39785,489.9,492,467.1,469.6,7864
39786,468,474.5,460,463.1,8830
39787,463,467,447.6,456.4,7382
39788,459.4,460,455.5,457.2,331
39790,462.8,486,460,461.8,9272
39791,455,464.5,450.6,462.1,3657
39792,464,503.7,462,503.2,7626
39793,504.1,540.8,485.8,531.6,18425
39794,530,530,494.5,508.2,10367
39795,511.9,511.9,505,508.7,155
39797,515.5,521,478.2,481,9644
39798,476,485.9,460,461.9,7549
39799,460.4,477,458.6,467.3,7012
39800,462.8,469.3,442.3,455,8225
39801,455.3,486.3,450.5,484.7,13984
39802,489.9,489.9,479,484.8,184
39804,487.5,497.9,476,486.2,7890
39805,483.5,497.9,473.7,476.2,7714
39806,479,480.9,458.6,468.7,4543
39808,467.6,474,457.5,467,2434
39809,468.9,471.2,467.5,468.5,155
39811,471,484.8,470.2,472.8,4009
39812,474,515.4,463.7,512.6,6968
39813,507.8,538,503.6,522.8,5174
39846,545,565,540.1,555.6,8069
39847,556.5,568.5,547.2,564.8,13035
39848,562,585,561.4,571.8,12804
39849,572.5,577.5,553.5,558,9335
39850,559.8,574.8,559.8,569.4,10306
39851,571.5,572.2,569,570.4,358
39853,570.4,580.9,558.9,561.1,10479
39854,561,563.3,528.2,531.1,16200
39855,530,530.4,505.3,510.4,14677
39856,513,515.5,495.1,504.7,9634
39857,510.4,514.1,499.4,504.4,8463
39858,505.7,507,503.9,505.6,215
39860,503.8,504.8,491.5,501.6,9615
39861,500.5,507.5,493,494.7,7387
39862,494.8,494.8,480,486.3,6340
39863,490.9,501.8,484.3,493.5,7804
39864,494.4,497.4,470,473.5,6939
39865,473,475.8,469,472.1,691
39867,475,481.4,468.7,472.4,3405
39868,471.2,488.2,462,486.6,8006
39869,486.2,508,483.4,505.4,9206
39870,505.9,518.5,497.6,502.6,9136
39871,508,508,484.1,488.6,2821
39874,504.1,514.7,502.1,503.6,8581
39875,503.2,510.6,494.1,505.5,9727
39876,506.5,519.7,504,514.9,15082
39877,514,522,501.3,505.5,13580
39878,506.9,517.9,503.9,506.9,10137
39879,506.3,511.8,506.3,511.3,395
39881,509.5,512.2,502.1,505,6167
39882,506.9,514.6,492,510.2,9775
39883,509.2,512,501.2,502.6,2626
39884,501.7,506.1,488,493.4,9719
39885,494.7,500.7,491.9,495.4,7333
39886,494,495.4,494,494.6,232
39888,496.5,522.7,494.2,519.1,19650
39889,516.9,533.5,510.1,512.8,21644
39890,513,522.8,503.1,506.9,15063
39891,508.9,514.8,501.5,506.5,14842
39892,507.7,519.2,504,505.8,15977
39893,507,507,505,506.3,451
39895,507,515.7,496.5,501.4,16384
39896,496.5,502.3,491.2,495.7,11203
39897,496,498.5,483,483.8,10505
39898,484.9,498.4,484.9,490.1,14900
39899,491.4,493.3,484.2,487.2,7248
39900,486.5,487.9,485.5,487,456
39902,490,490,478.3,483.8,7966
39903,486,488,478.6,479.3,7439
39904,502,518.7,494.7,512.6,24341
39905,514.2,534,511.3,527.9,28887
39906,525,547.9,524,543.2,32833
39907,542,545.5,542,544.6,790
39909,548,558.3,531.1,537.1,24636
39910,534.5,552.7,534.1,545.4,13998
39911,543,550.9,536.6,547.1,18171
39912,545,556.6,545,547.3,23415
39914,548.7,553.3,548.7,550.8,1123
39916,553.8,564.9,550.1,557,13280
39917,559.5,582.8,559.5,580.2,21007
39918,583,613.9,580.8,612.2,39012
39919,614.7,629.8,604.4,620.7,42796
39920,619.6,637.1,604,633.8,31309
39921,630,634,630,631.9,907
39923,630,633.2,605.7,607.5,27831
39924,600.6,600.6,573.1,581.5,30959
39925,583,585,563.6,572.9,24814
39926,570,585.4,551,554.6,29407
39927,554.9,574.3,544.2,567.8,25492
39928,569,569.8,567.1,568.9,522
39930,566.3,569.4,549,558.3,18387
39931,556.1,564.8,541,543.8,17921
39932,546.9,571,536,565.6,20734
39934,589,593,577.6,591.4,12361
39935,592.9,593.9,589.1,592.5,836
39937,594,612.7,586,605.8,14961
39938,607,608,578.3,585.4,23180
39939,587.9,633.7,586.7,631.5,35215
39940,630,661.5,621.5,642.4,48790
39941,642.4,666.6,640.6,643.2,42780
39944,641.7,647.8,633,641.6,26105
39945,642,665.8,637.2,643.6,38565
39946,645.8,651.8,617.8,620.4,40573
39947,618.4,624.8,601.2,622.1,31689
39948,622,623.2,605.9,610.1,36229
39949,611.9,615.9,608,614,1045
39951,612.1,612.1,572.6,591.2,35722
39952,592,611.4,585.5,598.7,30479
39953,599,605.3,592.5,594,21125
39954,593.9,594.4,572.7,575.6,21635
39955,575.5,600.4,575.5,598,23666
39956,599.3,599.3,595.2,596.1,914
39958,596.5,606.5,596.5,603.5,4401
39959,606.5,639.2,596.3,637.1,35540
39960,636.7,658.9,627.7,629.9,35814
39961,628.7,648,624,644.5,23985
39962,643,650.4,639,650.4,8432
39965,660,687.8,660,686,41351
39966,688,694.8,677.5,685,37239
39967,685,693.9,651.4,657.4,35917
39968,658,694.5,654.1,691.7,42606
39969,691,702.9,673.5,689.6,44817
39970,688.9,690.9,688,688.6,373
39972,689,692.8,672.2,679.4,30606
39973,680.8,715.9,680.8,714.2,40321
39974,717,735.7,707.1,714.4,42346
39975,716.5,750,714.6,748,42616
39976,746.1,749,728.2,733.7,37094
39977,731.1,741.5,731.1,737.5,595
39979,737.2,737.2,703.2,705,36751
39980,703,716.6,693.4,712.5,41651
39981,708.1,723.9,705.3,714,35423
39982,712.2,728.6,711.1,724.6,35573
39983,723.1,733.8,716.2,719.9,31300
39984,719,720,714.6,715.8,1185
39986,714.1,716,700.1,703.9,29282
39987,706.1,714,700.7,710.8,28015
39988,710,747.5,709.5,739.3,44568
39989,739,755,733.1,751.1,43257
39990,750,768.9,746.6,756.8,41733
39991,759.5,760.2,756.2,759.2,715
39993,758.4,765.7,752.3,756.7,26874
39994,758,764.4,753.6,762.5,8588
39995,744,785.5,738.5,778,48560
39996,776,794.9,768.7,790.9,48776
39997,787.8,790.5,771,772.3,23331
39998,774,776,772.2,773.3,914
40000,770,774.5,748,768.8,30778
40001,766,784.2,757.7,760.9,41721
40002,758,764,728.3,732.7,40124
40003,734.8,743.3,711.4,726.5,45347
40004,727,735,711.9,714.3,36274
40005,715.7,715.7,713.2,715.1,337
40007,716,729,702.2,724.3,42992
40008,726.7,761.8,726,757.6,48193
40009,763,782.5,761.3,772.5,44436
40010,770,778.4,765,775.1,39649
40011,777.7,786.8,769.1,776.5,36987
40012,776.1,777.7,775.6,776.8,394
40014,778.8,792,777,782.3,32367
40015,781,781,762,764.2,36404
40016,766,788,758.3,786.4,51625
40017,785.2,800.8,780.6,784.5,42214
40018,784,808.4,779.2,806.8,41744
40019,806.5,809.9,804.3,808.6,1288
40021,807,818.7,806,808.8,36335
40022,808.6,824.8,804.1,809.1,37584
40023,806,806,785,789.5,35391
40024,789.1,833.3,785.2,827.9,36523
40025,827.5,858.4,827.5,851.1,14550
40028,859,897.9,859,895.6,43174
40029,893,928,875.2,920.6,59523
40030,920,968.8,919.1,962.6,57419
40031,956.5,962,922.8,929.6,84084
40032,925,947.5,912.2,934,64743
40033,932,935.7,931.8,935.3,702
40035,934,976.6,928.6,948,64214
40036,950.3,974.4,929.3,939.1,69048
40037,940,958,923.5,956.3,66224
40038,959.9,1022.4,959.9,992.9,83239
40039,992,1016.9,939,942.9,80887
40042,938,953,893.1,948.4,76911
40043,941,969.4,915.5,923.3,85346
40044,925,945.4,901.7,940.6,81947
40045,938.5,952,914.4,920.9,67440
40046,918,946.9,903.3,940.7,70017
40047,943.9,949.9,941.2,948.7,1854
40049,951,979.9,937,944,66969
40050,947,955,926.6,935.8,59680
40051,942,962.7,930.1,938.4,52255
40052,940,947.2,920,938.6,55367
40053,943.3,957,943.3,956.4,18844
40057,924.5,938.3,883,885.8,73398
40058,884,899.3,873.5,884.3,54465
40059,893,909.9,882,894.5,47233
40060,898,906.2,857,872.1,49744
40061,872,874.5,870.5,871.6,736
40063,874.2,883.3,864.5,869.5,30594
40064,871.9,910,868.1,878.3,53785
40065,880.9,891.9,862.8,873,47084
40066,876,883.3,830,843.9,55880
40067,848.5,856.5,814,819.4,59327
40068,819.4,824.9,818,822.6,1044
40070,820.1,820.1,796.5,811.1,55823
40071,813.4,830.4,805,827.3,49931
40072,826,843.7,821.7,837,37268
40073,838.6,856.5,830,834.8,50183
40074,835,841.5,825.9,834.3,38409
40075,835,835.1,829,832.3,784
40077,828,842.9,806.1,835.9,28072
40078,838.6,860.4,830.8,858.6,44027
40079,855,869.9,840.1,859.5,54219
40080,857.1,857.1,817,822.5,51802
40081,822.5,831.6,804,813.9,42342
40082,814.8,815.5,812,812.6,517
40084,807,809.4,797,804,15418
40085,807.1,824.7,797.5,813.6,46236
40086,819,837.6,817.5,833,21781
40087,852.3,862,832.6,840.9,49110
40089,840,840.1,833.6,835.3,1320
40091,833,842.4,819,837.5,41233
40092,838,848.7,836.1,846,34740
40093,845.6,874.8,844.6,865.5,60979
40094,868.7,900.1,868,892.1,58600
40095,885,895.5,865.3,873,51065
40096,876.3,878,874.2,877,1227
40098,880,894.6,870.3,874.1,45691
40099,877.9,882.9,841.4,849.3,43384
40100,853.7,862.3,837.5,857.5,40594
40101,853.6,870,838.7,866.8,44008
40102,864,874.4,857,865.2,30211
40103,865.7,867.2,863.2,864.6,1500
40105,865,890.4,865,887.2,21898
40106,882.2,892.6,873.9,876,40711
40107,877.8,910.8,867.7,903,62407
40108,903.3,918.1,889.6,893.3,55707
40109,895.6,907.4,879,892.7,50146
40110,892.2,895,891,892.6,657
40112,894.1,904.5,872.8,876.8,46497
40113,878,890.2,865.2,874.6,47795
40114,877.3,881.7,839,847.3,57136
40115,848.9,874.3,836.6,872.6,46166
40116,873,880.2,860.5,866.7,16164
40120,853,858.5,838.6,853.6,40562
40121,854.4,866.5,844,850.4,44694
40122,849,849,844.1,845.5,3048
40123,842.4,854.7,813,817.5,53995
40124,818,819.9,816.8,817.9,1527
40126,822,824.3,809.7,813.2,41051
40127,813.7,814.5,783.5,790.8,56288
40128,792.1,802.6,784.6,790.7,41699
40129,792,794.9,748.6,761.7,64899
40130,763.7,765,747.3,754.9,44182
40131,753,754.4,751.9,752.6,1148
40133,757,774.9,757,773.7,42286
40134,775,785.2,770.3,781,40799
40135,781.9,806.8,779.2,791.1,50650
40136,792,799.2,784.4,795.1,42914
40137,795.4,802.6,776.1,781.8,43587
40138,782.8,786,781,784.8,1743
40140,786,798.4,782.3,785.1,35656
40141,785.2,786.9,765.6,778.5,38210
40142,780.3,789,774.5,786.7,27537
40143,787.3,788.5,773.1,776.4,19924
40144,774.6,774.6,732,749.5,40810
40147,753,758.4,741,744.8,21885
40148,758.1,768,754.1,759.1,32556
40149,758.7,776.9,758.2,762.5,36336
40150,764.4,767.8,741.6,744.3,34447
40151,743.5,759.5,736,750.3,38743
40152,750.1,752.6,745.3,751.7,1111
40154,751.1,757.5,737.3,755.9,38509
40155,755,763.5,745.2,759.3,35636
40156,756.1,777.5,750.7,767.1,40279
40157,766.1,782,761,767.1,41513
40158,772.5,781.7,766.1,779.4,31254
40159,778,784,778,782.4,1100
40161,780.2,792,773.4,788.7,29151
40162,790,793.5,783,790.7,28715
40163,792,811.6,790.1,810.5,43120
40164,808.2,815.8,800,802,39076
40165,800.7,809.5,797.1,805.9,29925
40166,806.4,809,805.5,808.8,1201
40168,810,840.9,810,838.4,48650
40169,834.5,838.4,827.2,832.5,33376
40170,832.9,859.5,830.1,853.4,42670
40171,854,884.4,854,879.8,44435
40173,881,889.8,880,887.5,1957
40175,889.5,908.4,888.1,899.1,21989
40176,890.3,899.1,885.3,893.9,30600
40177,890.6,904.7,876,879.8,35578
40178,884,884.6,862.2,863.1,17165
40179,878.7,881.4,876.5,878.7,1334
40180,878,881,878,880.8,673
40182,881.6,891.8,873.2,877.2,48148
40183,878,881.8,864.3,867.9,39485
40184,869,887.5,869,873.5,45888
40185,872,875.2,842.3,844.6,46688
40186,842,845,825,829.1,48575
40187,830,833.5,829.9,833,1969
40189,834.7,842,816.8,824,47034
40190,825.3,826.9,806,809.3,48074
40191,808.2,835.7,795.5,831.3,70004
40192,832.5,855.6,826.2,840.3,68083
40193,838,852.9,829.5,849.8,49672
40194,849.7,852,849.3,851,1040
40196,853.2,862,848,861.5,38123
40197,862.8,885.5,856.5,884.1,72211
40198,883.1,883.1,864.2,869.7,53181
40199,870,877.9,858.6,870.6,63795
40200,865.6,865.9,836.5,849.3,67403
40201,847.4,848.8,845.5,848.2,1345
40203,848.8,852.9,835.5,838.5,46719
40205,835,840.4,820.6,832.8,52684
40206,831.9,855,825.5,840.4,56929
40207,840.5,867,832.7,866.5,23256
40210,857.3,862.5,831.6,835.9,68213
40211,839.1,849.3,831,846,49717
40212,848.2,854.9,833.3,842.3,56393
40213,844.1,854.8,819.9,829.6,67885
40214,830,830,801.6,806.2,74095
40215,808.8,819.8,807.9,818,2340
40217,812.5,813.5,796.2,809.4,48673
40218,812,828,807,821.4,43873
40219,820.9,844.9,817.4,830.1,68337
40220,830.5,858,830.5,855.8,50815
40221,851.5,864.4,845,862.4,37195
40222,860.1,863.7,860.1,861.5,715
40224,862,895,859.4,893.9,42378
40225,892.5,934.8,890.2,932.3,77030
40226,931,944.9,914.1,926.8,79767
40227,927,949.5,913.3,940.3,74544
40228,937.5,952.9,927.8,945.2,48299
40229,947,952,947,951.1,1528
40231,949.6,955.8,938.1,941.5,47680
40232,939,951.8,923.3,930,64228
40233,931.5,944.2,920.6,941.6,47878
40234,938,954.4,936.3,942.5,50190
40235,945,953.5,941.4,946.3,11196
40239,985,1021.4,972.1,1017.1,76766
40240,1014.3,1045.8,1008.7,1033.1,86558
40241,1030.8,1052.7,1010.3,1024,88578
40242,1024.8,1037.1,1011.1,1019.9,72734
40243,1018.6,1022.8,1018.6,1021.6,1347
40245,1022.1,1034.9,1005.6,1017.8,60362
40246,1015,1017.4,994.2,1014.3,72909
40247,1015.8,1019.4,970.3,974.6,92637
40248,971.3,974.5,958.1,971.3,69624
40249,969,992.5,967,990.5,60110
40250,990.9,994.9,990.2,992.9,1409
40252,989.2,989.2,971.5,983.5,45099
40253,986,1004.7,986,995.1,51160
40254,999.8,1015.2,996.6,1012.3,51557
40255,1011.7,1034.4,1006,1033.1,65261
40256,1031.6,1039.8,1015,1022.4,56850
40257,1024.6,1026,1023.4,1025.5,1451
40259,1024.6,1024.6,998.4,1019,59728
40260,1015,1028.4,1004,1023.9,60462
40261,1023.8,1023.8,1007.2,1013.6,46239
40262,1012,1036.4,1006.5,1028.4,51262
40263,1030,1069.5,1030,1067.5,91580
40264,1068.5,1075.9,1068.5,1073.3,3831
40266,1074.6,1110,1067,1073.5,77001
40267,1070.1,1097.4,1062.3,1093.8,56191
40268,1091.1,1128,1091,1125.2,31331
40269,1121.1,1150.5,1112.8,1118.4,77810
40271,1121,1132.5,1120,1129.5,2325
40273,1133,1144.4,1118,1129.4,41393
40274,1127.6,1127.6,1086.3,1095.2,82431
40275,1092.5,1108.8,1087.2,1099.3,63153
40276,1096,1099.8,1081.6,1097.4,50650
40277,1100,1118.9,1099.5,1113.5,53702
40278,1116,1116,1112,1113.1,1296
40280,1115.2,1144,1115.2,1142.1,60939
40281,1138.8,1148.5,1125.1,1139.3,83270
40282,1142.4,1166.3,1142.4,1164.3,49555
40283,1167,1205.8,1167,1204.2,91063
40284,1206,1217.4,1177.9,1182.3,1.0561e+05
40285,1184.7,1187.7,1184,1185.4,1727
40287,1180.2,1205,1150,1201.1,1.0904e+05
40288,1203.2,1224.7,1190.7,1193,1.1672e+05
40289,1194.6,1210.7,1176.3,1207.4,1.2133e+05
40290,1206.1,1219.7,1192,1203,1.0743e+05
40291,1200,1203.4,1181.6,1195.6,86928
40292,1196,1201.9,1195.5,1198.7,1754
40294,1201.9,1214.5,1201.9,1204,54070
40295,1201,1201,1134.4,1143.7,1.0092e+05
40296,1142,1158,1104.1,1154.7,1.1861e+05
40297,1151.8,1155.7,1120.9,1131.7,74096
40298,1138.5,1152.8,1126.3,1145.4,20666
40301,1169.1,1178.3,1155.3,1171.7,48577
40302,1168.5,1177.5,1090,1100.5,1.2082e+05
40303,1100.6,1100.6,968.4,1010.5,1.6772e+05
40304,1015.9,1031,941.7,997.7,1.6874e+05
40305,992,1047.3,968.8,1022,1.0835e+05
40306,1019.1,1019.9,1010.6,1016.6,1538
40308,1023.3,1062.5,1023.3,1032.4,79581
40309,1039,1042,989.1,1024.1,90075
40310,1021,1048.7,998.6,1017.5,77461
40311,1015.1,1041.8,1008.1,1025.6,73682
40312,1022,1023.6,977,981.6,73762
40313,979,982.8,969.6,972.6,2931
40315,971,971,935.3,948.7,79130
40316,955,1005.6,938.7,995.8,93976
40317,990.2,996,961.2,993.5,74548
40318,998.8,1016.6,976,993.5,84456
40319,997.1,1009.5,974.1,1003.4,71617
40320,1006,1012,1002.5,1011.4,2588
40322,1014.8,1040.9,1006.9,1039.1,73980
40323,1039,1039,989.2,1009.9,71419
40324,1015,1028.6,989.4,1001.8,58460
40325,1008.2,1018.7,998.2,1010.6,36259
40326,1010,1013.6,996,1002.2,25506
40330,984,984,956.4,964.8,60904
40331,965,965,912.5,939.9,75861
40332,940.9,947.5,874.3,877.7,1.0455e+05
40333,871.8,883.7,853.3,858.2,89628
40334,855,857.3,852.1,855.7,3672
40336,852,875.3,823.6,872,95073
40337,870.7,875.7,844.3,869.3,88318
40338,869,911,860.4,897.1,81087
40339,900,917.7,880,888,78807
40340,889.8,919.3,880.5,915.9,92912
40341,919,920.7,917.2,919,2146
40343,921,942.9,919.6,937.9,81925
40344,934.3,948,927.3,943.4,61485
40345,945.5,952,915.9,927,76250
40346,922.6,922.6,903.2,907.8,74479
40347,907.6,915.2,892.2,902.3,59326
40348,899.5,905.5,899.5,903.7,1028
40350,905.5,931.9,898,902.6,72392
40351,900,919.3,890.5,910,76140
40352,910,916.7,893.2,897.9,56624
40353,898.5,911.4,897,905,57268
40354,902.1,919.9,895.9,918.3,61324
40355,919,920.6,917.6,918.2,1985
40357,917.1,947.7,912,941.1,68543
40358,937.5,937.5,888.2,893.4,65440
40359,896.3,907.5,885.1,900,21594
40360,917,917,895,902.9,75311
40361,903.1,914,885.1,894.1,65663
40362,896.7,897.5,893.8,894.7,1354
40364,896.4,904,881.5,884.6,40631
40365,887.3,904.4,883,894.6,73339
40366,897.9,905.9,890,902.1,62467
40367,905,914.2,904,910.4,59481
40368,911,916,900.5,909.1,49248
40369,910.2,912.1,910,911.7,1494
40371,909.5,912,896,901.2,40488
40372,898,914.2,894.1,912.3,55486
40373,913,925.7,904.1,905,76261
40374,905,912.9,899.6,906.6,50147
40375,905,908.4,893.2,896.7,49423
40376,897.1,897.5,894.5,894.9,1398
40378,896.7,903.9,887.2,894,54236
40379,894.8,905.4,894.8,902,53735
40380,903.5,923,903.1,917.9,69069
40381,917.4,947.9,912,946.3,86161
40382,946.2,965.5,946.2,958.1,90021
40383,959,961,955.5,959.9,2276
40385,956.4,971.8,950,969.9,69840
40386,969.2,976.6,948,958,81387
40387,964,971,949.2,954.2,61783
40388,953.6,965.8,948.3,959.1,53608
40389,957.4,960.8,948.6,953.3,24477
40392,981,1011.4,981,1007.5,63529
40393,1004,1014.1,993.6,1000.2,62918
40394,998,1013.7,997.2,1010.6,59932
40395,1009,1023.4,1007.7,1013,63077
40396,1011,1026.7,1009,1018.9,64849
40397,1019,1028.6,1019,1026.2,2586
40399,1023.1,1055.7,1021.8,1053.3,77871
40400,1052,1052,1026.3,1034.6,72908
40401,1037.9,1040,1012.1,1015.5,59134
40402,1013.5,1013.5,990.3,1004.9,70058
40403,1006.5,1020.3,996,1002.9,61242
40404,1002.3,1003,998.1,999,1792
40406,1003,1012.4,999.4,1007,42760
40407,1007.9,1030.4,1006,1026.3,67970
40408,1025.3,1037.7,1007.4,1018.7,69510
40409,1019,1036.4,1010.8,1015.2,89538
40410,1013.2,1013.2,995.2,1006.7,60623
40411,1007,1012,1006.1,1010.2,1268
40413,1012.6,1012.6,988.1,992.1,69767
40414,993.9,995,961.2,962.8,51081
40415,965,968,940.7,952.1,72087
40416,957,964.3,950.5,962,62426
40417,957.3,987.3,955.1,985.4,72072
40418,987.6,996,986.7,994.5,3947
40420,996,1008.2,991.3,994.8,45274
40421,991.2,991.2,967,969.3,24801
40422,983.7,1006.1,983.7,996.8,65629
40423,997.3,1019.6,995.2,1016.5,67585
40424,1017.1,1033.7,1009.2,1017.4,72995
40425,1018,1022,1018,1020.8,1772
40427,1022.6,1036.8,1022.6,1032.4,37246
40428,1031.5,1039.4,1010,1035.9,87978
40429,1032.2,1067.6,1032.1,1064.1,97588
40430,1060.7,1063,1040.2,1053.9,86254
40431,1057,1067.3,1041.1,1043.6,55991
40434,1046,1074.8,1046,1065.8,68819
40435,1069.5,1078.7,1058.5,1074.2,72027
40436,1073.1,1082.7,1067.2,1077.7,74961
40437,1077,1079.5,1062.7,1069.6,66880
40438,1072.4,1082.4,1066.7,1070.2,53081
40439,1072,1073.6,1068.6,1072.3,841
40441,1074.2,1076,1055.2,1058.3,52798
40442,1059,1059,1026.5,1028.2,81086
40443,1029.8,1036.7,1013.8,1032.3,73864
40444,1035.1,1044.5,1027.3,1036.7,58804
40445,1035,1046.9,1032.5,1040.5,52449
40446,1039.5,1046.7,1039.5,1044.9,1721
40448,1044.9,1047.9,1033.8,1042.9,44767
40449,1042.3,1047,1028.9,1045.4,48805
40450,1044.9,1052.3,1031.3,1044.1,54479
40451,1041.6,1049.4,1038.2,1047.3,16266
40452,1053.2,1074.3,1052.3,1068.5,49405
40455,1070,1077.8,1064,1074.9,49496
40456,1074.9,1105.5,1068.3,1103.7,59131
40457,1105,1120.7,1097.6,1100.2,51868
40458,1099.7,1111.4,1065.5,1072.2,73841
40459,1075.4,1088.8,1052.3,1080.2,66661
40460,1081.9,1088.5,1081.9,1087.1,1664
40462,1089,1101.4,1083.6,1089.4,42087
40463,1085.2,1094.4,1064.4,1077.9,77538
40464,1079.9,1095.4,1075.6,1084.4,61382
40465,1087,1098.3,1073.8,1079.7,60913
40466,1081,1084.3,1057.5,1063.9,54606
40467,1064.4,1069.9,1064.3,1069,1563
40469,1065.5,1070,1038,1068.6,60655
40470,1068,1075.2,1038.1,1043.4,64572
40471,1046.1,1063.7,1034.5,1062.4,62077
40472,1060.7,1067.6,1044.6,1046.6,54265
40473,1050.7,1054.8,1033,1040.8,52450
40474,1040.5,1044.7,1040.5,1042.8,1348
40476,1045,1063.4,1043.2,1045.5,44849
40477,1047,1049.3,1030.1,1039.3,37780
40478,1037.1,1037.1,1012.4,1014.4,51951
40479,1018.5,1031.2,1010.2,1022.5,45035
40480,1019.2,1021.2,1005.8,1010.3,24756
40483,1039,1050.3,1035.4,1040,36925
40484,1038.1,1052.8,1035.8,1045.9,35571
40485,1046.9,1065.7,1043.1,1051.6,44362
40486,1051.7,1080,1051.7,1076.8,42431
40487,1076.6,1085,1075.5,1082.2,5409
40488,1083.4,1087.4,1082.1,1086.4,1725
40490,1082.1,1086.7,1073,1075.7,35663
40491,1078.6,1097.4,1077.2,1095,38011
40492,1088,1093.5,1074.2,1076.9,33964
40493,1080,1090.5,1063.7,1065.6,36657
40494,1063,1064.8,1011,1018.2,57818
40495,1019.4,1026,1013.4,1024.6,2462
40497,1026.5,1031,997.1,1019,58477
40498,1015.3,1016,957.9,973.2,73229
40499,969.2,998.8,959.5,986.7,49464
40500,993,1000.6,971.7,991,58989
40501,987.2,999.8,977.5,996,58373
40502,998.6,1000.8,995.6,996.9,1616
40504,996.5,1009.5,975.1,979,45031
40505,976,997.4,962.6,990.9,51517
40506,991.1,1026.5,990.1,1024,61279
40507,1023,1036.7,1016,1031.1,35865
40508,1030.2,1040.8,1017.6,1036.5,40781
40509,1037,1038.8,1030,1032.3,1027
40511,1031.1,1046.4,1024.3,1034.5,38283
40512,1031.2,1043,1028.1,1037.7,13719
40513,1053,1075.6,1052.1,1070.3,40077
40514,1068.2,1089.9,1068.2,1072.6,48261
40515,1070.2,1079.3,1060.5,1064.8,30992
40516,1066.5,1069.9,1063.3,1066.9,1105
40518,1068,1075,1051.2,1066.4,41880
40519,1068.9,1085.8,1067,1072.6,44203
40520,1071.5,1097,1060.7,1095.6,47281
40521,1096.8,1104.5,1067,1069.6,56957
40522,1074.8,1087.4,1063.1,1084.2,41935
40523,1083,1090,1083,1085.1,996
40525,1088,1114.4,1088,1112.3,42066
40526,1111.2,1124.9,1103.7,1105.9,50152
40527,1108,1115.9,1096,1112.9,46738
40528,1112.6,1124.4,1101.8,1121.2,42787
40529,1122.5,1134.3,1119.6,1132.6,26207
40530,1134,1134.3,1130.6,1132.1,1134
40532,1131.5,1135,1116.5,1119.1,38088
40533,1120.3,1126.8,1109.3,1119,43938
40534,1116.9,1117.8,1086.5,1091.7,51098
40535,1087.5,1087.9,1070.5,1076.9,45019
40536,1077.9,1088.8,1077.9,1083.2,19095
40539,1084.9,1086.9,1073.1,1076.5,15086
40540,1076.5,1084.2,1074.2,1082.3,12969
40541,1083.2,1095.5,1071.7,1075.1,30677
40542,1076,1094.9,1073,1089.9,27656
40543,1089.9,1116.7,1086.2,1111.8,15246
40546,1125.9,1142.7,1125.9,1135.5,24893
40547,1131.8,1147.3,1120,1133.8,67462
40548,1131,1138.4,1115.1,1134.6,55751
40549,1136,1143.1,1117.3,1118.9,38610
40550,1118,1122.6,1095.5,1099.7,44168
40551,1117.8,1117.8,1101.6,1103.5,775
40553,1104,1104.8,1087,1093.5,37926
40554,1098.2,1119.4,1098.2,1117.1,45107
40555,1120,1169.4,1120,1166.6,74406
40556,1165.1,1174.7,1150.8,1153.5,76958
40557,1156.9,1184.2,1148.2,1181.2,50931
40558,1180.1,1188.6,1180.1,1186.1,2138
40560,1184.5,1184.5,1167.5,1175.6,45752
40561,1177,1205,1175.7,1186.4,71797
40562,1192,1201.5,1169.5,1173.3,64499
40563,1175.9,1182,1157.3,1179.9,63566
40564,1179,1196.5,1172.4,1193.3,52770
40565,1195.9,1197.9,1194.4,1196.6,1272
40567,1199,1207.8,1188.4,1190.7,50590
40568,1188,1191.7,1171.2,1184.3,48728
40570,1188,1221.5,1188,1217.7,62707
40571,1215,1243.8,1210.1,1224.3,53495
40572,1220.2,1225.9,1216.3,1221.4,1053
40574,1224.4,1249,1224.4,1243.9,23968
40575,1257,1284.8,1257,1272.2,53466
40576,1279.1,1287,1271.2,1277.3,39857
40577,1277,1284.4,1267.7,1276.2,37735
40578,1278.5,1295,1269.1,1289.7,41693
40579,1290.9,1295.7,1289.2,1294.1,1301
40581,1296,1310.8,1281.1,1285.2,42901
40582,1284.4,1288.9,1251.5,1282.4,55825
40583,1281.9,1310.7,1275.2,1292.8,59182
40584,1294.2,1299,1275.1,1285.8,49231
40585,1289.9,1297.7,1265.1,1292.1,55630
40586,1290.4,1295,1289.1,1294.2,1200
40588,1295,1314.6,1290.2,1311.3,43532
40589,1311.5,1323.3,1298.7,1305.5,54788
40590,1305,1310.9,1293.4,1304.7,51196
40591,1302,1308.8,1269,1298.4,62195
40592,1298.3,1319.9,1278,1312.5,67555
40593,1315.3,1315.3,1311.5,1314.2,1003
40595,1317.9,1327.8,1307.3,1319.6,43611
40596,1318,1318,1291,1295.5,54032
40597,1290.7,1297.5,1266,1291.9,59526
40598,1288,1291.7,1238.7,1264.5,72079
40599,1254.3,1279.8,1245.7,1278.2,55444
40600,1281,1282,1277.2,1281.2,1046
40602,1283.7,1303.4,1271.5,1294,15305
40603,1312,1318.4,1295.1,1301.9,50641
40604,1296.2,1296.2,1280.8,1287.3,22988
40605,1290.3,1312.6,1289.5,1298.5,39609
40606,1301,1317.7,1290.6,1299.6,47108
40607,1300.1,1303.5,1299,1302.2,1151
40609,1301.6,1311.7,1225.6,1242.5,65569
40610,1232.2,1232.2,1187.7,1220,81717
40611,1220.2,1234.7,1182.6,1187.2,65132
40612,1185.1,1190.7,1164.2,1186,68186
40613,1189.9,1195,1151.9,1180.4,56606
40614,1181.2,1184.4,1180.3,1181.7,720
40616,1180,1182.6,1157.5,1173.6,53464
40617,1167.5,1170.9,1120.7,1126.6,79427
40618,1131.8,1155.8,1131.6,1134.1,57238
40619,1135.7,1178.5,1134.2,1174.1,60958
40620,1172,1209.7,1172,1205.6,53543
40621,1208.6,1211.2,1205,1210,959
40623,1209,1217.7,1191.9,1205.7,57908
40624,1200.6,1204,1182.7,1187,46471
40625,1189.7,1208.7,1189.7,1206.2,38109
40626,1204.1,1226.6,1197.1,1213.3,42704
40627,1210.1,1219.6,1201.2,1213.8,35669
40628,1216,1217,1213.2,1216.7,657
40630,1212.1,1212.1,1174.4,1177.5,40823
40631,1179.3,1194.4,1168.2,1191.3,41474
40632,1191,1193.8,1161.1,1166.2,34274
40633,1169.9,1174.8,1154.4,1165.4,20762
40634,1174,1174,1137.3,1153.8,53364
40635,1152.9,1153.6,1148.8,1150.6,656
40637,1149.1,1158.6,1134.2,1139.4,47466
40638,1138.1,1147.9,1122.5,1134.5,46026
40639,1136.3,1177,1136.3,1174.5,55218
40640,1176.9,1214,1174.5,1198.6,64275
40641,1203.9,1222.9,1203.9,1218.2,44726
40642,1220,1246.5,1217.6,1233.5,6489
40644,1232.9,1241.7,1215.3,1232.4,45094
40645,1230,1230,1190.4,1192.5,53428
40646,1188,1202.2,1168,1171.9,57081
40647,1162.3,1171.4,1151.9,1161.7,28839
40648,1165,1178,1154,1164.9,43187
40651,1168,1183,1131.5,1146,55044
40652,1141.2,1152.6,1129.3,1141.9,48052
40653,1144.4,1176,1143.3,1171.8,48912
40654,1178.6,1196.5,1172.2,1194.9,39472
40656,1192.1,1207.3,1192.1,1205.9,2832
40658,1205.4,1205.4,1153.1,1168,24866
40659,1165.9,1194.8,1154.3,1187.5,39142
40660,1184,1191.4,1168.3,1186.5,39284
40661,1189.5,1194,1173.8,1176.5,15312
40665,1196.2,1196.2,1170.1,1193,19610
40666,1191.3,1221.9,1190.1,1217.8,39369
40667,1212.2,1216.6,1154.2,1157.8,42390
40668,1158,1158,1107.8,1113.4,49122
40669,1115.7,1127.6,1082.4,1103.7,43440
40670,1105.9,1118,1103.7,1110.9,1728
40672,1115,1127.4,1092.6,1104.6,43913
40673,1107.9,1124.5,1099,1119.3,43969
40674,1120,1124.5,1084.4,1092.7,51934
40675,1095,1116.9,1073.5,1113.5,48646
40676,1113.5,1122.9,1097,1105.8,41900
40677,1106.7,1110,1105.9,1108,777
40679,1102.2,1108,1086.1,1105.4,41767
40680,1105,1112,1090.4,1102.1,26259
40681,1106.5,1119.9,1102.6,1117.4,40495
40682,1120,1124.4,1065.4,1067.9,60530
40683,1071.7,1075,1045.7,1067.3,63028
40684,1066,1067.4,1063.5,1065.1,1048
40686,1060.1,1064,1010,1012.4,65393
40687,1015,1038,1005.3,1033.9,59489
40688,1037.8,1066.4,1028.6,1059.1,63957
40689,1062.5,1066.4,1030.7,1040.6,53703
40690,1042.2,1054.7,1032.6,1044.4,52134
40691,1047,1048.9,1044.5,1045.3,899
40693,1045.1,1045.1,1023,1030.4,15041
40694,1034,1056.5,1025.8,1045.8,27034
40695,1061.1,1062,1044,1046.6,41890
40696,1043.6,1051.4,1015.9,1026.8,54494
40697,1029,1039,1010.1,1030.4,56423
40698,1032.2,1032.2,1026,1026.9,1224
40700,1032,1039.9,1018.6,1020.7,48305
40701,1021.5,1032.8,1015.5,1024.2,56054
40702,1021,1026.8,1007.2,1023.7,54512
40703,1021.4,1038.7,1014.5,1036,61304
40704,1035.6,1040.9,1023.2,1024.6,43172
40705,1023,1025,1021.1,1024.3,832
40707,1023.2,1023.9,999,1000.6,56034
40708,1003.9,1008.9,996.2,1005.7,60257
40709,1007.4,1008.3,985.3,987.7,58995
40710,985,992.1,975.2,979.6,54755
40711,981,999.7,969,974.1,66469
40712,973.2,978,973.2,976.4,1208
40714,972.5,983.8,964.3,980.3,49473
40715,983,993.3,978.4,983.1,52320
40716,981.3,1005,976.6,1002.4,57206
40717,1003.1,1003.1,981.5,991.6,48149
40718,994,1002,990.2,997.7,42029
40719,996.6,997.2,993,994.8,867
40721,996,1004,984.7,1002.6,43482
40722,1003.1,1019.9,998.9,1017.2,45934
40723,1018.7,1036.7,1018.7,1032.1,47935
40724,1034,1044.8,1033.8,1037.7,15683
40725,1048,1049.9,1031.6,1035.2,40249
40726,1035.2,1038.5,1033.6,1037.9,685
40728,1040,1046,1032.1,1036.1,17565
40729,1037.3,1045.5,1028.7,1044.4,44077
40730,1042,1051.8,1036.6,1041.5,40275
40731,1044.5,1066,1043.5,1062.9,43010
40732,1064.9,1080.4,1049.3,1064.5,56194
40733,1064.1,1067.9,1063,1064,815
40735,1065.9,1072,1032.1,1039.2,53239
40736,1039,1056.7,1020.9,1053,61175
40737,1055,1077.3,1052.4,1069.9,63679
40738,1068.9,1079.9,1061,1073.2,49697
40739,1073.9,1090.6,1067,1075.6,53216
40740,1077,1077.6,1075,1076.1,753
40742,1076.7,1082.7,1056,1063.5,55034
40743,1066.2,1081.8,1063.6,1073.4,45725
40744,1074.6,1075.7,1058.6,1068.4,39885
40745,1065.1,1071.7,1055.1,1060.9,43486
40746,1061.5,1074,1060.2,1064.5,28216
40747,1065.7,1066.7,1063.2,1064.5,833
40749,1067.1,1067.1,1052.8,1058.9,34039
40750,1060.2,1072.2,1060.2,1063.4,38519
40751,1062.2,1076,1057.4,1073.9,42364
40752,1074.9,1085.5,1068.2,1083.2,36341
40753,1085.9,1090,1077.3,1080.2,15196
40756,1100,1113.6,1089,1094.2,49355
40757,1091,1102.7,1086.5,1098.9,37149
40758,1100,1100,1060.3,1066,49300
40759,1066.5,1069.5,1048.4,1060,46927
40760,1056.2,1056.2,1008.2,1020.5,57710
40761,1023.3,1023.3,980.1,990.1,6290
40763,993.6,1016.7,962,973.9,65872
40764,965.6,998,956.1,966.3,72726
40765,972.8,998.7,951.7,958.8,68821
40766,962.7,984.8,953.7,981.1,59432
40767,984,994,971.2,977.9,47407
40768,980,980,972.9,978.1,1038
40771,977,985,963,982.1,40157
40772,980,996.4,978.3,993.4,43285
40773,995,999.7,974.2,980.9,49120
40774,977.1,990.8,969.3,972.5,42385
40775,974,974,965.1,970.5,2475
40777,974,980.8,950.3,953.7,43737
40778,956.3,967,945.4,949.3,47889
40779,952,970,941.4,959,54883
40780,963.4,978,958,968,36220
40781,966,999.8,960.3,995.5,49313
40782,998.8,1013.3,993.1,1008,4105
40784,1002.2,1021.4,1001,1010.5,20972
40785,1004.9,1010,1000.5,1003.5,15358
40787,1020.2,1020.2,1000.2,1002.6,23306
40788,1001.5,1001.5,977,989.2,38075
40789,987.6,995.8,985.5,993,2003
40791,990,991.9,960,962.9,37685
40792,960.5,969.9,950.1,964.2,46088
40793,966.9,1008.2,966.9,1005.1,50814
40794,1003.2,1021.9,990.6,1016.6,66591
40795,1013,1013,985.6,996.3,53387
40796,993.6,998.8,993.6,995.1,1137
40798,993.4,1026.5,981.6,1024,61534
40799,1024,1027.9,1012,1016.9,53446
40800,1017.2,1020.6,1003.1,1018.3,58667
40801,1020,1039.8,1018.6,1038.6,52386
40802,1037.2,1042.7,1016.3,1020.1,52738
40803,1019.5,1022.5,1019,1020.9,1213
40805,1019.1,1019.8,1000.6,1013.5,51472
40806,1014.9,1027.4,1006.6,1013.6,61753
40807,1015,1023.4,991,997,73043
40808,994,994,937.2,940.3,1.0138e+05
40809,918.8,923.8,855.7,892.3,1.3544e+05
40810,900,945,895.3,914.7,7541
40812,901.2,922,845.3,900.8,78574
40813,908.5,936.8,906,928.7,53642
40814,926.8,926.8,887.3,890.3,54964
40815,888,920.5,886,908.2,59250
40816,900.3,923.6,893.8,898.8,24980
40819,876.4,944,863.1,929.2,1.0323e+05
40820,925.5,960.9,901,924.4,97712
40821,930,941.3,905.1,921.2,71009
40822,924,942,923.3,936.4,28707
40823,937,949,920,932.2,64514
40824,930.3,933.9,929.2,932.8,1040
40826,930,959,922,956.7,59288
40827,953.3,953.3,925.5,930.8,62821
40828,933.5,949,932.2,937.1,56057
40829,938,938,905.4,912.3,76046
40830,914.8,931.5,909.7,929.3,58721
40831,929.3,934.8,929.3,932.3,1468
40833,932,936.9,917.6,929.8,56478
40834,927.2,947.7,914.2,945.3,62922
40835,945,945,918.3,920.5,54051
40836,916.2,918.7,900.6,907.7,65175
40837,912,948.5,912,941.8,56715
40838,944,947.2,939,941.3,1984
40840,945.1,1001.4,945.1,997.5,76233
40841,1002,1008.5,973.1,975.8,68073
40842,979,988.9,972.1,981.9,14210
40843,977,984.3,961.1,974.8,46377
40844,971.6,974,957.3,962,33523
40845,963.4,965.5,961.4,964,1400
40847,960,960,938,940.9,18758
40848,960.1,963.2,928.2,931.8,66888
40849,934.9,947.2,913.2,918.5,61408
40850,922.5,933,905.2,915.4,74286
40851,919,935.9,918.3,934.5,60529
40852,932.6,935.5,930.7,931.3,1805
40854,928.4,931,922.1,924.5,22672
40855,926.6,931.7,915.2,919.7,42054
40856,921.7,930.9,912.4,916.9,52034
40857,917.6,925.7,912.2,922,30556
40858,923,928.5,913,916.2,49108
40859,916.4,919,915.2,918.4,1701
40861,919.4,934.3,898.2,900.4,68993
40862,900,914.3,897.3,903.8,64541
40863,905.3,924.9,896,921.1,64161
40864,918.9,926.4,908.2,917.3,55040
40865,915,932.4,914.3,918.9,46255
40866,920,922.7,918.4,921.9,1461
40868,920.9,931.5,912.2,930.1,49384
40869,931.8,939.3,923.1,925.4,50479
40870,922.4,925.4,898.6,904.9,60389
40871,907,908.8,891.5,893.9,41523
40872,892.1,898,885.2,889.6,44174
40873,889.9,891.5,888,889.6,1517
40875,895,906.5,894.3,896.3,41511
40876,897,905,882.3,885.8,40361
40877,882.5,884.6,861.5,869.6,26324
40878,909,915.4,873.6,875.7,88269
40879,876,908.7,874,906,96730
40880,908,908,903.3,904,2577
40882,905.7,948.8,905.7,946.7,1.0647e+05
40883,945.1,955.4,929,946.4,85117
40884,944.4,957,932.5,934.8,73389
40885,936.8,954.3,936.8,950.3,79407
40886,949,972.5,944.3,970.3,76220
40887,969.5,972.6,968.2,971.1,2855
40889,968.8,974.2,953.8,972,68278
40890,969,983.5,968.2,975.8,65185
40891,973.1,976,950.1,954.3,72951
40892,954.3,965,940.1,962.4,81343
40893,963.5,983.4,942.5,976.8,82692
40894,976.5,978.7,975.1,976.9,1501
40896,973,987.3,965.3,980,54101
40897,980.5,1004.5,975.1,998.2,76637
40898,996.6,1004,981.6,998.8,81318
40899,998,1003,985.1,986.3,62229
40900,987.3,997.4,982.7,984.8,47927
40901,984.8,986.1,982.3,985.4,1236
40903,985.4,988,984.3,986.6,4143
40904,986.1,986.1,976.5,981.7,14930
40905,982.8,991.7,952.6,954.5,49288
40906,957.6,971.5,945.1,969.3,46471
40907,972.8,980.7,972.3,975.6,13524
40910,992.5,999.8,990.6,998.8,4062
40911,996.5,1008.9,983,1001,73323
40912,997.1,1004.8,985.1,997.3,66544
40913,996,997.2,981.1,990.3,53095
40914,990.1,999.4,981.5,988.9,47396
40915,987.7,989.9,987.7,988.8,649
40917,988.3,1005.9,983.4,1002.1,63312
40918,1000.5,1013.6,997.5,1010.1,54335
40919,1009,1017.5,997.6,1005.6,52798
40920,1007,1027.3,1005.7,1015.9,66064
40921,1015,1024.3,998.3,1009.4,61056
40922,1007.1,1011.1,1007.1,1008.1,806
40924,1006.1,1011.2,991.4,997.5,41017
40925,999.4,1006.9,992.3,993.7,42241
40926,992.2,996.2,981.6,986,43256
40927,987.1,1017.6,987.1,1015.5,53632
40928,1017.5,1034.8,1013.2,1027.2,71295
40929,1025.8,1030,1025.8,1028,1226
40931,1026,1039.3,1014.5,1016.6,63633
40932,1017.4,1031.8,1011.5,1030.7,49882
40933,1031.9,1048.9,1026.4,1044.5,63006
40935,1050,1071.4,1050,1066.9,59654
40936,1069.9,1069.9,1063.5,1066.3,1314
40938,1063.7,1065,1051.6,1055.6,38724
40939,1056,1062.7,1047.9,1057,20418
40940,1036,1043.9,1023.5,1042.7,59608
40941,1040,1048.5,1018.3,1026.7,64316
40942,1026.7,1045.5,1019.7,1040.8,53513
40943,1044.7,1044.8,1039.4,1041.8,1068
40945,1040.3,1062.3,1032.3,1060.2,57426
40946,1058,1071.5,1049,1067.3,57674
40947,1067.6,1086.8,1060,1061.8,70208
40948,1059,1075.5,1051.5,1067.9,67039
40949,1068.8,1073.9,1030.1,1031.6,70054
40950,1032.5,1035.1,1029.1,1034.7,1515
40952,1034,1040.7,1014,1018,58641
40953,1016,1016.7,995.5,999.6,68535
40954,1003,1009.7,990,996.1,57489
40955,994.4,996.9,985.1,990.1,50681
40956,993.7,996.9,962.4,968.2,64639
40957,967.9,970,966.8,969.4,1353
40959,972,982.8,963.3,980.2,29943
40960,981.4,1003.7,977,998.3,65582
40961,1001.9,1009,989.1,993.8,59951
40962,995.8,997.8,978.4,981.9,51858
40963,981.8,990.3,969,982,58776
40964,982.1,984,981,983.3,940
40966,985,993.7,978.3,988.2,47197
40967,991,995.6,965.2,967.8,48455
40968,972,985.7,971.2,976.6,25846
40969,967,987.2,966.2,978.4,66261
40970,979.9,985.5,963.2,974.4,54953
40971,974.5,976.9,974.5,976,1054
40973,974.8,977.6,956.5,958.9,58120
40974,961,963.3,950.1,955.4,50233
40975,959.5,965,948.5,963.7,58015
40976,965,965.6,947.1,949.5,26568
40977,951.9,964.4,943.3,962.8,56336
40978,961.5,963,960.4,961.4,1048
40980,962.4,968,955.8,964.6,43496
40981,966.7,976.8,965.2,974.3,38554
40982,973.5,982.6,968.3,980.4,45778
40983,979,980.9,968.6,974.8,50888
40984,974.9,977.5,953.2,954.9,49446
40985,955.3,956.5,954,956,1684
40987,956.9,957.9,944.5,954.6,49856
40988,955.4,960.8,950,959.8,39587
40989,961,963,951.7,953.5,33967
40990,951.7,953.9,940.5,946.4,43752
40991,948.8,951.4,933,934.5,60394
40992,934.3,935.8,934,935.1,1234
40994,935.5,943,928.3,934.5,46482
40995,934.7,936.4,906.7,907.9,56792
40996,910,913.7,892.4,897.3,57218
40997,899.8,902,877.3,880.4,55158
40998,882.2,895.4,878,890.2,32143
41001,919.5,938.4,917.6,932.3,63471
41002,928.6,950.8,926.9,929.9,74475
41003,930,941.8,918,927.2,80134
41004,927,945.7,918.3,943.2,50734
41006,942,944.7,941,944.1,1091
41008,944.8,944.8,936.2,940.4,24528
41009,939.7,941.6,923.9,933.7,68408
41010,933,941.6,924.7,936.2,55544
41011,935.9,959,934.1,957.1,60115
41012,954.9,958.7,938,945.2,66236
41015,943.7,943.7,908.1,916.7,74621
41016,918.2,925.2,910.5,918.1,57897
41017,919.3,928.9,917.5,920.8,55749
41018,919.7,927.7,918.2,921.6,48911
41019,922.1,935.2,921,929.8,38748
41020,928.1,931.9,928.1,930.5,989
41022,929.3,932.5,922.1,925.6,39861
41023,927,933.9,915.3,921.2,48152
41024,922.2,929,917.6,925.7,43169
41025,927,954.8,924.4,952.9,66324
41026,952.7,964,944.4,948.5,46593
41027,951.1,953.7,944,950.6,1990
41029,950.4,955.8,935,938.6,21622
41031,943.2,951.5,924.3,927.5,57587
41032,929.4,945.6,928,940.4,66042
41033,942,950.5,931.2,944.1,50170
41034,944.7,944.7,943,943.2,593
41036,941.1,949.4,936.1,946.9,23289
41037,946,946,924,932.8,64198
41038,934.3,935,924.5,932.2,47837
41039,929,929.7,917.1,919.2,52658
41040,921,924.5,915.6,920,41887
41041,918.7,920.9,918.4,920.1,776
41043,918.4,923.7,913.1,917,41398
41044,915.7,922,911.3,921.1,41680
41045,920.5,936,914.6,923.7,62278
41046,927.4,934.8,922.1,932.5,46448
41047,931.8,941.2,919,921.4,54290
41048,920.6,923,920,922.4,1244
41050,924,943,924,941.5,52920
41051,941.4,947.7,933.8,938.9,45235
41052,939.1,948.6,936.3,942.8,40827
41053,942,947.4,935.2,945.2,38823
41054,944.2,944.6,937.4,940.8,22763
41055,941.4,941.5,937.2,940.9,659
41057,942.7,944,937.5,938,16840
41058,940.6,945.8,922,928.6,44677
41059,929.4,932,912,916.1,45490
41060,916.6,925.5,915.3,923.4,20265
41061,926.5,926.5,893.3,895.5,58976
41062,897.7,898.4,893.6,896.9,1725
41064,897.6,897.7,861,882.8,37700
41065,884,893.4,875.2,886.5,34374
41066,890,909,887.1,896.8,67905
41067,896,917.9,888.2,916.2,69218
41068,912.1,937.5,904.1,933.8,64644
41069,933.1,934.8,930.2,931.7,1298
41071,934,964.4,932.2,959.1,70162
41072,955.1,966.9,945.8,949.8,68591
41073,952.5,961.4,939.6,945.6,49989
41074,949.9,953.1,927.2,933.5,59178
41075,934.4,938.5,924.1,937,52726
41076,938.8,940,936.1,937,1069
41078,938.7,944.3,930.5,931.4,44261
41079,932.9,954,927.6,952.7,60135
41080,952,965.3,949.2,959.7,66606
41081,958,958,933,934.8,58058
41082,932.9,946.8,923.2,943.8,44626
41083,942.4,944,942.4,943.7,564
41085,941.7,941.7,926.8,932.7,39699
41086,935.4,938.3,924,928.1,34783
41087,929.1,932.7,920.2,926.4,35548
41088,927.6,937.5,918.6,923.1,39698
41089,925,931.3,921.3,926.1,14598
41092,933.2,940.6,929.8,934.6,32747
41093,936,947.9,933.6,940,52036
41094,939.2,944.5,932.5,934.1,32494
41095,934.4,947.4,927.3,930.2,67569
41096,930.5,932.8,911.8,916.1,62254
41097,916,917.9,915.1,917.5,1124
41099,918.5,921.9,912.9,917.3,44356
41100,917,917,899.2,901,62272
41101,901.2,908,895.2,901.9,59783
41102,903.8,905.9,887.5,890.3,64091
41103,889.3,903.3,888.2,895.1,60130
41104,895.4,897.7,894.6,897.2,967
41106,895.8,896.7,889.8,894.2,35498
41107,894,898.5,892,893.1,40673
41108,893.2,897.4,890.2,893.8,37953
41109,895.9,901.1,890.1,892.8,47942
41110,891.2,891.8,882.1,883.4,37539
41111,884,887,882.6,885.4,1691
41113,883.5,885,867.4,878.2,51709
41114,879.8,885.7,870.7,884,53018
41115,882.8,893.7,877.1,892.3,54243
41116,890.8,896.3,882,883,48115
41117,885.7,887.8,878.3,882,34369
41118,881.7,882.5,881.6,882.2,1123
41120,883.9,895.4,876.6,893.1,60139
41121,894,899.7,887.8,889.9,38028
41122,891.9,891.9,877.2,877.7,52525
41123,879.5,882.6,867.2,870.9,54790
41124,871.1,879,868.6,874.1,47851
41125,874.1,875.4,873.8,874.7,1107
41127,873.1,878.7,869.6,876.5,49901
41128,875.1,879.8,872.6,874,39467
41129,872.5,874.4,868.4,871,46651
41130,873.1,873.4,862.2,862.9,48954
41131,864,865.5,852.3,854.2,55320
41132,853.1,854.8,848,853.9,2637
41134,852.2,861.3,851.4,859.5,44629
41135,860.2,873.2,858.5,867.4,66912
41137,865.9,868,857.3,867,49548
41138,866.2,874.9,861.5,872.3,48008
41139,871.5,872.5,870.3,871.3,1166
41141,869.5,869.5,862,866.5,19710
41142,865,877.8,864.9,874.7,48623
41143,875.4,889.2,875.4,886.9,67085
41144,886.1,905.9,885.3,899.2,81197
41145,897.9,913.4,894.8,911.1,76803
41146,911.2,912.9,910.7,911.8,1616
41148,913.1,920.4,910.8,913.2,27464
41149,912.9,913.9,900.2,903.9,44816
41150,903.7,910.3,897.2,904.2,54810
41151,904,911.4,890.5,891.4,52877
41152,892.6,898.4,884.8,887,26507
41155,897.4,908.2,893.7,904.3,54965
41156,904.5,909.4,895.5,896.9,59195
41157,898,904,892,901.7,59511
41158,902,915,896.2,896.9,80347
41159,897.5,912.2,897.5,909.3,80250
41160,907.4,912.8,907.2,910,3067
41162,912.6,933.5,912.6,928,79728
41163,924.9,932,922.1,927.1,60696
41164,925,938.3,912.5,920.4,87072
41165,921.8,934.4,920.2,932.9,72183
41166,935,963.3,935,956.6,94035
41167,955.8,960.2,954.6,957.9,2448
41169,956,979,950.3,975.5,92429
41170,978,984.3,956.1,960,1.0168e+05
41171,961.5,974.4,961.5,964.3,45441
41172,961,968,951.3,966.7,57606
41173,969,974.5,960.1,961.6,51243
41174,960.1,961.8,959.1,960.1,1226
41176,959,964.3,951.2,959.7,51471
41177,962,978.4,962,977.3,55836
41178,977.5,980.3,962.3,964.9,59400
41179,962,972.5,956.9,970.9,48982
41180,970,980.9,967.4,977.3,27300
41183,977.3,988.8,966.5,986.2,63057
41185,985,985,970.3,972.4,54028
41186,970.3,977,962.3,965.5,48408
41187,967,973.6,947.7,953.5,61406
41188,953.8,955,951.6,954.7,1406
41190,954.1,955.4,942.5,950.1,48724
41191,952,959,944.5,947.6,48105
41192,948.6,952,938.1,938.9,51322
41193,939.4,944.2,927.2,932.4,52404
41194,931.1,933.1,905.5,910.4,67150
41195,910.5,911.8,908,909.4,1833
41197,906.2,918.5,901.5,912.4,66554
41198,911.1,913.9,890.1,893.5,64126
41199,894.1,908,889.1,906.9,53581
41200,908.3,928,908.3,926.8,61145
41201,925.4,925.4,912.5,913.9,43198
41202,913.2,914.6,912.9,914,856
41204,912.5,913.7,886.5,888.2,55599
41205,887.7,891.6,868.8,881.9,63477
41206,879.8,886,876.2,883.3,24176
41207,882.5,888.4,867.6,868.7,49318
41208,867,875.3,858.2,863.5,38642
41209,865,866.8,862.6,865.8,1489
41211,864.6,866.8,852.2,861,47022
41212,858.2,869.8,855.4,864.2,46993
41213,865.5,883.8,865.5,876.2,49557
41214,879.9,889.5,879.3,882.6,66900
41215,881.7,883.7,866,866.8,50880
41216,868.5,868.5,866.4,868,1403
41218,866.5,879,859.5,874.5,60073
41219,875.9,883,873.4,880.9,54146
41220,882.7,891.9,866.2,872,79565
41221,872.1,880.7,866.6,878.8,46235
41222,880.3,884.7,874,876.4,51537
41223,876.4,877.8,876,877.1,1188
41225,878.1,886.4,875.5,885.5,39630
41226,884,884,880.2,881.5,8250
41227,884.5,893.2,884.5,887.4,42905
41228,887.8,890,875.8,876.9,42622
41229,879,890.7,874.5,882.6,63676
41230,884.3,884.4,882.4,884,942
41232,884.9,900.5,883.5,898.6,53449
41233,900,918,898.4,909.5,75620
41234,909.4,918.4,902.2,916.8,67760
41235,918.2,926.7,911.2,913.1,52093
41236,913.9,925.4,912.8,920.1,49014
41237,919.9,922.5,919.9,920.6,2039
41239,922.2,930.8,912.6,918.9,58000
41240,919.8,934.3,919.8,933.3,59781
41241,934.3,949.4,934.3,942.1,48484
41242,939.1,947,930,931.4,53202
41243,932.1,939.8,929.5,932.6,20907
41246,958,969.3,957.3,960,63282
41247,959,962.2,951.1,958,66974
41248,955.7,961.4,953.2,957.6,43478
41249,958,958,934,935.3,62082
41250,935.6,940.5,928.6,937.8,47162
41251,937.6,939.4,936.3,938.5,959
41253,940,972,940,968,71292
41254,966.5,969.4,960,966.9,46813
41255,966.2,971.5,960.5,962.6,42587
41256,961,964.2,951.7,962.9,40671
41257,963.7,976,963.7,970.2,50325
41258,971.3,971.6,969,970.4,1280
41260,971.5,976.7,964.2,966.9,39158
41261,968,980.5,966.7,974.5,48614
41262,974.2,974.2,954.1,969.7,71203
41263,967.1,967.1,949,956.6,56218
41264,959.9,967.3,955.8,957.7,43836
41265,958.6,959.8,957.4,959.6,799
41267,958.4,958.5,943.2,950.2,37766
41269,950.7,953.8,945.3,949.9,14000
41270,950.3,956.4,943.1,946.8,33735
41271,947.5,947.9,936,940.7,32411
41272,940.8,941.1,939.1,939.7,839
41274,940,944.3,934.2,936.4,14981
41275,945,949.5,944,948.6,3914
41276,949.2,964.1,948.4,963,44826
41277,964.5,976.8,954.2,955.4,53978
41278,957,969.4,951,961.9,48160
41279,962.2,966.2,962.1,965.5,1164
41281,966.3,966.3,951.2,957.4,36047
41282,959.2,962.7,948.1,957.2,42282
41283,957,965.3,952,962.3,41173
41284,964.3,967.5,950.7,954.4,45489
41285,954.5,963.8,951.3,962.8,42569
41286,962.7,963,961.7,962.3,756
41288,962.9,965.5,942.2,943.5,44210
41289,942,959.7,937.7,957.9,54045
41290,958.6,964.4,951.1,953.2,50017
41291,952.8,953.8,945.1,950.2,48788
41292,949,954.2,943.1,943.8,42701
41293,944.2,945,943.9,944.7,962
41295,944.5,946.4,931.6,932.7,35138
41296,933.8,939,929.8,935.4,47890
41297,936.8,943,934.4,938.9,42444
41298,937.4,938.9,929.1,931.4,42116
41299,933.6,935.7,926.9,933.2,23146
41302,932.2,949.4,931.2,948.6,48436
41303,946.7,953.7,942.2,952.6,43376
41304,952.4,976.7,950.9,975.7,60969
41305,974.1,987.2,970.5,980,24484
41306,979,990.3,977.4,989.6,44193
41307,988.1,992.4,988.1,990.9,1547
41309,989.8,997.4,987.9,993.2,50928
41310,991.8,995.3,987,994.3,47683
41311,992.9,994,973.3,974.1,66155
41312,973.7,977.9,970,972,46307
41313,974,987.9,974,984.1,49764
41314,983.4,984.4,982,982.8,876
41316,980.5,987.8,979.5,981.3,31501
41317,980.8,987.4,979.2,985,31529
41318,985.5,993.9,984.6,991.1,39445
41319,990.2,993,981.1,984.3,34913
41320,985.3,996.4,982.1,994.8,42148
41321,994.5,995,993.5,994.5,851
41323,994.4,994.4,968.1,970,63340
41324,969,969,940.2,944.3,75820
41325,945.9,947.5,918.5,923.4,72308
41326,922.2,922.3,903,912.9,89310
41327,913.8,925.8,901.1,917.5,96124
41328,918.1,920,917,918.6,1189
41330,915.5,915.5,897.4,899.1,64207
41331,900.6,905.3,889.2,904.6,59919
41332,902,905,891.5,896.3,41509
41333,899.3,904.6,888.8,892.3,26923
41334,909.5,925.5,902.1,920.7,61845
41335,920.3,923.3,919.5,921.7,948
41337,918.7,920.4,911,913.3,52944
41338,913.9,918.6,908.1,915.5,50526
41339,914,918,909.1,911,42405
41340,912.4,913,905.1,907.5,39714
41341,908.6,911.3,901,909.8,46746
41342,909.2,909.7,909,909.3,646
41344,909.8,916.7,901.7,916,50171
41345,915.9,924.7,911.2,923.7,47166
41346,923.2,932.5,922,924,48942
41347,922.6,933.7,920,932.3,46134
41348,931.2,936.7,913.7,914.8,55623
41349,915,916,913.1,913.8,1575
41351,913,913,894.7,896.7,69734
41352,898,907.2,897.2,904.1,44583
41353,905.9,916.8,901.3,915.4,40898
41354,916.7,919.5,911.6,917.8,42567
41355,916.1,932.4,912.2,929.5,51706
41356,928.6,931.2,928.2,930.5,1032
41358,926.8,928.5,917.3,920.5,39311
41359,918,928,912,912.8,40010
41360,911.5,917.6,906.5,916.6,13793
41361,914.2,914.2,899.7,905.2,16200
41365,910,913.5,906.1,912.3,12831
41366,908.7,908.7,889.2,895.9,59222
41367,894,894,878,879,44991
41368,877.1,896,876.2,889.3,49453
41369,891,893,878.2,879.6,37668
41370,872,882.6,845.6,877.6,3065
41372,881.6,889.9,878.2,881.3,35418
41373,885,887.7,881.1,884,34772
41374,883,890.9,875.6,879.2,42865
41375,880.4,883.7,872.7,881.2,43716
41376,882.5,885,864.4,865.5,42841
41377,860,864.9,854.9,863.8,2592
41379,854,857.7,839.7,855,58508
41380,851,860.7,842.1,852.8,43937
41381,850,850,829.5,833.6,48367
41382,832.2,840.5,817.5,839.5,50238
41383,834.5,834.5,816,817.6,32706
41384,817.7,822.7,812.2,821.1,2781
41386,819.4,830.7,815.1,827.2,36758
41387,825.2,825.9,817.6,818.7,35056
41388,824.2,826.3,821.2,825,20567
41389,827.5,840.4,820.3,833.9,46518
41390,833.3,839.3,822.8,824,33567
41391,827.3,827.3,823.1,824.8,819
41393,827,835.9,820.1,833.9,31444
41394,833.3,835.8,823,824.5,20181
41395,822.4,822.4,792.4,794.5,40137
41396,798.1,804,787.5,794.9,51226
41397,797.7,820.5,797.7,816.3,59207
41398,815.6,816.8,813,814.7,1484
41400,814.4,824,813.2,818.5,16657
41401,820,822.5,809.2,821.6,42627
41402,819,839,818,832.6,43822
41403,830.7,842,828.4,835.3,42493
41404,836.8,848.3,834.6,847.1,40259
41405,848.6,850.7,847,850,1950
41407,848.1,851.3,836,841.4,35753
41408,838.4,839.9,826.6,827.3,33431
41409,828,829.3,813.1,816.3,35406
41410,818.7,819.6,811.6,815,38518
41411,817.4,823.5,814.6,817.1,36718
41412,817.9,817.9,812.5,815.2,1460
41414,813.2,831.3,810.6,827.9,41004
41415,827.9,838.3,825.3,830.1,35477
41416,832.4,847.9,831.5,844.3,37949
41417,841,841,822.7,830.4,36899
41418,828.3,830.4,820.8,822.5,29809
41421,821,822.8,816.1,818.6,8285
41422,818.8,833,817.9,831,30432
41423,832,835.8,827.5,830.1,24624
41424,827.2,834.7,822.5,832.3,25151
41425,835.1,835.6,826.1,828.5,19213
41428,839.3,871.7,839.3,857.6,39210
41429,857.4,870,856.9,863.4,34203
41430,862.5,878.5,862.5,866,40726
41431,863.5,868.6,854.5,856.4,33588
41432,857.5,869.6,855.2,862.4,35268
41433,860.7,865.2,860.7,863.7,1256
41435,861,874.6,860.7,867.1,29687
41436,870.7,878,843.1,844.1,41905
41437,845.1,845.1,825.6,826.5,48510
41438,828.2,838.7,816.1,818.5,46588
41439,821,828,814,826.7,38813
41440,826.7,830.8,825.7,827.2,1044
41442,826.5,832,818,823.8,32677
41443,824.4,835,821.1,832.2,35317
41444,830.3,836.7,824.1,834.3,33063
41445,833,833,819.2,820.4,33338
41446,819.4,839,811.2,837.6,46682
41447,835.5,839,835.5,836.6,868
41449,835.8,835.8,814.2,816.6,40806
41450,817.9,834.7,805.1,826.6,44925
41451,823.5,830.6,817.7,825.2,38233
41452,827,832,820.1,825.5,28772
41453,823.7,827.3,815.3,817.7,16766
41456,821.2,832.3,818.5,831.3,25560
41457,832,842,829.3,837,22075
41458,838,846.9,837.2,837.9,20071
41459,836.4,837.5,830,831.5,12299
41460,831.1,834.2,811.6,815.1,24571
41461,815,819.5,815,818.6,1423
41463,818.2,821.5,812.8,816.9,19708
41464,814.6,814.6,797.1,805.6,33124
41465,804,821,798.8,816.6,29984
41466,817.6,827.7,813.6,818.9,26026
41467,820.7,828,812.8,823.3,21218
41468,824,824.9,822.2,823.2,614
41470,824.8,827.7,800.8,801.7,37487
41471,801.7,811,795.8,809.9,34632
41472,812,834,812,827.3,49023
41473,829,836.9,822.4,834.7,27388
41474,834.6,843.2,828.3,840,26562
41475,841,841,838,839,753
41477,842,847.8,832.9,837.2,31817
41478,838,842,832.4,837.5,18306
41479,834,847.6,830.8,846.1,27292
41480,843,844.2,831.2,833,26728
41481,831,833.4,814.2,815.4,24062
41482,816.6,817.6,815.3,816.3,569
41484,817.7,820,810.4,812,15854
41485,814.4,825.6,809.1,822.3,21919
41486,824.6,832.9,824.6,827.5,12777
41487,849,852,840.5,846.1,22267
41488,846,858,841.8,852.2,18923
41489,851.7,853,849.1,850.9,528
41491,849.1,856.4,846.1,849.1,13731
41492,850,864.8,845.1,847.2,20831
41493,848,860.5,838,859.5,23430
41494,861,874,861,868.3,19499
41495,871.6,891.9,871.6,888.3,15492
41496,889.8,894.9,887.1,894.1,1741
41498,890.3,910.9,888.7,901.4,25128
41499,904.5,914.4,897.7,905.6,22240
41500,902.6,911.4,902,909.3,15038
41502,911.1,936.6,911.1,933.1,20941
41503,934.1,938.8,927,936,1602
41505,938,947.5,923,942.8,15792
41506,941.9,941.9,920.4,929.9,11708
41507,928,944.4,924,929.5,17541
41508,933.9,947.5,920.7,922.9,20089
41509,928,935.2,918.2,932.6,20107
41510,930.9,933.8,921,928.5,1213
41512,930,943,923,931.8,11508
41513,936,981.3,936,967,23631
41514,973.6,1004.8,928.4,941.2,25890
41515,947,961,935.4,950.8,15524
41516,940.1,944.4,912.8,917.6,8159
41519,924.9,928.3,916.8,925,12145
41520,924,949.7,920.2,948.3,19154
41521,942.6,943.9,904.3,910.2,19567
41522,907.5,921.8,899,919.3,16768
41523,919.1,924.5,901.6,903.1,20725
41524,903.6,906.9,902,905.8,492
41526,905.6,906.5,894.8,896.3,7868
41527,892.1,892.9,868.9,871.1,16915
41528,876,885,869.1,873.5,16486
41529,878,881.7,865.5,879.2,16880
41530,881.1,885,863.2,876.3,16553
41531,875,887.5,875,883.1,984
41533,880,880,864.6,875.9,11638
41534,875.6,878.9,869,871.4,11879
41535,872,892.8,868.1,889.1,16663
41536,883,895.7,872.6,891.1,18915
41537,889.8,897.1,874.2,875.6,17944
41538,875.6,875.6,875.6,875.6,NaN
41540,870.1,876.7,863.1,872.6,10736
41541,872,872.7,858.3,861.6,12238
41542,861.7,865.8,855.5,859.6,10982
41543,858.8,864,850,850.9,14806
41544,853.5,884.9,850.8,878,17731
41545,878,878,878,878,NaN
41547,874,879.5,868.4,872.2,6689
41548,876.6,878.1,865.1,866.8,11213
41550,865.1,865.9,843,844.1,19128
41551,841.2,863.5,836.6,859.5,22159
41552,859.5,859.5,859.5,859.5,NaN
41554,855,870,855,858.3,16790
41555,863.1,868.3,858.7,863.5,10597
41556,862.6,865,848.6,849.6,13153
41557,852,857.5,840.6,842,18012
41558,844,856.4,841.1,850.9,13268
41559,850.9,850.9,850.9,850.9,NaN
41561,849,866,846,862.1,13694
41562,859.9,869.6,857.2,863.4,13085
41563,860,867.4,856.1,865.2,7497
41564,863.9,864.8,852.2,853.2,11468
41565,852.2,872,852.2,869.3,16420
41566,869.3,869.3,869.3,869.3,NaN
41568,872.8,890,872.8,889.1,15748
41569,892,908.9,889.2,903.7,21485
41570,900,910.5,890.2,891.4,20106
41571,890,901.3,885.1,900.1,18670
41572,899.5,902.9,887,890.6,13652
41573,890.6,890.6,890.6,890.6,NaN
41575,889.5,901,889.5,892.5,11111
41576,896.5,898.8,890,892.1,9335
41577,893,901,891.7,895.5,10666
41578,891.5,898.7,888.6,891.1,7703
41579,906,915,906,908.9,8805
41580,908.9,908.9,908.9,908.9,NaN
41582,902.1,902.1,890.3,891.3,4617
41583,890,898.6,886.4,896.8,9748
41584,895.5,903,877.1,884.6,13158
41585,886,889.4,874.2,882.5,18238
41586,883.5,888.6,876.3,882.8,15833
41587,882.8,882.8,882.8,882.8,NaN
41589,886,890,876,878.3,11652
41590,878.3,881.5,872.2,877.8,11875
41591,874.5,875,862,870,15267
41592,871,875.8,862.5,864,12900
41593,868.5,869.8,861.7,868.3,6231
41594,868.3,868.3,868.3,868.3,NaN
41596,866.6,866.8,842.2,844,13329
41597,845.5,852.6,842.3,848,13959
41598,851.9,856.2,843.1,844.4,12709
41599,849.5,851.6,841.7,849.3,15034
41600,850.1,852,842.9,844.7,14078
41601,844.7,844.7,844.7,844.7,NaN
41603,842.6,845.3,835.9,841.1,11879
41604,842.4,845.9,835.3,837.2,9839
41605,837,839.9,827.5,829.4,9720
41606,831.3,835,826.4,833.9,7824
41607,829.7,838.4,826.5,835.1,8931
41610,846.5,848.8,833.5,845.8,15458
41611,847.1,847.1,838.2,844.4,10859
41612,845.1,851.9,840.2,849,14065
41613,846.7,862.6,842.8,849.5,18672
41614,853,857.5,843.6,844.7,11410
41615,844.7,844.7,844.7,844.7,NaN
41617,843,853.8,841.2,852.9,12771
41618,854.4,862.5,849.6,850.5,18340
41619,852.8,871.8,852.8,866.7,21938
41620,868.4,877,868.4,872.7,13822
41621,869.9,878.2,866.1,877.2,11519
41622,877.2,877.2,877.2,877.2,NaN
41624,874.9,876.9,863.7,867,11725
41625,868.4,875,864.5,867.9,12855
41626,869.3,879.5,869,877.8,14442
41627,879.5,887.9,875.1,887.3,16715
41628,885.4,894.8,884.5,893.7,12100
41629,893.7,893.7,893.7,893.7,NaN
41631,895,896.4,880.7,881.7,11021
41632,885.1,889.7,871,874.7,14758
41634,874.6,883.9,874.6,879.3,7078
41635,882.3,886.9,875.6,877.2,13672
41636,877.2,877.2,877.2,877.2,NaN
41638,880.2,884.7,862.9,867.6,14360
41639,865,865.9,857.5,859.2,6007
41640,867,869.9,863,866.1,2429
41641,869.9,880.5,862.6,875.2,20388
41642,873.1,875,863.5,865.1,13914
41643,865.1,865.1,865.1,865.1,NaN
41645,867.5,869.3,847.1,851.1,20667
41646,852,853.6,840.2,842.9,18057
41647,843.7,847,837.7,838.6,14939
41648,838,840.4,830.4,832.2,13010
41649,833.1,852.5,831.1,851.4,23694
41650,851.4,851.4,851.4,851.4,NaN
41652,852.2,875.8,852.2,874.9,23922
41653,878,885.5,877.3,882,10126
41654,879.7,898,873.3,893.2,19652
41655,896.9,903.8,887,897.3,20014
41656,898,906.8,889.7,898.2,20735
41657,898.2,898.2,898.2,898.2,NaN
41659,895.5,896.7,881.8,895,20915
41660,892.1,912.7,888.2,912.2,21598
41661,912.8,914.5,905.7,912.3,16453
41662,910.2,914.5,892.3,905.4,24365
41663,907.4,913.6,900.3,906.6,20750
41664,906.6,906.6,906.6,906.6,NaN
41666,902,907.5,892.4,894.1,17066
41667,898.2,898.2,882,886.1,13583
41668,884.5,888.6,875.5,876.6,15566
41669,875.2,877.9,858,859.3,11118
41670,859.4,860.1,853.5,854.2,5486
41673,876.2,887.9,867.6,870.8,13150
41674,870.3,877.5,861.7,864.4,15793
41675,867.9,876.8,862.8,864.6,15685
41676,866.8,877.1,863,869.2,19256
41677,870.1,883.8,870,878.9,16677
41678,878.9,878.9,878.9,878.9,NaN
41680,881.2,894.7,881.2,883.6,17523
41681,882,886.7,875.1,879.4,17855
41682,882.4,894.7,882.4,889.7,21714
41683,891,897.6,878.2,881.8,21961
41684,883.1,886.8,879.5,880.8,14025
41685,880.8,880.8,880.8,880.8,NaN
41687,885.9,893.8,885.6,887.9,12876
41688,890,903.9,886.1,899.1,21866
41689,902.2,910.8,899.7,901.5,16455
41690,900.5,900.5,890.1,890.9,12492
41691,892.1,897.9,888.1,888.5,13248
41692,888.5,888.5,888.5,888.5,NaN
41694,888,890,878.2,888.8,12708
41695,889.7,890.8,878.5,882.8,12584
41696,883.9,891.3,881.7,884.5,12417
41697,883.3,894.8,879,893.2,7925
41698,893.5,917.9,892,905.4,8129
41701,907.1,917,903.1,916.2,23796
41702,913.8,942.2,910.6,938.6,29781
41703,937,949.5,932.5,934,24159
41704,932.4,952.4,927.1,947,29104
41705,945.3,950.8,932.2,936.5,32981
41706,936.5,936.5,936.5,936.5,NaN
41708,934,946.7,910.5,945.3,37568
41709,947.1,961.7,942.5,946.6,32978
41710,946,963.4,939.3,955.3,35555
41711,952.6,971.5,952.1,969.8,24109
41712,967.9,978.6,963.7,966.6,28617
41713,966.6,966.6,966.6,966.6,NaN
41715,975.8,976.9,966.8,972.8,9945
41716,974,990.8,974,989.9,21993
41717,991,997.9,975.2,994.1,32837
41718,991.3,993.3,961.1,966.7,35227
41719,968.9,981.5,967.4,978.2,22268
41720,978.2,978.2,978.2,978.2,NaN
41722,974,984.7,966.8,977.5,21425
41723,982.7,988,967.9,969.5,23174
41724,967,974.5,945.1,953.3,24252
41725,955.9,956.4,943.5,945.9,14162
41726,947,954.9,941,944.1,16555
41727,944.1,944.1,944.1,944.1,NaN
41729,946,954.7,943.7,945.6,7239
41730,956.1,965.1,947.5,963.5,18734
41731,963.5,977.9,958.6,971.5,17493
41732,970,987,969.6,986.1,16049
41733,987.9,1001.7,979.2,984,25252
41736,982.4,999.7,982.4,998,21165
41737,994,994.1,982.6,990.3,13248
41738,991.2,1009.3,987.4,1008.4,26364
41739,1010,1037.7,1010,1034.8,34762
41740,1037.9,1057,1035.3,1055.9,36865
41743,1055,1086.9,1055,1075.9,15519
41744,1070.3,1074.5,1033.7,1072.7,55959
41745,1066.1,1092.5,1041,1079.1,50336
41746,1081.5,1090.5,1071.5,1083.3,33492
41750,1080,1090,1074,1087.6,12051
41751,1092,1116.1,1092,1115.1,27353
41752,1116.2,1129.8,1098,1125.6,49494
41754,1124.1,1124.1,1108.5,1118.5,30006
41757,1123.4,1133,1097.1,1098.6,34341
41758,1103.8,1107.9,1081.7,1093.6,38006
41759,1105,1106,1088.4,1103.3,12900
41761,1107.7,1107.7,1096,1101.2,23203
41764,1098,1100.8,1093.5,1097.3,10573
41765,1100,1122.5,1100,1115,31038
41766,1118.4,1124.7,1114.5,1121.6,24654
41767,1125,1188.8,1125,1167.2,73661
41768,1174,1234,1174,1209.4,83405
41771,1215,1280,1215,1262.9,67748
41772,1270,1278.9,1232.1,1244.1,89575
41773,1240,1240,1169.5,1178.7,50821
41774,1131.6,1141.4,1100.7,1107.9,91321
41775,1103,1137.4,1103,1117.6,41989
41778,1124.8,1184.6,1124.8,1183.3,48877
41779,1173.4,1173.4,1136,1165.7,65719
41780,1155,1157.4,1134.6,1138.5,36723
41781,1148.4,1159.1,1130,1150.8,43316
41782,1151.5,1159.8,1138.3,1141.6,27464
41785,1145,1155,1142.9,1152.5,8794
41786,1155,1164.1,1153.2,1157,19806
41787,1161.6,1169,1131.7,1136.3,29505
41788,1125.1,1125.1,1104.5,1114,24467
41789,1114.6,1140.7,1108.3,1134.4,14243
41792,1148.4,1159.6,1144.6,1152.5,23278
41793,1149.7,1154.4,1129.7,1130.7,26617
41794,1126.6,1142.4,1117.3,1136.7,32736
41795,1139,1139,1120.1,1123.8,23974
41796,1128.7,1130.8,1094.6,1111.1,39634
41799,1108.3,1129.6,1100.9,1120.5,28791
41800,1117,1122,1098.1,1108.6,30198
41801,1108.3,1112.2,1080.6,1082,39370
41802,1079.9,1082.5,1047.3,1070,41705
41803,1078,1089.1,1059.6,1080.4,34484
41806,1086.9,1124.8,1086.9,1123.6,31353
41807,1126.6,1157.7,1117.1,1155.8,47543
41808,1150.7,1153.4,1113.6,1115.7,49535
41809,1112.4,1122,1071.1,1115.7,37862
41810,1123,1128.9,1097.3,1104.5,30432
41813,1109,1124,1099.1,1100.3,27442
41814,1100.2,1103.5,1086.3,1091.1,24604
41815,1089.1,1116.9,1087.5,1115.2,26959
41816,1115,1134.6,1111.7,1132.3,28471
41817,1127.1,1137.9,1119.6,1129.3,26184
41820,1128,1131.9,1121,1123.4,8688
41821,1148,1154.7,1136.8,1148.6,24136
41822,1144,1181.4,1132.4,1179.1,45972
41823,1179.6,1193.7,1175.5,1181.8,35652
41824,1180,1183.3,1156.6,1158,32371
41827,1155,1164.7,1144,1158.1,32555
41828,1158,1188,1151.6,1181.4,35646
41829,1178.9,1183.7,1158,1159.1,29638
41830,1161,1166.3,1143.2,1158.1,27073
41831,1161,1167,1145.6,1163.7,25579
41834,1165.5,1171.7,1153,1158.5,27352
41835,1160,1165.6,1154,1162,21792
41836,1161.4,1166,1149.7,1155.4,20851
41837,1153.6,1164,1145.7,1162.1,21782
41838,1159.5,1159.5,1115.8,1122,38140
41841,1119.4,1137.9,1110.5,1135.6,31158
41842,1137,1154.8,1134.4,1145.6,29483
41843,1143,1146,1132.5,1137,19016
41844,1139.5,1154.5,1139.5,1149.9,20367
41845,1146.6,1161.8,1142.8,1148.6,23847
41848,1149.4,1154.3,1123.2,1126.4,26900
41849,1125,1125,1112.1,1124.1,15450
41850,1122,1147.3,1113.3,1146.1,23954
41852,1133,1139.6,1121.1,1126.7,26314
41855,1126.5,1135.8,1122.4,1131.8,20610
41856,1133.5,1136.9,1124.8,1129.5,19976
41857,1127.1,1155.8,1120.5,1149.4,33294
41858,1151,1176,1151,1159.2,37479
41859,1157.9,1164.7,1131.6,1132.9,26950
41862,1136,1146.8,1127,1144,24491
41863,1143.6,1164,1139.3,1152.5,28524
41864,1150,1150,1132.1,1136.4,27273
41865,1139,1139.9,1124,1129.4,21946
41869,1131.9,1136.8,1119,1122.9,23327
41870,1121.4,1131.8,1121.1,1129.4,18343
41871,1129.6,1152.6,1127.1,1145.5,26874
41872,1142.2,1149,1132.5,1138.9,18465
41873,1138.7,1139.6,1125.5,1128.9,14986
41876,1128.1,1135.5,1126.1,1131.8,7849
41877,1132,1143.8,1131.1,1140.9,16764
41878,1138.4,1141,1123.3,1132.3,17524
41879,1133,1136.2,1125.6,1129.4,7879
41883,1139.7,1144.4,1132.1,1134.4,16257
41884,1136.6,1139,1125.9,1126.3,15007
41885,1129,1154.6,1126.5,1153.5,30761
41886,1152,1177,1149,1172.2,32235
41887,1173,1180.8,1167.6,1180,25239
41890,1179.4,1204,1176.6,1202.3,29493
41891,1200,1200,1147.2,1149.6,41686
41892,1149.6,1155.7,1134,1143.2,30980
41893,1143.5,1147,1116,1117.6,28479
41894,1119,1135.6,1118.1,1123.7,24605
41897,1121.3,1125.8,1103.6,1106.2,26151
41898,1109.7,1115.6,1085.5,1113.1,46284
41899,1113,1113.8,1091.6,1099.6,27845
41900,1096,1100.5,1083.1,1085.1,27936
41901,1088,1090.8,1078.6,1080.6,19009
41904,1077.2,1077.2,1031.1,1034.4,31724
41905,1030,1048.9,1023.7,1046.5,30992
41906,1045,1062.9,1041.5,1060.3,30383
41907,1059,1065.4,1048.7,1057.9,23155
41908,1057.2,1064.5,1031.5,1034,25205
41911,1025.2,1031.5,1015.7,1024.9,23348
41912,1025.8,1033.5,1016,1020.4,10590
41913,1011.9,1013.6,982.9,1002,37624
41915,1003,1031.8,1003,1030,15971
41918,1028,1036,1018,1032.5,11117
41919,1031,1044.5,1021,1043.4,23955
41920,1040,1041.9,1008.4,1012.9,25000
41921,1013,1027.9,1012.2,1015.1,22604
41922,1018.5,1021,1002.8,1006.6,22478
41925,1008,1016.8,1003.2,1005,14385
41926,1007,1016.2,997.1,1004.9,25402
41928,1003,1003,949.5,959.1,36126
41929,956.8,973.9,952.1,960.8,26127
41932,965,965,932,934.5,27978
41933,931.8,943,922.5,936.5,24602
41934,935,942.8,928.1,932.8,21910
41935,929,932,921.1,929.9,3579
41936,929.1,929.4,911.4,913.4,11755
41939,913.7,914.2,899.1,900.4,22195
41940,902.2,954.4,901.2,951,39723
41941,952,970.8,941.5,958.1,37442
41942,951,967.7,938.6,964.5,26566
41943,967,989.9,961,976.2,14668
41946,970.1,975,957.4,970.5,25881
41947,966.2,966.2,934.8,937.4,20507
41948,933.9,945.4,916.9,943.7,30056
41949,947,954.7,939.1,952.5,14039
41950,953.1,964,940.9,942.8,26826
41953,947,952.6,931.4,938.1,23340
41954,937.8,954.3,930.5,952.6,22351
41955,950.5,968.8,947,956,25849
41956,957.8,969.7,942.7,944.3,23711
41957,947.4,965.3,944,962.6,21623
41960,965,975.3,960.4,974,19919
41961,972.2,979.4,958.4,962,23352
41962,964.1,1008.7,964.1,999.2,40530
41963,1003.1,1016.8,996,1006.6,33336
41964,1010,1026.2,1006.2,1012.4,33504
41967,1017.2,1033.9,1014.6,1022.4,26788
41968,1024.7,1026.7,1007,1017.4,25384
41969,1015.7,1016.3,1001.2,1006.7,21486
41970,1010,1017.7,1008,1011.3,13258
41971,1008,1008.9,991.3,997.1,8858
41974,1005,1016.8,988.1,1012.9,27996
41975,1019,1019,1001.3,1008.1,16046
41976,1009.5,1035.6,1006.6,1029.7,25152
41977,1035,1061.5,1035,1059.1,25053
41978,1059.4,1066.3,1037.1,1039.3,25462
41981,1040.1,1046.7,1028.1,1033.1,20958
41982,1031.4,1036,1013.1,1026.7,25220
41983,1025.1,1032.7,1015.7,1016.5,17725
41984,1020.2,1022.3,1010.6,1014.5,16531
41985,1018.4,1048.7,1018.4,1040.8,22212
41988,1042.5,1063.6,1042.5,1046.5,22834
41989,1043.3,1043.9,1016.7,1019.8,26946
41990,1024.1,1024.1,979.1,992.5,40075
41991,992,992,961.5,981.1,38883
41992,978,997.9,974,990.8,30523
41995,994,1000.9,985.1,989.2,21350
41996,988,993.2,976,977.2,18840
41997,984.2,988.6,958.6,961.1,18283
41999,965.9,969.4,960.6,965.4,9679
42002,970,980,955.1,956.3,19168
42003,958.7,961.2,937.2,952.1,24641
42004,958.8,958.8,942.2,944.5,9818
42005,966.2,970.6,962,966.6,2977
42006,965.5,969,941,945.2,21979
42009,947,965.3,931,963.8,36192
42010,960,984.8,956.8,970.1,30589
42011,972.7,986.7,965,983.7,25669
42012,981,981,955.1,971.3,28472
42013,968.7,977.4,949.4,950.2,24860
42016,951.2,951.7,934.6,939.2,28462
42017,936.3,936.7,903.6,905.1,31037
42018,901.8,909.6,866.1,888.3,53630
42019,894.1,908,885.8,891.4,27770
42020,895,912,890.1,909.5,26453
42023,905,908.6,887.1,888.6,20324
42024,895,916.6,892.1,911.5,28383
42025,907,928.6,903.6,923.3,30723
42026,925.1,933.4,888.8,904,33604
42027,901,909.3,871,872.4,32543
42031,880,907.9,880,903.1,32391
42032,902.1,919.9,898.2,916,28847
42033,912.6,923.6,906.1,921.1,22300
42034,918,925.6,912,918.3,9743
42037,935,953,930.1,945.3,25927
42038,945.8,959,945,948.5,21290
42039,945,945,921.2,931.3,32263
42040,926,937.5,913,935.6,26611
42041,930.3,944,921.1,941.4,25133
42044,938.2,949,936.3,943.4,18411
42045,942.2,942.2,918.7,921.1,23022
42046,922.3,927.7,907.4,917.2,25922
42047,917.4,920.7,907.5,916.4,25815
42048,917.9,923.8,906.1,909.4,24755
42051,909,914.9,901.5,906.8,21480
42052,905,905,876,881.7,23358
42053,885,889.8,874.6,883.1,29770
42054,884.3,886.1,864,865.3,28765
42055,866.8,880.7,862.3,872.9,29721
42058,874.4,881.7,865.7,876.7,21095
42059,876,899.2,872.4,887,30609
42060,891,895,879.5,880.8,20837
42061,885.2,897.4,880.8,882.8,22424
42062,879,884.6,863.7,865.7,11471
42065,877.9,882.4,865,866.1,25430
42066,866.9,868.5,848.8,850.3,31790
42067,853.3,874,850.2,872.8,40166
42068,869.8,888.9,868,885.5,32268
42069,887.9,905.9,882.8,904.2,21148
42072,901,920,895.5,911.4,30415
42073,908.3,908.3,882.7,884.2,29664
42074,882.2,893.5,863.5,865.3,36677
42075,868.6,881.4,866.4,877,33920
42076,877.8,894.4,875.5,892.8,29975
42079,888.2,893.4,873,877.4,25915
42080,873.3,875.3,852.4,866.6,34394
42081,864.5,864.5,847.3,848.5,27665
42082,854.6,863.5,853.6,858.9,27517
42083,860,885.9,856.7,880.1,35146
42086,881.6,893.5,878.2,885.9,25228
42087,880,886,870.1,870.9,31198
42088,870.9,872,852,853.8,30307
42089,860,874.9,856,858.2,33595
42090,858.6,860.9,829.3,830.6,35527
42093,827,834.4,797.8,799.5,42868
42094,803.4,809.1,781,785.4,22857
42095,780,797.9,775.6,793.6,44333
42096,800,816.7,800,808.1,22723
42100,812,821.5,803.7,805.9,21282
42101,806.1,816.5,785.5,790.8,50361
42102,789.4,802.8,785.7,791.7,37690
42103,794.3,795.4,780.2,782.5,32084
42104,788.1,802.6,787.4,791.8,34585
42107,790.3,801.7,778.2,782,39237
42108,780,790.4,765.7,788.5,27378
42109,787,794.7,785.1,792,29640
42110,795,807,793.8,795.9,38614
42111,796,801.9,786.1,787.1,34330
42114,787.5,809,780.7,806.8,48818
42115,807,813.7,796,798.8,38190
42116,796.1,805.7,793.7,797.1,26237
42117,796,810,792.4,803.7,29753
42118,806.5,847,805,845.5,55249
42121,846,867,846,853,36595
42122,850,856.7,838.2,844.6,33552
42123,844.6,855.7,835.2,853.9,26719
42124,856,881.4,856,879.5,21076
42129,880,914,873.7,907.2,44925
42130,909.7,932.4,886.3,892.4,56768
42131,890,913.3,880.4,909.4,44692
42132,912,922.3,901,913.6,41819
42135,916,929,910.2,912.3,37441
42136,910.2,924,902.1,921.1,36025
42137,918.2,919.7,895.5,898.2,43415
42138,895,896.8,875.1,876.7,34486
42139,882,891.9,871,878.8,35648
42142,879.3,889,873.6,874.4,31806
42143,872.5,873.8,826.3,830.8,49138
42144,827.1,835.8,817.1,833.8,47700
42145,835,844.4,823.1,827.9,42960
42146,828,830,805.4,810.5,50443
42149,811,815,806.6,812.9,14078
42150,814.8,828,803.6,814.3,44812
42151,816.4,825,807.6,823.5,32257
42152,825,829,811.5,813.4,33242
42153,809.3,814.3,803.7,807.9,18464
42156,809.5,832.8,801.2,830.2,44135
42157,828.9,839.4,822.7,833.2,37340
42158,832.6,838.4,826.6,831.8,29345
42159,830,834.5,822.4,831.5,30121
42160,829.3,846.6,823.3,841.5,32614
42163,842,863.6,840.1,859.2,35279
42164,859.3,871.4,856.8,857.8,43064
42165,860.8,874,856.2,864.9,35197
42166,864,866.9,848.7,852.8,32207
42167,848.2,848.2,830.2,842.6,32687
42170,840,840,821.6,830.3,28968
42171,829.1,831.8,815.1,816.1,34647
42172,817.5,828.9,813,823.9,33488
42173,824.5,827.4,808.1,809.7,33310
42174,812.5,813.7,801,803.4,25973
42177,806,808.4,789.2,791.2,32432
42178,795,818.9,795,816.8,37660
42179,816.5,824,808.1,809.4,34596
42180,812.7,813.5,799.2,807.5,30496
42181,805.5,807.3,788.8,790.4,31909
42184,788,788,744.3,749.2,61542
42185,729.4,750.3,710.6,742.5,45926
42186,765.6,774.7,757,767.9,53539
42187,773.1,781.9,769,775.1,42316
42188,772.1,776,760.3,761.9,39984
42191,760,760,736,740.4,52037
42192,737.7,742.8,673.8,691.9,1.0212e+05
42193,696.4,708,666.8,697.8,1.0164e+05
42194,700,734.2,700,728.8,72292
42195,733.3,739.2,711.3,713.1,49263
42198,706.1,744,694.6,738.4,75277
42199,735,739.9,725.8,736.9,39319
42200,740,753.8,728.1,729.4,55077
42201,729,742.4,727.2,736.1,35898
42202,732.7,736.9,725.2,728,30886
42205,728.2,747.8,723.5,745,37133
42206,744,761.5,738.5,739.8,42214
42207,736.1,740.7,727.6,728.9,39992
42208,728.5,732.3,721,727,38134
42209,722.5,730,715.6,726.7,33093
42212,724.9,724.9,698.6,704,44367
42213,709,722.4,709,718.1,37252
42214,719.2,725,710.1,715.8,36584
42215,717.2,719,700.2,702.4,37481
42216,705,710.4,690,694.3,32772
42219,708.1,708.1,686,693.9,47364
42220,692.8,704,691.2,696.1,33002
42221,695,703.5,691.4,692.3,35479
42222,694.8,702.5,692.3,694.1,30196
42223,692.4,702.9,688.7,693,35359
42226,695.1,718.8,691.9,715.8,39314
42227,713,713.4,688.6,690.9,51105
42228,692,697.9,670.9,692.1,66776
42229,690.1,699.4,682,683.6,38573
42230,688.3,694.6,684.2,692.9,26401
42233,694,699.7,691.8,696.4,26775
42234,694.8,695.8,676.7,679.8,35129
42235,681.3,685.4,676,679.7,29796
42236,677.4,690.8,675.1,678.2,37195
42237,679.3,683.5,661,674.3,37995
42240,666,666,618.4,639.7,71743
42241,639.7,644,621.6,634.6,50966
42242,633.8,639.7,621.1,630,42121
42243,634.6,664,632.8,660,43532
42244,663.9,666.7,642.6,653.6,27948
42247,668,671.4,660.6,668.1,17838
42248,661.5,662,650,650.8,41768
42249,654.1,663.2,651.7,657.7,31806
42250,657.3,674.4,657.3,661.3,38322
42251,660.1,664.9,652,662.1,30996
42254,663.1,667.5,651.7,652.6,25611
42255,652.7,671,646.6,668.8,39283
42256,671.3,677,664.7,668,37127
42257,664.6,699.2,664.6,693.1,53070
42258,692,693.5,681,684.8,32011
42261,684,684,656.1,658.2,37366
42262,660.9,670.9,650.5,669.4,39830
42263,668,683.8,662.2,668.1,49069
42264,666,666.8,657,658.2,21514
42265,661.8,661.8,639,640.6,47059
42268,644.4,653.9,641.7,646.7,41445
42269,644.4,647.9,633.5,634.8,39034
42270,639.4,651,637.7,645.2,33596
42271,645.1,658.4,642.2,656,34974
42272,652,659,650.2,657.2,16947
42275,656.7,662,646.4,648.1,29518
42276,646,653,638.6,649.6,30600
42277,649.7,668.6,647.6,663,26128
42278,683,696.9,662.1,665.2,57402
42282,672,672.2,646.2,648.1,47198
42283,651.6,656.8,645.3,650.8,33566
42284,652,670.7,652,663.1,41044
42285,660.5,665.5,658.2,663,29392
42286,668,699.9,668,683.5,73338
42289,684.9,697.2,680,682.8,39596
42290,680,691.4,677.5,680.7,31644
42291,682.9,686.4,676.2,681.5,27130
42292,684.2,692.5,680.7,684.2,31829
42293,686.4,691.3,682.7,684.6,20902
42296,684,684,670,673.2,27093
42297,671.5,679.6,668,678.6,27547
42298,676.3,678.6,667.5,674,26112
42299,679.5,682.5,672.6,673.5,12624
42300,674.7,691.1,672.6,682.1,36607
42303,682.6,686,675.1,679.5,23304
42304,677.5,688.4,675.2,686.1,22117
42305,684.3,687.5,676,682.9,27164
42306,681.8,687,673.8,675,25416
42307,675,675,656.5,660.5,20397
42310,665,669.7,662,668.2,23778
42311,668.5,670.6,654.5,655.6,34701
42312,660.3,664,649.3,651.7,36689
42313,651.4,653.9,639.3,649.3,37999
42314,647.5,650.8,640.1,641.6,29048
42317,645.2,647,637.5,638.4,22659
42318,637,642.9,629.3,635.1,31503
42319,629.8,631.4,627.4,629.2,4300
42320,631,635.5,622.1,623.1,18006
42321,625.4,630.8,621.2,626.2,22430
42324,626.3,629.8,614.4,615.7,24917
42325,615,617.2,601.6,602.6,33721
42326,603.4,609.7,595.4,597,34946
42327,595.9,600.4,588.7,592.6,34246
42328,588.5,598.4,572.1,574.4,57118
42331,552.1,559.4,542.4,549.2,48041
42332,550.5,588.7,549.4,584,64075
42333,581.4,595.8,572.5,592.1,30023
42334,596,618.5,596,608,49116
42335,604.3,606.2,578.6,585.5,49762
42338,580.1,590.8,578.8,586.1,23542
42339,596.2,603.7,588.5,602.7,34996
42340,604,608.9,594.4,595.9,37383
42341,594,596.4,581.1,595.1,39033
42342,594.6,613.8,592.3,601.6,45426
42345,604,610.5,586,587.1,32937
42346,585.5,588.6,573,580.6,36844
42347,582.2,593.2,579.5,583.1,37132
42348,582,583.7,570.9,572.3,37621
42349,576.6,591.9,575.4,589.1,41146
42352,590,593.7,578.3,592.7,28728
42353,587.9,588.9,571.8,572.7,34086
42354,578.8,592.9,577.8,587,39245
42355,584.5,584.5,571.5,574.5,29742
42356,577.9,586,575.8,580.9,33332
42359,579,590.5,576.5,585.8,34499
42360,582.3,587,571.5,572.2,29497
42361,574.5,577,568.2,570.1,35985
42362,571,571,565.3,567.2,16708
42366,566.2,567,558.8,561.6,18232
42367,563.6,579.7,562.2,575.7,45131
42368,575.3,578.7,570.6,574.7,29712
42369,576.1,581.7,573.1,575.8,23616
42370,581.8,588.3,581.3,585.5,5857
42373,582.2,582.2,567.5,571.1,44301
42374,571,578.3,568.8,569.6,29213
42375,570.9,578.6,567,577.4,34440
42376,575,575,551.4,562.9,44757
42377,559.8,573.6,559.7,569.8,33893
42380,564.6,564.6,551.3,552.2,33502
42381,554,556.8,544.2,545.7,31725
42382,548.3,559.5,548.3,554.6,31239
42383,560,582.9,560,579.4,39164
42384,577,578,567.1,572.1,34056
42387,580,585.5,576.2,578.9,29984
42388,578.4,591.7,577.9,581.4,34898
42389,580,587.2,576.4,581.5,27525
42390,585.4,594.8,575.2,592.2,25640
42391,587.9,599.5,581.7,582.9,32893
42394,582.5,586.7,577,577.8,22753
42396,586.2,595,585.3,588.3,31896
42397,587.3,590.6,582,582.8,22816
42398,583,584.3,577.2,579.3,18273
42401,587.1,587.1,575,580.6,27658
42402,582.9,588,572.1,572.7,29236
42403,577.9,583.8,577.3,581.8,27020
42404,585,588,575.9,580,28026
42405,579,582.2,547.4,555.5,42744
42408,556.1,566.7,550.2,563.6,35922
42409,565,569.3,550.7,551.9,33037
42410,551.8,556.5,539.2,542.1,39465
42411,542.4,543.4,520.5,522.6,40547
42412,524.9,536.4,524.9,534.1,31823
42415,542,565.9,542,564.4,41876
42416,566,573.4,563.2,572.1,30390
42417,570.1,579.8,565.4,576.4,24496
42418,574,575,568.8,572.6,20339
42419,574.5,594,574.1,592.2,26954
42422,588.9,602.6,587.3,599.1,31423
42423,594.5,600.8,588.6,592.4,27406
42424,589.1,593.4,580.9,592,27356
42425,588.5,590,571.6,572.9,27960
42426,576.6,588.9,576.6,582.7,26266
42429,577,581.4,575,579.5,15143
42430,582,592.8,580.2,591.6,23519
42431,591.6,603.9,588.7,589.9,37539
42432,592,607.7,589.8,606.1,31295
42433,607.5,628.1,604.6,626.7,51409
42436,628.9,638.5,624.4,627.5,30117
42437,618,620,580,581.7,63218
42438,586,601.7,586,599,45404
42439,598,599.6,585.7,593.1,30727
42440,594.6,598.2,587.3,588.7,28274
42443,593,596.4,577.3,582.5,31184
42444,584,588,575.2,580.6,26594
42445,580.8,583.9,572.2,578.3,26569
42446,582.1,592,577.4,590,38260
42447,592,600,573,574.1,33786
42450,579.3,586.5,570.3,584.1,27832
42451,581.9,589.3,576.2,586.9,22452
42452,586.4,586.9,576.6,577.9,20724
42453,577.7,584,575.5,581,10753
42457,579.8,582.9,575,576.6,11010
42458,577.8,578.2,561.7,564.4,27755
42459,564.5,565.6,556.2,557.7,24705
42460,558,559.3,549.4,550.6,20098
42461,564.3,569.2,554.6,555.9,26708
42464,555.5,560,550,559.2,21575
42465,557,569.2,555.2,568.3,24494
42466,567.5,575,565,573.1,24108
42467,572.9,572.9,560.8,562.1,23758
42468,564,575.9,563.4,572.8,21437
42471,574,577.3,564,567.6,18879
42472,570.7,591.9,570,589.4,30021
42473,591,599.5,588.1,596.3,25677
42474,595.5,600.9,593,599.9,13685
42475,595.8,596.9,587.1,593.7,15524
42478,593.5,607.4,591.2,606.4,25475
42479,602.1,613.2,596.6,610.1,24220
42480,608,618.7,602.5,613.2,32834
42481,617,633.8,591.3,602.1,61920
42482,600.8,622.3,598.2,601.6,41279
42485,603.6,610.9,599.4,606.3,27782
42486,605.3,614,598.5,609.4,29867
42487,605.2,614.9,603.5,610.7,29493
42488,608.1,616.5,604,613.8,21458
42489,618,631.5,611.7,628.6,21203
42492,634.2,636.6,627.1,629.1,14351
42493,629.6,646.7,623.6,633.7,54351
42494,633,636.7,628.4,630.7,31633
42495,629.8,629.8,596.6,597.7,47195
42496,599,609.6,598.6,604.4,35559
42499,601.4,603.1,578,579.1,36483
42500,580,587.7,577.2,582.5,29283
42501,585.3,594.6,584.5,590.4,31349
42502,590,597.8,577.3,577.9,32828
42503,577.8,584.1,575.2,580.9,23208
42506,581.5,589.5,577.8,584.8,22783
42507,583,589.5,579,587.4,25147
42508,582.5,585,576.2,581,21520
42509,579.6,581.4,573,578.8,23233
42510,579.2,583.3,571.2,572.1,25451
42513,571.9,572.6,563.4,564.3,29248
42514,567.8,574,565,570.1,28236
42515,569.9,571.9,561.5,562,24651
42516,563,569,557.5,558.7,28932
42517,559.5,568.5,559.5,562.1,21234
42520,564,564,557,559,7898
42521,562.5,572,562.5,568.7,28116
42522,570.8,576.4,566.5,574.1,24383
42523,572.3,574.8,567.9,570,23370
42524,570.8,581.4,570.4,572.1,31568
42527,576.5,586.8,576.5,581,25922
42528,580.3,581.9,572.9,576.7,21145
42529,579,599.6,578.3,598.9,39014
42530,599.9,609.7,591.6,598.3,50241
42531,595.4,604,592.8,597.6,23484
42534,595.2,600,594.3,596.3,20158
42535,595.5,599.3,592.9,597.4,19087
42536,598.5,613.7,598.5,603.6,45514
42537,601,603,593.2,597.2,25529
42538,594.8,608.9,594.8,606.5,36667
42541,610,625.5,610,623.7,36086
42542,619.5,624.5,614.1,620.3,38648
42543,621.7,625.9,618,619,34157
42544,616.6,620.4,615.2,618.5,22584
42545,613,614,597.2,608.3,35076
42548,606.1,617.6,605.1,606.6,33214
42549,612.6,631.3,612.6,630.1,42104
42550,625,634.2,623.6,633.3,29337
42551,635,640.3,634.3,636.7,16523
42552,643.5,674.2,641.4,671.1,50664
42555,669,701.4,669,676.3,69057
42556,670.1,695.8,653,654.9,85657
42557,655.3,684.5,652.2,680.9,37393
42558,680.6,683,653.7,654.7,61887
42559,651.6,668.3,650.4,663.6,52043
42562,667.4,684.9,667.4,674.8,42038
42563,679.5,706.4,678.5,701.4,55510
42564,708,715.8,687,688.9,47038
42565,694.4,703.7,687.1,691.7,45279
42566,691,703,684.4,686.5,46564
42569,688.2,710.5,687.6,709.7,53753
42570,706.2,710.1,695,702.5,54119
42571,699.2,709.9,692,708.4,59294
42572,710,729.6,710,718,69111
42573,715,717,695.5,696.4,53472
42576,701.5,707.5,697.3,705.9,37786
42577,701.7,701.7,687.6,694.7,37987
42578,692.2,701,688.2,694,38038
42579,698.2,716.8,698,715.3,37369
42580,710.9,711.1,699.4,701.4,17109
42583,714.5,723.4,714.5,718.1,28690
42584,722.6,726.8,705.1,716.4,36808
42585,717.1,722.1,708.8,720.4,38649
42586,715.5,715.5,698.8,708.3,44863
42587,709.6,717.5,705,716.3,33714
42590,717.7,725.4,717.7,721.2,23944
42591,719.1,723.4,713.5,721.2,28210
42592,719.3,734.3,714.3,722.6,51467
42593,721.5,722.8,714.8,716,25398
42594,714,714,687.8,688.7,47210
42598,693.2,699.7,684.1,685.1,39900
42599,690,691.8,680.8,685.4,30603
42600,689.1,695.5,684.4,689.6,25464
42601,688.1,697.6,686.1,694.2,22016
42604,691.8,691.8,681.8,688.1,23351
42605,686.1,690,683.2,684.1,20696
42606,685.3,688.5,665.9,667.6,27354
42607,669.9,669.9,654.3,656.7,27357
42608,660,663.8,653.1,656.8,28823
42611,657.3,661.4,657.3,659.8,9944
42612,660.9,661.8,651,655.4,23712
42613,653,657.8,648.2,650.7,14958
42614,661,668,655.8,664.6,37205
42615,668,673.3,665,669.3,25507
42618,668.2,672,663.6,667.2,11034
42619,670.7,678,668.7,671.2,27886
42620,671.9,680.8,671.5,679.1,26410
42621,680,688.3,678.1,685.5,31252
42622,684.7,695.9,682,692.3,31585
42625,691.3,691.3,666.1,672.3,33545
42626,671.4,676,660.5,662.5,20598
42627,664.9,665.4,653.3,659,34478
42628,662,665.9,648.2,648.9,39254
42629,649.5,653.4,642.5,651.6,33192
42632,653,679.5,653,678.7,46052
42633,679,688.8,677,687.2,32903
42634,685.5,693.8,683.3,690.3,26057
42635,691,706.7,691,705.1,36163
42636,705,711.5,698.6,706.3,39397
42639,705,705,692.7,694.8,33180
42640,694,718.5,685.2,703.1,76937
42641,703,710.4,698.7,707.3,34513
42642,709,716.5,691.1,693.8,39302
42643,692.3,702,685.9,699.1,17336
42646,701.5,709.7,679.3,687.7,49213
42647,687,692.4,668,671.7,44193
42648,672.5,677.9,663.7,675.8,33351
42649,673,686,670.9,684.5,30078
42650,684,692.3,677.9,680.9,30481
42653,682,701.4,682,699.9,35071
42654,698,701.3,691.8,697.7,17179
42655,702,708.4,702,706.6,17622
42656,702.2,702.2,692.5,696.4,36256
42657,696.6,699,693.5,697.9,21953
42660,698.5,701.4,686.5,688.1,26348
42661,689.5,697,688.6,695.4,21581
42662,692.8,692.9,677.9,685.8,29955
42663,686.5,688,674.4,675.2,21598
42664,674.9,676,665.8,666.6,25040
42667,670.8,679,667.4,677.6,29445
42668,680.4,689.6,680.4,682,26600
42669,681.9,685.9,675.2,681.2,24806
42670,681,692,675.2,689.9,29126
42671,693.4,695.9,686.9,692.4,23888
42675,700.2,705.5,696,697.2,24669
42676,696,697.5,690.3,690.9,19767
42677,694.7,704.5,694.2,700.1,21892
42678,700,703.6,696.2,698,19412
42681,702.4,750.2,702.4,747.7,57644
42682,752.8,757.8,735.9,745.1,52584
42683,738,773.7,735,771.4,47560
42684,774.8,786.9,762.1,766.9,37052
42685,781,812.9,744,757.7,80358
42688,757,771.8,751.7,769.4,17291
42689,773,773,748.4,769.1,28519
42690,757.1,775.8,757.1,769.9,26804
42691,764.6,768.3,757.7,760.2,19289
42692,757.9,762,738.3,740.7,28512
42695,749.7,777.1,749.7,776,28798
42696,776,785,772.2,773.9,24390
42697,776,799.7,773,798.5,27632
42698,803,804.6,790.3,791.8,30077
42699,792.6,802.8,778.3,799.4,27602
42702,796.1,816.5,785.6,787.5,31880
42703,785,785,754.7,763.9,23292
42704,752.2,763,744.6,754.3,13858
42705,767.5,775.3,761.2,764.7,24539
42706,762.6,786.3,756.5,781.5,27431
42709,787.4,800.6,785.3,790.4,24541
42710,787.9,792.3,780.3,786,22001
42711,786.5,795.1,767.7,768.8,27515
42712,772,774.6,748.2,751.8,24023
42713,756,773.8,756,772.6,22306
42716,765,770.7,760.3,762.7,11897
42717,766,776.5,758.5,769.4,24277
42718,773.6,776.9,762.3,773,21148
42719,775,776.7,761.3,763.4,21949
42720,768,773,754.6,758.3,22282
42723,757.9,759.4,724.4,736.3,26079
42724,740,747.4,736.3,742.9,21012
42725,744,745.3,731.9,732.8,15591
42726,731.7,732.4,717.1,729.8,23276
42727,725.5,726.8,702.3,706,26632
42730,701.9,701.9,677.8,692.2,11504
42731,696,707.7,692.7,704.8,10861
42732,698.4,698.8,685.6,687,25803
42733,690,692.4,678.7,685.7,18611
42734,685.2,688.2,679.4,682,10681
42737,685.2,692,685.1,690.7,5243
42738,695,701.9,680.1,683.8,32705
42739,687.3,698.3,681.6,697.1,24499
42740,698.5,704.4,693.5,696.1,26932
42741,694.9,702.8,692,700.5,19313
42744,704.5,709.4,701.4,706.9,21781
42745,709,725.4,708.8,721,23700
42746,720.4,724.4,686.8,688.6,38610
42747,690,704.1,661.1,701.8,79602
42748,698.7,712.8,686.5,710,36102
42751,708,708.8,696,697.2,23066
42752,695.8,702.2,685.7,688,28624
42753,690.2,698,688.6,693.1,20146
42754,695,696.4,672,673.2,36845
42755,676.5,678.1,655.1,658.7,39293
42758,665.3,675,661.4,664.6,32302
42759,669.7,670.3,660.6,667,30492
42760,668.6,668.6,648.2,659.8,39980
42762,658,658,636.5,645.1,39277
42765,650,658,643.4,656.9,28552
42766,655.2,672.1,654.1,667.8,23389
42767,682.5,693.5,676,692.1,29509
42768,689,707.4,688.5,696.9,39803
42769,690.7,694.5,681.1,689.6,38993
42772,693,703.8,693,703.1,26424
42773,698,702.5,693.6,696.9,24857
42774,698,709.4,697.3,701.9,27122
42775,700.8,703,685.4,686.3,29076
42776,691.8,712.6,691.8,710.8,33469
42779,713,721.6,712.6,714.5,26967
42780,717.1,726.2,712,720.4,33946
42781,718.1,729,713.6,728.4,33579
42782,729.8,740.4,724.6,739.6,44432
42783,734.2,740.3,725.7,739.7,42233
42786,736.5,745,736,744.3,22136
42787,738,742.4,720.2,721.5,34400
42788,723.4,725.5,715.2,716.5,26432
42789,713.1,715.2,698.5,700.2,31893
42790,710,725,707.7,723.7,17889
42793,725,735.7,722.6,734.1,24091
42794,730,731,723.6,726.7,9823
42795,736.1,744.1,733.5,737.1,25795
42796,735,737.5,720.7,722.4,28504
42797,726.1,737,725.8,735.7,26205
42800,736.6,740,729.2,738.9,22886
42801,733.7,734.5,709.5,710.9,36791
42802,712.5,713.3,676.6,678.9,49623
42803,682,683.3,671.5,678,40854
42804,676.4,679,657.9,660.5,41059
42807,665,679.9,665,675.4,17903
42808,674.7,677.6,661.8,672.8,33041
42809,670,678.8,667.1,671.5,25580
42810,672.9,677,663.9,666.7,25694
42811,671.2,673.7,665.1,671.9,20577
42814,670.6,670.8,660.5,664,26433
42815,666.9,667.9,659.1,663.6,23129
42816,662.1,662.1,649.3,658.4,30880
42817,656.8,660.1,651.6,654.1,26519
42818,653.2,654.2,641.5,644.3,31607
42821,641.6,641.6,625.6,637.1,26659
42822,640,648.8,631.5,648.1,32948
42823,644.4,650.8,641.5,646.2,22818
42824,643.7,652.7,641.4,646.2,23508
42825,644.7,651.7,640.4,643.4,18444
42828,650,656.5,638.6,639.4,35157
42829,643,653,643,652.2,16110
42830,653.4,673.5,653.4,672.6,31253
42831,669.5,672.3,650.9,654.1,40377
42832,653,659,641,656.8,40761
42835,652.5,658.9,650,652,24574
42836,654.7,657.6,632.2,638.1,39487
42837,637.5,638,627.5,628.4,35227
42838,634.4,634.4,625.3,626.7,29481
42842,626,628.4,621.8,623.9,13765
42843,625,625,601.3,604.9,41792
42844,607.8,615.5,602.3,607.6,32477
42845,605.1,617,602.6,612.8,35939
42846,613,616.4,603.6,604.8,29031
42849,604.5,604.5,595.1,596.4,30637
42850,597.3,598.7,591.4,596.7,26324
42851,595.5,597.3,590.3,591.3,24634
42852,589.5,598.1,587.2,596.2,25676
42853,598.1,610.4,598.1,606.9,30261
42857,616.4,617,612.3,614,17720
42858,610.7,612.4,594,595,38114
42859,594.6,596.2,578.5,580,34352
42860,577.8,592.7,574.6,589.7,28837
42863,584,592.3,581.3,589.7,23046
42864,588,603.8,586,597,24287
42865,596.7,598.9,586.2,591,23869
42866,591.6,604.4,591.5,598.4,30594
42867,598.2,603.3,594.8,599.2,22532
42870,598,601.2,586.3,587.1,34030
42871,589.4,591,580.2,585.6,35075
42872,588.7,594.6,584,585.4,29868
42873,585.2,596.6,581.4,594.2,31879
42874,591.3,607.9,591.3,602.5,34230
42877,604,608.8,602,605.5,25798
42878,606.6,608,599.1,604.8,28616
42879,600.2,600.2,586.4,589.8,28240
42880,589,591.5,581.6,582,22920
42881,584.5,586.4,578.6,584.8,24383
42884,582.2,586,578.5,584.7,6938
42885,585.4,590.6,582,586.8,27387
42886,579.5,579.5,567.5,569.6,33424
42887,579,579,569.5,570.2,35869
42888,569.5,574.7,563.5,574.1,35769
42891,572,577.2,570.2,572.1,25375
42892,572,581.2,570.5,575.4,31388
42893,576.5,578.2,568.1,568.8,21803
42894,569.5,573.7,565.5,567.9,28771
42895,568,578.6,566,576.6,31781
42898,576.7,581.9,563.5,564,33995
42899,564,569,558.6,566.3,31494
42900,569,572.4,564.2,569.4,26486
42901,569.5,575.8,569.5,573.4,21668
42902,574,578.7,573.7,574.7,20374
42905,575,586.7,574.7,580.1,30719
42906,581.8,584.2,569,572.2,27889
42907,572.7,580.5,571.2,578.2,23519
42908,576,585.3,568.1,582.8,31121
42909,582.8,592.9,580.8,584.6,28177
42912,585,587.2,578.4,579.6,9776
42913,581.2,594.8,581.2,593,27671
42914,586.7,597,586.7,593.7,25515
42915,595.6,602.4,595.5,598.1,28833
42916,598.4,601.9,597.7,600.8,20242
42919,608.3,612.6,604.5,606.9,26868
42920,604.2,608,592.1,595.4,22513
42921,596.3,597.9,588.2,593.2,22275
42922,590,593.9,588.2,589.4,18957
42923,588,588.2,577.3,580.8,29200
42926,584,584,573,581.1,24323
42927,579.1,594.8,579.1,593,24772
42928,594.9,598.6,591.7,592.4,21658
42929,594.6,597.8,589.5,591.5,18081
42930,594,614.8,592.9,612.6,45355
42933,614.9,624.6,614.9,618.1,31047
42934,619.9,626.5,613.6,624.5,36024
42935,622.1,626.9,618.2,619,28748
42936,621.9,622.4,607.6,610.4,29275
42937,611.3,621.7,610.6,613.2,28231
42940,617,626.8,616,625.9,28646
42941,627,643.7,627,642.9,32807
42942,643.2,647.4,632.1,639.4,37567
42943,639.6,652.7,638.2,649.5,31653
42944,645.8,657.9,640.7,656.9,43417
42947,656.2,660.8,652.2,655.5,18507
42948,655,660.8,647.5,657.9,35938
42949,655.4,659.3,650.6,658.9,24278
42950,660,662.8,652.5,660.9,28789
42951,659,663.5,649.2,659,32889
42954,656.5,663.9,654.8,662.7,27008
42955,661,686.5,654.3,684,43881
42956,684.9,693,683,686.7,33844
42957,690.7,703,686.7,697.2,40558
42958,690.7,691.1,675.2,681.4,43502
42961,680.6,682.6,664.4,667.4,25379
42963,666,693.7,666,686.1,44201
42964,690.6,695.4,680.7,683,36373
42965,686.7,707,686.6,704,49053
42968,706,726.1,706,724.9,39506
42969,723,738.4,721.1,731,44691
42970,729.1,754.5,723,750.5,57460
42971,746,751.7,741.3,748.9,37532
42972,744.7,747.4,725.6,729.3,24421
42975,724,748.8,724,745.4,20591
42976,749.3,757,738.7,746.5,40647
42977,745,750.2,736.1,738.3,25171
42978,742.4,749,739.3,743.4,13274
42979,754.6,776,754.6,773.8,44110
42982,779.3,786,774.6,785.1,22823
42983,785.9,785.9,763.2,768.2,34729
42984,773.8,783.9,763.8,782.4,35586
42985,782.7,784.1,767.3,778.7,40896
42986,781.6,782,732.5,734,65950
42989,740,754.9,736,753.3,44847
42990,744.5,764,739.2,760.8,40362
42991,757,757,724.2,730.9,55917
42992,730.3,730.6,710.1,717.3,62550
42993,718,718,693,710.6,67075
42996,715.7,719.8,707.3,714.6,45106
42997,707,719.5,697.2,714.2,55111
42998,717.3,734.8,717.3,729.3,51340
42999,721,722.2,687.5,694.4,81540
43000,690,690,674.2,686.9,63152
43003,681,691.9,676.6,689.6,42432
43004,690.7,692.9,677.4,679.6,34465
43005,682.9,692.6,665.5,670.4,41527
43006,674.8,683.3,666.4,679.2,33981
43007,680,689.8,673.6,678.7,17680
43011,684,706.5,683.9,701.2,53399
43012,704.8,707.7,687.5,688.9,42210
43013,692.7,697.2,685,690.3,44175
43014,694.4,698.2,688.7,693.2,36061
43017,698.6,719.4,697.9,718.4,50478
43018,715.5,719.8,705.1,719,45469
43019,715.1,731.7,708,727.9,49007
43020,725.5,741.2,725,740.3,43898
43021,736.6,757.4,736.6,756.2,66798
43024,755.8,769.8,751.3,765.5,52528
43025,765.6,765.6,752.2,761.5,40338
43026,763,768,752.5,754.8,45704
43027,757,761.4,753.5,756.4,6017
43028,759.5,785.8,755.8,761.1,37594
43031,762.2,773,758.7,770.9,40633
43032,775,782,770.3,781.4,39171
43033,777.9,779.6,763.2,765.8,36332
43034,771.7,771.7,752.8,762.8,33051
43035,755.5,755.5,737.6,750,41668
43038,749.1,755.4,741.7,754.2,33061
43039,751,769.8,750.8,766,17604
43040,810.3,841.9,810.3,815.7,90474
43041,820.4,834.1,798.5,808.6,72819
43042,813.1,827,805.5,820.1,55634
43045,828.6,838.4,827.1,837.1,41047
43046,828.1,835.4,816.1,826.2,53906
43047,822,825.8,814.1,822.3,41628
43048,816.2,816.2,791.1,799.2,61042
43049,802.3,811,788.2,789.5,44376
43052,799,820.3,799,817.3,52615
43053,812.8,813.8,769.8,770.8,68675
43054,765.8,769.8,747.5,760,66503
43055,763.6,765.7,737.5,741.1,52475
43056,745,754.3,741.1,751.2,36630
43059,748,759.8,743.6,758.4,40726
43060,757.2,769.8,752.8,766.7,34970
43061,761,771.7,754.6,766.1,40227
43062,771.4,771.5,750.3,767.5,40037
43063,769.5,778.9,768.4,773.9,39813
43066,767.4,768.4,743,744.7,52673
43067,733.3,735.8,721.9,731.6,38101
43068,733.4,737.3,723.2,734.9,40497
43069,728.8,735,716.8,724.5,22478
43070,721,737.2,707.1,731.4,67704
43073,732.3,740.6,727.5,732.2,32908
43074,730,731.8,700.2,702.6,55676
43075,700.1,705.7,695.1,699,41370
43076,701,712.6,692.8,710.1,46205
43077,713.7,715.1,701,706.4,32704
43080,700.7,722.8,698.7,721.3,35614
43081,717.9,723.8,708.1,716.6,34728
43082,718,722.8,711,713.1,26445
43083,715.3,720.8,708.5,718.3,26480
43084,718.8,743.7,715.7,739.1,48929
43087,741.3,758.5,738.6,755.4,40747
43088,751,755.2,746.3,752.2,28476
43089,753.6,772.9,751.4,765.4,50400
43090,764.8,771.9,756.2,770.3,46687
43091,765.1,779,763.2,770,40944
43095,765,774.9,762.3,767.7,19346
43096,765.8,772.3,756,770,37884
43097,766.7,792,766.7,787.8,40422
43098,783.3,787.8,773.7,782.9,20750
43101,814,814.9,806.8,809.1,9376
43102,805.5,815.5,797.5,803.7,51692
43103,800,801.4,784.1,790.9,42638
43104,787.1,806.3,785.5,801,40474
43105,798.9,800.7,788.1,794.3,40169
43108,790.4,804.9,782.6,798.2,46292
43109,799.8,812.8,795.6,805.7,44423
43110,808.1,837.9,806.8,819,59098
43111,818.2,821.5,800.7,802.8,46358
43112,803.1,809.7,796,803.7,42142
43115,814,822.3,814,817.8,30580
43116,810,810,782.4,802.6,68499
43117,798.6,802,789.6,790.2,37300
43118,790.3,802.5,789.4,795.5,31915
43119,790,812.8,786.7,807.8,46816
43122,811.4,817.3,807.6,811.1,33127
43123,807.3,820.7,801.8,816.3,48823
43124,820,865.2,807.5,857.5,83295
43125,860.6,880.8,854.4,868.2,62905
43129,870.3,888.5,870.3,878.9,34919
43130,870.1,870.8,846.1,851.5,50532
43131,855.4,864.7,853.5,861.6,17311
43132,861.8,897.9,854.5,894.4,51489
43133,890.1,895.2,847.6,866.8,67143
43136,861.2,886.2,858.2,877.8,50010
43137,871.2,871.2,852.5,855.3,49424
43138,857.9,872.3,844.6,848.4,55615
43139,845.3,852.7,827.8,849.1,54712
43140,840.9,842.6,822.1,834,49470
43143,837.6,845.7,833.6,841.2,33570
43144,847.5,870,847.5,861.9,30045
43145,862.6,903,861.6,894.3,72769
43146,900.4,917.8,890.5,900.9,67877
43147,898,907,879.2,887,55054
43150,884,892.1,873.4,875.3,35824
43151,874.2,892.6,868.6,880.1,50012
43152,878.5,899.5,866.9,893.8,54609
43153,888,896.3,871.1,895.4,48131
43154,891.1,894.9,884.1,889.9,36775
43157,891.7,907.3,888.2,899,42868
43158,897.5,906.5,889.5,898,43107
43159,896.6,900.9,890.9,897.8,14614
43160,895,899.5,870,873.7,50997
43161,876.3,881.4,872.7,879.9,17636
43164,873.4,875.3,861.8,873,42094
43165,860,887.6,856,882.7,39787
43166,888,888,866.6,877.8,41472
43167,878,878,853.5,858.8,58272
43168,856.6,901.4,855.8,896.7,75164
43171,892.4,907.5,885,886.8,43626
43172,887,899.5,882.4,898.1,44870
43173,900.7,908,890.3,894.1,45497
43174,892,892.8,877.6,884.5,39742
43175,881.1,894,877.6,883.6,44051
43178,880.4,884,868.5,878.5,38453
43179,874.8,885.5,871.6,876,40315
43180,875.5,884.9,861,876.9,50669
43181,878.8,882,849.2,856.2,56019
43182,853.2,859.6,841.1,843.5,54838
43185,840.4,843.5,830.4,839.7,38291
43186,843.9,851.4,836.3,838.7,39748
43187,840.3,844.5,836.5,841.4,19418
43192,872.2,882.8,872.2,879.5,19234
43193,881.2,886.5,874.4,876.8,41254
43194,876.2,877.7,846.4,856,58206
43195,861,875.3,857,863.6,41882
43196,857.2,863.4,841.6,860.9,52391
43199,855.2,874.5,852.5,872.6,42707
43200,875,893,874.1,889.3,38741
43201,886.4,904.2,883.5,898.8,51461
43202,898.6,903,881.4,897.1,53255
43203,899.3,916,899.3,904.9,42602
43206,907.3,939.2,907.3,927.1,59593
43207,925.2,938.8,910.1,937,66655
43208,938.1,1040.5,935.4,1002.6,1.3572e+05
43209,1019.8,1095.2,976.4,997.2,1.6544e+05
43210,976.3,989.5,957.4,980.9,76700
43213,980.2,984.2,920.5,949.5,89131
43214,950.3,957.6,930.1,933.3,56260
43215,940,949.9,930.6,947.1,40519
43216,946.3,955,922.6,953.8,46869
43217,951.8,951.8,916,923.4,44680
43221,914.9,924.4,910.5,920.2,24200
43222,927,939.5,925.8,934.1,31335
43223,928,946.7,920,927,40787
43224,934,939.7,922.8,934.1,34844
43227,932.5,946,932.5,936.9,11811
43228,942.9,948.8,921.8,933,34299
43229,933.2,938.8,927.2,937.7,24235
43230,934.1,937.2,927.7,929.4,24170
43231,932.5,949.9,927,947.5,26878
43234,949.6,982.7,949.6,976.3,44134
43235,973,995.4,967.4,985.4,50693
43236,984,992,976,978.2,29096
43237,981.3,998,978,988.1,39438
43238,997,1010,991.1,995.7,45763
43241,992,1002.4,992,1000,29271
43242,995.7,1007.2,988.8,1005.5,34051
43243,1001.1,1003.6,985.2,996,46459
43244,1000.3,1017.4,990.7,1015.8,43137
43245,1015,1021.8,992.6,994.1,35946
43248,990.1,1000,988.4,995.8,14849
43249,999.4,1024.8,999.4,1004.8,39525
43250,1001.2,1020,988.3,1013.4,45260
