39602,5442,5442,5305,5324,72654
39603,5320,5359,5212,5249,82958
39604,5239,5409,5214,5374,69926
39605,5396,5858,5395,5855,91678
39606,5901,5954,5901,5945,3629
39608,5922,5929,5787,5823,90205
39609,5805,5924,5630,5658,1.1787e+05
39610,5665,5915,5656,5889,99949
39611,5870,5870,5621,5803,93378
39612,5815,5877,5723,5782,31752
39615,5763,5999,5721,5762,80011
39616,5750,5815,5680,5741,79886
39617,5730,5840,5665,5814,76476
39618,5835,5929,5685,5735,1.0831e+05
39619,5727,5885,5680,5787,79066
39620,5765,5789,5765,5779,657
39622,5794,5925,5755,5883,90609
39623,5880,5944,5822,5838,75802
39624,5840,5891,5636,5726,83352
39625,5740,5925,5706,5901,73921
39626,5910,6118,5910,6101,79663
39627,6086,6086,6021,6040,1940
39629,6071,6174,5990,6078,69825
39630,6061,6212,6042,6148,67004
39631,6150,6188,6050,6147,59762
39632,6170,6298,6170,6245,50826
39633,6259,6284,6205,6225,15791
39634,6220,6235,6220,6231,398
39636,6220,6220,6032,6160,75574
39637,6170,6178,5845,5906,96034
39638,5887,5966,5831,5885,84936
39639,5895,5940,5831,5911,64582
39640,5930,6308,5930,6195,85999
39641,6205,6205,6181,6199,680
39643,6213,6280,6126,6206,61851
39644,6229,6333,5860,5964,49091
39645,6000,6040,5724,5812,97793
39646,5811,5888,5580,5611,1.0183e+05
39647,5596,5690,5535,5561,86992
39648,5548,5548,5525,5532,1645
39650,5573,5657,5513,5599,87337
39651,5609,5679,5387,5442,92342
39652,5425,5434,5273,5342,88804
39653,5325,5336,5191,5307,74506
39654,5320,5369,5182,5226,55294
39655,5239,5239,5208,5214,742
39657,5212,5317,5212,5265,67859
39658,5280,5367,5136,5179,80489
39659,5194,5380,5106,5347,75448
39660,5371,5442,5251,5278,71326
39661,5277,5450,5182,5289,82295
39662,5299,5321,5299,5307,1176
39664,5338,5360,5095,5126,85217
39665,5110,5122,5005,5057,78268
39666,5042,5080,4925,4995,81196
39667,5005,5128,4975,5000,75350
39668,5047,5068,4866,4894,65968
39669,4880,4880,4830,4839,1374
39671,4859,4919,4745,4765,65180
39672,4779,4923,4761,4833,69613
39673,4830,5035,4808,5010,62356
39674,4975,5027,4820,4885,38605
39676,4872,5021,4865,4923,1789
39678,4965,5027,4876,4952,62464
39679,4904,5110,4865,4989,58613
39680,5036,5119,4907,4980,63715
39681,4999,5284,4999,5255,68287
39682,5270,5276,5045,5071,65801
39683,5045,5045,4963,4998,2230
39685,4983,5080,4976,5022,60225
39686,5045,5162,4956,5104,87808
39687,5124,5220,5088,5140,63378
39688,5159,5254,4995,5080,72061
39689,5100,5204,5075,5104,61219
39690,5104,5127,5104,5123,1218
39692,5139,5179,4911,4936,57637
39693,4915,4931,4715,4842,1.2093e+05
39694,4851,4865,4772,4848,52970
39695,4866,4893,4751,4824,73020
39696,4803,4820,4702,4741,71600
39697,4751,4762,4751,4759,703
39699,4778,4895,4691,4733,76369
39700,4735,4749,4670,4694,69167
39701,4680,4749,4610,4680,80767
39702,4700,4725,4603,4634,62112
39703,4631,4704,4561,4580,64040
39704,4590,4610,4590,4607,1966
39706,4615,4630,4331,4443,63433
39707,4451,4451,4251,4286,1.0861e+05
39708,4315,4489,4258,4447,86359
39709,4443,4714,4443,4536,85902
39710,4560,4698,4495,4558,76035
39711,4590,4699,4590,4647,2424
39713,4659,4955,4659,4924,89752
39714,4937,4995,4782,4811,97536
39715,4829,5026,4829,4884,90347
39716,4897,4989,4783,4923,94167
39717,4909,4940,4845,4923,68409
39718,4933,4957,4933,4953,1801
39720,4944,4954,4585,4638,83398
39721,4562,4779,4426,4744,96602
39722,4746,4799,4496,4656,91508
39724,4608,4608,4330,4410,78521
39725,4386,4425,4382,4420,1294
39727,4385,4389,4244,4302,77743
39728,4300,4440,4226,4255,82943
39729,4279,4350,4183,4285,82240
39730,4285,4308,4186,4224,45633
39731,4194,4194,3844,3870,88551
39732,3945,3945,3892,3922,2082
39734,3900,3984,3845,3922,57535
39735,3955,4079,3826,3887,70854
39736,3852,3852,3611,3643,37277
39737,3702,3702,3439,3506,81913
39738,3560,3696,3492,3671,60563
39739,3650,3650,3551,3608,1111
39741,3660,3764,3596,3745,72317
39742,3740,3740,3535,3589,74460
39743,3575,3575,3374,3394,66786
39744,3399,3530,3367,3484,77559
39745,3472,3472,3233,3285,68689
39746,3290,3319,3290,3314,952
39748,3289,3340,3176,3311,60108
39749,3314,3314,3231,3250,7417
39750,3264,3445,3230,3408,58171
39751,3430,3449,3213,3247,49902
39752,3251,3278,3167,3207,NaN
39753,3225,3350,3225,3332,3088
39755,3350,3419,3151,3167,78479
39756,3150,3373,3046,3343,1.0608e+05
39757,3320,3320,3129,3182,83215
39758,3150,3150,2921,2960,85269
39759,2945,3020,2916,2976,78812
39760,2980,2988,2978,2981,1018
39762,3005,3145,2851,2898,90748
39763,2902,2949,2847,2881,78868
39764,2900,2919,2804,2830,79424
39765,2818,2869,2755,2783,64710
39766,2815,2912,2758,2797,66225
39767,2844,2880,2827,2871,1453
39769,2856,2970,2815,2878,1.004e+05
39770,2867,2867,2782,2800,99895
39771,2794,2814,2735,2796,84135
39772,2775,2775,2590,2657,1.0405e+05
39773,2628,2628,2498,2545,86629
39774,2560,2569,2545,2559,2026
39776,2581,2763,2505,2735,1.0744e+05
39777,2711,2725,2563,2578,1.1544e+05
39778,2576,2670,2525,2644,1.2512e+05
39780,2660,2730,2602,2660,80621
39781,2699,2766,2699,2746,6003
39783,2738,2738,2551,2573,97819
39784,2552,2552,2422,2479,1.3964e+05
39785,2450,2450,2355,2397,1.1042e+05
39786,2371,2371,2222,2239,1.3379e+05
39787,2210,2231,2050,2075,1.1091e+05
39788,2075,2094,2060,2079,4354
39790,2099,2204,2099,2152,1.1397e+05
39791,2140,2200,2108,2131,88536
39792,2134,2257,2062,2203,1.4613e+05
39793,2200,2363,2115,2336,1.5471e+05
39794,2332,2332,2126,2269,1.2948e+05
39795,2273,2274,2245,2250,2432
39797,2270,2391,2131,2154,72242
39798,2344,2397,2275,2311,1.67e+05
39799,2300,2358,2176,2214,1.8277e+05
39800,2187,2187,2042,2096,1.2558e+05
39801,2080,2080,1975,2033,1.2316e+05
39802,2061,2061,2015,2049,3234
39804,2060,2114,1985,2025,1.3746e+05
39805,2005,2007,1887,1929,1.4334e+05
39806,1933,1947,1774,1809,1.2543e+05
39808,1773,1839,1751,1823,86484
39809,1840,1850,1836,1847,3651
39811,1864,2012,1851,1872,1.5102e+05
39812,1878,1960,1861,1902,1.1674e+05
39813,1894,2016,1792,1996,1.1266e+05
39814,2015,2123,1995,2100,26965
39815,2096,2245,2020,2224,2.1736e+05
39816,2245,2259,2240,2255,4124
39818,2260,2339,2226,2316,1.9804e+05
39819,2309,2452,2309,2387,2.1045e+05
39820,2365,2399,2125,2172,1.6693e+05
39821,2141,2148,2010,2046,2.0354e+05
39822,2060,2095,1923,1954,1.6152e+05
39823,1955,1969,1954,1959,3658
39825,1942,1970,1849,1859,1.3791e+05
39826,1846,1944,1774,1850,1.5618e+05
39827,1876,1930,1750,1787,1.2707e+05
39828,1782,1867,1626,1641,1.0937e+05
39829,2066,2172,2064,2084,1.531e+05
39830,2081,2100,2075,2082,3357
39832,2070,2085,1976,1998,93893
39833,1991,2154,1933,2032,1.8977e+05
39834,2039,2113,1993,2093,1.6653e+05
39835,2158,2210,2001,2053,1.8275e+05
39836,2075,2238,2047,2199,1.4876e+05
39837,2238,2265,2235,2238,6215
39840,2269,2318,2110,2133,1.9183e+05
39841,2118,2118,2002,2050,1.7689e+05
39842,2032,2078,1981,2034,1.5726e+05
39843,2045,2129,2021,2072,1.4714e+05
39844,2052,2060,2048,2058,1742
39846,2061,2061,1960,2023,1.5852e+05
39847,2005,2012,1950,1975,1.4986e+05
39848,1994,2049,1981,2013,1.5007e+05
39849,1995,2007,1935,1995,1.3278e+05
39850,1990,2001,1890,1955,1.487e+05
39851,1967,1975,1942,1948,5491
39853,1951,2060,1932,1982,1.6888e+05
39854,1975,2035,1892,1909,1.9837e+05
39855,1908,1908,1807,1820,1.3698e+05
39856,1808,1808,1680,1713,1.5673e+05
39857,1685,1864,1649,1810,1.6581e+05
39860,2060,2095,2017,2024,60606
39861,2016,2052,1904,1959,1.3538e+05
39862,1943,1957,1875,1897,1.1154e+05
39863,1885,2000,1859,1986,1.6795e+05
39864,1980,2003,1883,1919,1.6814e+05
39865,1933,1986,1933,1978,6449
39867,1981,2073,1940,1958,1.4956e+05
39868,1936,1967,1905,1932,1.3635e+05
39869,1933,2127,1933,2111,2.2494e+05
39870,2125,2279,2125,2232,1.6414e+05
39871,2246,2284,2182,2252,1.7249e+05
39872,2262,2263,2246,2259,3117
39874,2250,2268,2090,2106,1.9773e+05
39875,2100,2184,2071,2107,1.8703e+05
39876,2153,2309,2146,2277,1.8856e+05
39877,2285,2344,2259,2290,1.7062e+05
39878,2275,2343,2252,2285,1.6816e+05
39879,2309,2376,2309,2365,10910
39881,2376,2507,2337,2441,2.2899e+05
39882,2449,2497,2395,2418,1.5024e+05
39883,2391,2391,2221,2235,1.268e+05
39884,2224,2393,2202,2379,1.783e+05
39885,2386,2488,2365,2387,1.621e+05
39888,2409,2475,2307,2453,1.895e+05
39889,2455,2575,2425,2568,2.1295e+05
39890,2561,2571,2457,2523,1.7712e+05
39891,2545,2656,2516,2601,1.9064e+05
39892,2580,2664,2573,2607,1.5564e+05
39893,2615,2640,2615,2629,2956
39895,2639,2724,2611,2694,1.8355e+05
39896,2705,2721,2663,2703,1.6801e+05
39897,2710,2742,2635,2685,1.9668e+05
39898,2699,2758,2688,2715,1.6883e+05
39899,2725,2743,2631,2657,1.5746e+05
39900,2665,2665,2655,2656,1978
39902,2640,2640,2481,2498,1.6544e+05
39903,2495,2538,2435,2481,1.6507e+05
39904,2485,2488,2407,2426,1.6941e+05
39905,2442,2643,2442,2633,2.0282e+05
39906,2634,2698,2572,2636,1.7859e+05
39907,2631,2646,2631,2643,2840
39909,2664,2690,2512,2522,1.9441e+05
39910,2508,2545,2480,2495,1.156e+05
39911,2490,2578,2390,2538,2.0009e+05
39912,2520,2622,2513,2562,1.5716e+05
39914,2590,2610,2590,2607,5155
39916,2603,2603,2441,2566,1.8919e+05
39917,2562,2562,2434,2448,1.4741e+05
39918,2457,2533,2436,2460,1.4886e+05
39919,2590,2645,2574,2601,1.4179e+05
39920,2595,2660,2584,2635,1.0327e+05
39921,2620,2624,2614,2622,2222
39923,2606,2606,2465,2481,1.478e+05
39924,2488,2488,2375,2468,2.0597e+05
39925,2480,2486,2415,2445,1.9229e+05
39926,2449,2507,2436,2472,1.5842e+05
39927,2471,2583,2462,2559,1.5655e+05
39928,2567,2573,2560,2563,2571
39930,2575,2575,2431,2498,2.0458e+05
39931,2490,2520,2465,2499,1.3637e+05
39932,2492,2572,2492,2555,1.3861e+05
39934,2542,2687,2542,2659,1.1763e+05
39935,2650,2650,2603,2644,4228
39937,2664,2693,2631,2678,1.3578e+05
39938,2687,2707,2646,2676,1.5253e+05
39939,2674,2795,2662,2778,1.7308e+05
39940,2791,2880,2741,2768,1.9551e+05
39941,2778,2878,2778,2857,1.6925e+05
39944,2855,2900,2812,2875,1.7444e+05
39945,2879,2956,2864,2907,1.7677e+05
39946,2910,2978,2894,2909,1.6934e+05
39947,2912,2912,2825,2868,1.5091e+05
39948,2885,2918,2794,2812,1.1558e+05
39951,2815,2871,2750,2856,1.6253e+05
39952,2860,2910,2830,2884,1.8263e+05
39953,2899,2945,2878,2932,1.5301e+05
39954,2930,2939,2858,2897,1.3858e+05
39955,2905,2925,2855,2884,1.1693e+05
39956,2890,2900,2887,2891,2968
39958,2902,2915,2892,2901,22006
39959,2900,2949,2858,2942,1.5422e+05
39960,2948,3040,2948,3017,1.5165e+05
39961,3010,3098,3001,3087,1.3554e+05
39962,3087,3135,3075,3086,1.163e+05
39963,3100,3131,3100,3124,3700
39965,3130,3206,3130,3190,1.1124e+05
39966,3205,3232,3176,3224,1.2456e+05
39967,3216,3229,3072,3102,1.5646e+05
39968,3106,3278,3106,3261,1.4757e+05
39969,3261,3320,3201,3254,1.4428e+05
39970,3246,3246,3235,3241,2278
39972,3230,3279,3181,3267,1.402e+05
39973,3270,3313,3260,3298,1.3099e+05
39974,3314,3405,3314,3368,1.3907e+05
39975,3370,3468,3370,3456,1.4019e+05
39976,3441,3447,3382,3431,1.1222e+05
39977,3429,3446,3429,3440,2444
39979,3435,3449,3337,3358,1.0257e+05
39980,3400,3508,3385,3425,1.5863e+05
39981,3418,3457,3362,3417,1.6508e+05
39982,3417,3490,3417,3478,1.4712e+05
39983,3470,3507,3375,3400,1.5134e+05
39984,3388,3405,3367,3386,5231
39986,3377,3398,3266,3289,1.6593e+05
39987,3291,3348,3257,3341,1.7638e+05
39988,3330,3384,3320,3335,1.5783e+05
39989,3339,3436,3336,3428,1.4909e+05
39990,3431,3458,3333,3353,1.3519e+05
39991,3357,3363,3350,3352,1817
39993,3340,3460,3311,3449,1.5775e+05
39994,3459,3503,3334,3344,1.7717e+05
39995,3354,3440,3292,3302,1.8724e+05
39996,3322,3334,3216,3238,1.3566e+05
39997,3221,3238,3150,3153,63964
39998,3155,3165,3152,3163,3211
40000,3142,3158,3097,3117,1.4807e+05
40001,3128,3156,3051,3075,1.8181e+05
40002,3061,3071,2976,3003,1.5759e+05
40003,3001,3008,2911,2926,1.8472e+05
40004,2925,2949,2886,2928,1.5889e+05
40005,2930,2931,2925,2929,1936
40007,2925,2980,2879,2915,1.9878e+05
40008,2930,3003,2901,2917,1.8353e+05
40009,2925,3018,2925,3007,1.3324e+05
40010,3053,3074,3007,3031,1.4305e+05
40011,3047,3163,3042,3158,1.4749e+05
40012,3151,3153,3144,3149,2803
40014,3161,3192,3121,3149,1.4119e+05
40015,3145,3222,3133,3162,1.9679e+05
40016,3160,3191,3112,3170,1.9151e+05
40017,3185,3259,3138,3245,1.9445e+05
40018,3245,3285,3227,3275,1.3999e+05
40019,3285,3289,3280,3287,2515
40021,3295,3327,3272,3293,1.4922e+05
40022,3304,3320,3228,3252,1.4691e+05
40023,3250,3250,3074,3096,1.9215e+05
40024,3090,3244,3068,3234,1.9183e+05
40025,3240,3279,3127,3271,2.1482e+05
40026,3279,3327,3279,3321,5628
40028,3344,3424,3344,3415,1.5424e+05
40029,3407,3418,3350,3377,1.6011e+05
40030,3381,3415,3325,3404,1.4223e+05
40031,3399,3454,3354,3438,1.6207e+05
40032,3433,3481,3386,3427,2.0748e+05
40033,3411,3411,3381,3392,4558
40035,3400,3424,3356,3384,1.7651e+05
40036,3389,3418,3315,3351,1.6981e+05
40037,3341,3429,3337,3400,1.5221e+05
40038,3403,3469,3382,3417,1.4544e+05
40039,3420,3435,3252,3264,1.1346e+05
40042,3360,3364,3311,3353,1.2184e+05
40043,3350,3462,3330,3451,1.5893e+05
40044,3465,3614,3428,3595,1.8452e+05
40045,3600,3606,3542,3564,1.1462e+05
40046,3547,3619,3526,3580,1.2339e+05
40047,3584,3585,3578,3583,1540
40049,3593,3635,3570,3616,1.1889e+05
40050,3612,3648,3484,3504,1.6142e+05
40051,3508,3545,3468,3492,1.3927e+05
40052,3488,3524,3432,3504,1.1674e+05
40053,3523,3577,3504,3560,1.2418e+05
40054,3560,3560,3549,3552,1871
40056,3540,3542,3397,3431,1.6255e+05
40057,3432,3493,3371,3391,1.7663e+05
40058,3371,3383,3305,3330,1.5719e+05
40059,3335,3402,3323,3340,1.2057e+05
40060,3345,3375,3296,3343,1.0817e+05
40061,3337,3337,3322,3324,1830
40063,3334,3364,3310,3320,40773
40064,3329,3482,3329,3460,1.4387e+05
40065,3455,3512,3437,3485,1.4009e+05
40066,3495,3520,3445,3486,1.3711e+05
40067,3497,3530,3347,3359,1.3506e+05
40068,3358,3363,3348,3361,2444
40070,3356,3387,3315,3356,1.0802e+05
40071,3344,3454,3338,3433,1.2858e+05
40078,3398,3458,3390,3445,87387
40079,3438,3454,3311,3335,1.2171e+05
40080,3328,3328,3186,3202,1.3834e+05
40081,3214,3237,3146,3182,1.3886e+05
40082,3191,3193,3181,3185,2419
40084,3186,3259,3180,3238,75912
40085,3228,3244,3183,3210,1.204e+05
40086,3228,3345,3181,3337,1.8848e+05
40087,3349,3410,3318,3360,1.4135e+05
40089,3358,3358,3328,3348,2671
40091,3335,3359,3245,3349,1.6399e+05
40092,3342,3372,3304,3318,1.2459e+05
40093,3320,3355,3225,3236,1.6576e+05
40094,3236,3347,3218,3324,1.6828e+05
40095,3313,3353,3285,3336,1.4369e+05
40096,3345,3357,3345,3354,4066
40098,3363,3429,3363,3407,1.2512e+05
40099,3420,3448,3396,3425,98059
40100,3436,3475,3433,3453,1.1212e+05
40101,3462,3561,3459,3554,1.4149e+05
40102,3590,3645,3585,3636,24346
40103,3655,3675,3655,3667,2581
40105,3650,3666,3633,3651,38158
40106,3670,3694,3631,3667,1.1747e+05
40107,3655,3791,3613,3781,1.6848e+05
40108,3770,3795,3726,3759,1.3518e+05
40109,3781,3790,3724,3747,1.3436e+05
40110,3740,3740,3716,3724,4346
40112,3715,3796,3657,3701,1.6139e+05
40113,3692,3747,3668,3712,1.517e+05
40114,3730,3747,3666,3681,1.5272e+05
40115,3671,3778,3666,3766,1.2653e+05
40116,3759,3764,3632,3644,1.4005e+05
40117,3638,3641,3624,3638,5461
40119,3684,3690,3621,3647,1.1566e+05
40120,3656,3759,3637,3749,1.6692e+05
40121,3748,3804,3736,3771,1.3233e+05
40122,3765,3765,3753,3755,6729
40123,3753,3758,3603,3616,1.6651e+05
40124,3620,3643,3620,3639,4016
40126,3648,3725,3627,3710,1.3083e+05
40127,3691,3743,3632,3651,1.6354e+05
40128,3660,3709,3656,3678,1.2321e+05
40129,3682,3695,3587,3602,1.5329e+05
40130,3600,3605,3517,3566,1.4468e+05
40131,3552,3555,3548,3550,2486
40133,3553,3647,3544,3626,1.2154e+05
40134,3634,3679,3621,3669,93950
40135,3672,3721,3643,3654,1.1672e+05
40136,3659,3707,3575,3597,84924
40137,3656,3661,3590,3611,1.1301e+05
40138,3617,3634,3614,3631,3962
40140,3635,3713,3631,3640,1.265e+05
40141,3630,3630,3526,3545,1.494e+05
40142,3537,3576,3503,3569,1.2725e+05
40143,3576,3603,3556,3566,67047
40144,3559,3562,3412,3542,1.7872e+05
40147,3557,3582,3510,3550,1.4241e+05
40148,3570,3654,3570,3648,1.1194e+05
40149,3636,3641,3538,3563,1.2342e+05
40150,3565,3583,3501,3543,1.1748e+05
40151,3528,3610,3506,3527,1.5567e+05
40152,3520,3535,3520,3532,2930
40154,3526,3532,3463,3495,1.201e+05
40155,3477,3480,3407,3433,1.3285e+05
40156,3430,3454,3305,3323,1.6554e+05
40157,3312,3339,3266,3279,1.2446e+05
40158,3283,3322,3258,3281,99856
40159,3283,3283,3254,3257,4036
40161,3250,3278,3226,3262,1.1412e+05
40162,3268,3318,3242,3297,1.1318e+05
40163,3304,3415,3298,3402,1.2547e+05
40164,3388,3417,3352,3380,1.1151e+05
40165,3390,3498,3390,3449,1.024e+05
40168,3491,3538,3452,3469,85413
40169,3461,3498,3425,3492,95538
40170,3488,3586,3488,3578,1.0466e+05
40171,3587,3630,3566,3614,89880
40173,3624,3635,3624,3633,2431
40175,3641,3690,3641,3681,54095
40176,3672,3707,3656,3684,82116
40177,3685,3735,3673,3725,94291
40178,3720,3730,3692,3727,53779
40179,3720,3723,3717,3721,1795
40180,3723,3733,3722,3727,1151
40182,3735,3778,3720,3766,99729
40183,3772,3790,3752,3769,1.0211e+05
40184,3766,3796,3701,3783,1.3614e+05
40185,3789,3810,3765,3783,84161
40186,3781,3805,3735,3796,86037
40187,3791,3792,3787,3789,2359
40189,3797,3808,3736,3744,95864
40190,3740,3748,3685,3703,1.045e+05
40191,3684,3684,3590,3650,1.2602e+05
40192,3638,3663,3612,3634,75511
40193,3628,3628,3585,3592,72284
40198,3616,3628,3580,3592,1.0075e+05
40199,3601,3610,3530,3536,1.2014e+05
40200,3530,3538,3472,3482,98461
40201,3475,3475,3443,3445,4402
40203,3455,3483,3437,3477,86555
40205,3469,3495,3417,3445,1.1608e+05
40206,3434,3458,3404,3416,1.0393e+05
40207,3430,3467,3394,3412,1.2108e+05
40208,3409,3409,3372,3378,5106
40210,3374,3443,3373,3435,93270
40211,3444,3563,3444,3554,1.1798e+05
40212,3550,3592,3538,3573,1.3069e+05
40213,3565,3565,3387,3412,1.4125e+05
40214,3420,3458,3275,3319,1.5165e+05
40215,3343,3377,3343,3374,6935
40217,3362,3387,3330,3364,1.2663e+05
40218,3358,3449,3354,3436,1.6028e+05
40219,3426,3484,3393,3466,1.509e+05
40220,3471,3506,3418,3494,1.3605e+05
40221,3475,3475,3380,3412,1.1147e+05
40222,3424,3441,3424,3433,4723
40224,3440,3448,3422,3432,33000
40225,3434,3562,3430,3543,1.3107e+05
40226,3550,3579,3527,3559,1.0392e+05
40227,3554,3659,3533,3628,1.1748e+05
40228,3625,3717,3612,3705,81084
40231,3722,3727,3676,3699,96178
40232,3700,3705,3625,3657,1.2198e+05
40233,3664,3707,3626,3689,1.0823e+05
40234,3695,3702,3585,3609,1.2647e+05
40235,3613,3686,3601,3668,97852
40236,3668,3671,3664,3669,2134
40238,3680,3707,3599,3624,63330
40239,3618,3713,3611,3702,97147
40240,3690,3710,3638,3687,1.0448e+05
40241,3688,3717,3660,3688,1.0229e+05
40242,3691,3743,3676,3724,95052
40243,3729,3730,3721,3725,2347
40245,3735,3747,3686,3707,96188
40246,3705,3734,3665,3723,98772
40247,3722,3765,3680,3711,1.3791e+05
40248,3709,3757,3707,3740,93059
40249,3739,3783,3683,3701,1.1975e+05
40250,3700,3705,3698,3704,2618
40252,3695,3707,3621,3645,1.0038e+05
40253,3633,3733,3626,3719,1.088e+05
40254,3728,3760,3715,3746,87571
40255,3749,3760,3718,3747,87613
40256,3739,3739,3632,3649,79037
40259,3680,3719,3612,3711,1.3631e+05
40260,3709,3745,3697,3729,1.2833e+05
40261,3718,3718,3660,3692,1.2254e+05
40262,3686,3714,3670,3692,1.0089e+05
40263,3680,3697,3612,3627,1.4006e+05
40264,3632,3638,3627,3629,2418
40266,3630,3725,3630,3706,1.1566e+05
40267,3703,3734,3693,3703,95205
40268,3711,3763,3706,3751,1.0827e+05
40269,3750,3818,3744,3800,97828
40271,3802,3833,3802,3830,3826
40273,3836,3863,3800,3843,92335
40274,3849,3870,3836,3844,1.0061e+05
40275,3848,3864,3820,3850,1.1958e+05
40276,3844,3844,3757,3801,1.2617e+05
40277,3800,3827,3726,3738,1.2363e+05
40278,3741,3757,3741,3752,3811
40280,3760,3803,3747,3758,1.2102e+05
40281,3758,3764,3682,3738,1.3935e+05
40282,3748,3825,3744,3809,1.1124e+05
40283,3815,3828,3785,3800,98315
40284,3797,3797,3675,3692,1.258e+05
40285,3696,3699,3688,3692,2703
40287,3690,3690,3592,3634,92533
40288,3722,3769,3722,3753,1.0389e+05
40289,3759,3765,3702,3740,1.4038e+05
40290,3731,3743,3660,3732,1.7509e+05
40291,3733,3780,3701,3772,1.2563e+05
40292,3780,3788,3776,3780,4299
40294,3787,3803,3728,3736,1.1041e+05
40295,3732,3749,3664,3692,1.4965e+05
40296,3694,3710,3643,3698,1.4587e+05
40297,3707,3805,3707,3784,1.2092e+05
40298,3795,3825,3785,3814,1.1294e+05
40301,3819,3875,3819,3860,96729
40302,3850,3850,3720,3736,1.6585e+05
40303,3730,3730,3583,3624,1.7775e+05
40304,3624,3641,3525,3543,1.6471e+05
40305,3537,3564,3418,3461,2.0179e+05
40306,3442,3450,3434,3445,3915
40308,3463,3530,3421,3448,1.7934e+05
40309,3456,3510,3418,3460,1.5924e+05
40310,3447,3473,3378,3390,1.6438e+05
40311,3393,3443,3327,3411,1.6579e+05
40312,3383,3383,3232,3254,1.6496e+05
40313,3249,3275,3249,3264,5665
40315,3258,3303,3182,3218,1.6039e+05
40316,3239,3304,3162,3199,1.308e+05
40317,3169,3212,3127,3183,1.2482e+05
40318,3390,3422,3268,3310,1.9746e+05
40319,3320,3348,3270,3311,1.6841e+05
40320,3320,3330,3315,3324,3323
40322,3318,3332,3286,3299,1.4407e+05
40323,3293,3293,3229,3258,1.7214e+05
40324,3277,3387,3277,3374,1.706e+05
40325,3387,3488,3387,3477,1.2074e+05
40326,3478,3515,3438,3455,1.644e+05
40327,3465,3468,3457,3460,1804
40329,3467,3483,3453,3464,27505
40330,3455,3539,3391,3487,2.0814e+05
40331,3471,3475,3395,3456,1.7436e+05
40332,3455,3474,3406,3446,1.5741e+05
40333,3455,3522,3392,3409,1.7603e+05
40334,3398,3398,3362,3364,5413
40336,3361,3420,3319,3399,1.5911e+05
40337,3399,3408,3348,3375,1.4196e+05
40338,3390,3527,3390,3503,1.6775e+05
40339,3510,3576,3487,3544,1.6399e+05
40340,3532,3545,3447,3472,1.796e+05
40341,3473,3486,3473,3478,4432
40343,3483,3535,3465,3486,1.4441e+05
40344,3497,3568,3495,3556,1.4788e+05
40345,3565,3622,3547,3614,1.5064e+05
40346,3616,3616,3526,3544,1.4781e+05
40347,3550,3562,3491,3542,1.1228e+05
40348,3555,3561,3554,3556,2823
40350,3570,3602,3506,3518,78762
40351,3601,3636,3580,3613,1.3614e+05
40352,3605,3607,3520,3566,1.6029e+05
40353,3561,3561,3508,3536,1.4723e+05
40354,3548,3644,3543,3635,1.443e+05
40355,3634,3655,3634,3651,4847
40357,3649,3649,3602,3626,1.1836e+05
40358,3624,3624,3523,3529,1.5301e+05
40359,3539,3581,3482,3523,1.7761e+05
40360,3519,3519,3407,3430,1.7751e+05
40361,3430,3447,3380,3388,1.7204e+05
40362,3393,3401,3388,3392,4365
40364,3402,3416,3369,3377,54727
40365,3375,3477,3367,3391,2.066e+05
40366,3393,3487,3382,3475,1.8263e+05
40367,3475,3568,3475,3540,1.8726e+05
40368,3546,3564,3508,3523,1.5993e+05
40369,3535,3561,3535,3555,6027
40371,3558,3575,3505,3524,1.6127e+05
40372,3520,3604,3493,3586,1.7935e+05
40373,3591,3639,3578,3624,1.7471e+05
40374,3621,3622,3530,3558,2.0396e+05
40375,3604,3631,3588,3595,35621
40376,3590,3604,3590,3594,1754
40378,3595,3696,3591,3617,1.3024e+05
40379,3626,3678,3611,3670,2.034e+05
40380,3670,3707,3631,3643,2.1272e+05
40381,3643,3710,3615,3701,2.0955e+05
40382,3710,3738,3684,3717,1.8888e+05
40383,3714,3723,3709,3720,3881
40385,3719,3728,3671,3707,1.7305e+05
40386,3703,3718,3610,3624,2.1096e+05
40387,3622,3638,3569,3613,1.9707e+05
40388,3616,3675,3582,3652,2.2059e+05
40389,3652,3652,3590,3624,1.7847e+05
40390,3627,3668,3627,3654,9496
40392,3659,3766,3659,3755,1.8987e+05
40393,3766,3810,3753,3795,1.8948e+05
40394,3799,3825,3779,3796,1.8984e+05
40395,3791,3810,3770,3795,1.3795e+05
40396,3795,3810,3703,3713,2.5854e+05
40397,3720,3734,3720,3732,6441
40399,3735,3773,3735,3756,1.4122e+05
40400,3752,3756,3691,3718,2.0532e+05
40401,3720,3722,3666,3684,1.9792e+05
40402,3670,3670,3560,3571,2.1538e+05
40403,3572,3589,3524,3535,1.7325e+05
40406,3584,3600,3547,3563,23936
40407,3552,3607,3525,3593,43078
40408,3590,3590,3485,3551,1.0095e+05
40409,3558,3577,3496,3505,1.3992e+05
40410,3512,3520,3462,3469,1.7357e+05
40411,3466,3477,3466,3470,6069
40413,3475,3497,3427,3438,1.8761e+05
40414,3434,3439,3382,3386,1.6039e+05
40415,3390,3421,3354,3414,1.8625e+05
40416,3416,3479,3416,3470,2.1146e+05
40417,3462,3520,3410,3510,2.6761e+05
40418,3520,3555,3520,3551,12102
40420,3552,3552,3504,3522,1.4313e+05
40421,3518,3527,3421,3449,2.3923e+05
40422,3439,3498,3397,3490,2.2217e+05
40423,3484,3499,3437,3491,1.9022e+05
40424,3498,3534,3434,3462,2.3438e+05
40425,3467,3476,3467,3471,5638
40427,3474,3485,3454,3462,64340
40428,3467,3499,3416,3484,2.4511e+05
40429,3486,3522,3442,3509,2.0455e+05
40430,3501,3537,3451,3461,2.0917e+05
40431,3475,3558,3475,3550,1.7077e+05
40434,3558,3618,3558,3592,1.7579e+05
40435,3588,3612,3536,3548,2.1986e+05
40436,3538,3552,3476,3514,2.142e+05
40442,3520,3520,3465,3483,1.671e+05
40443,3478,3481,3400,3416,2.4087e+05
40444,3419,3458,3388,3453,2.1739e+05
40445,3450,3487,3428,3479,1.8461e+05
40446,3479,3483,3472,3479,5403
40448,3481,3497,3433,3449,1.8656e+05
40449,3450,3489,3440,3478,1.7974e+05
40450,3472,3515,3425,3509,2.5191e+05
40451,3505,3596,3502,3591,2.0581e+05
40452,3597,3640,3588,3624,1.81e+05
40455,3630,3679,3615,3659,1.9126e+05
40456,3653,3700,3649,3696,1.6526e+05
40457,3694,3730,3667,3702,1.8546e+05
40458,3709,3735,3619,3637,2.2686e+05
40459,3636,3679,3583,3661,2.2653e+05
40460,3667,3688,3667,3685,6131
40462,3688,3708,3657,3672,1.2172e+05
40463,3662,3674,3625,3661,1.7058e+05
40464,3667,3706,3658,3690,1.2833e+05
40465,3693,3720,3650,3663,1.6264e+05
40466,3656,3671,3587,3599,1.6773e+05
40467,3606,3612,3604,3607,3525
40469,3600,3682,3567,3670,1.6522e+05
40470,3680,3691,3573,3581,1.41e+05
40471,3650,3683,3600,3675,2.0997e+05
40472,3685,3687,3605,3612,1.8527e+05
40473,3616,3666,3614,3644,1.4705e+05
40474,3652,3675,3652,3670,5912
40476,3672,3715,3648,3661,1.8527e+05
40477,3670,3710,3663,3697,1.5399e+05
40478,3695,3695,3631,3663,1.8964e+05
40479,3670,3695,3651,3673,1.4915e+05
40480,3674,3674,3610,3626,1.499e+05
40481,3621,3638,3616,3630,6830
40483,3634,3739,3634,3729,1.625e+05
40484,3729,3753,3705,3737,1.4301e+05
40485,3740,3794,3728,3770,1.7922e+05
40486,3775,3826,3775,3807,1.1924e+05
40487,3813,3838,3812,3820,29517
40488,3826,3848,3826,3846,4865
40490,3850,3873,3823,3866,1.2362e+05
40491,3866,3890,3851,3872,1.0289e+05
40492,3860,3916,3830,3901,1.6737e+05
40493,3914,3933,3902,3908,1.0539e+05
40494,3902,3902,3812,3832,1.7377e+05
40495,3824,3834,3813,3830,3605
40497,3834,3879,3822,3854,1.2039e+05
40498,3854,3854,3753,3766,1.4416e+05
40499,3756,3764,3676,3683,1.2698e+05
40500,3694,3743,3688,3734,76967
40501,3763,3795,3721,3747,1.4364e+05
40502,3750,3760,3750,3753,2336
40504,3759,3786,3699,3716,1.3731e+05
40505,3728,3770,3703,3763,1.6221e+05
40506,3759,3844,3736,3841,1.626e+05
40507,3843,3866,3830,3853,65526
40508,3847,3867,3821,3859,1.1326e+05
40509,3859,3863,3856,3861,2539
40511,3866,3944,3866,3936,1.5974e+05
40512,3940,3953,3903,3923,1.3109e+05
40513,3915,3934,3868,3929,1.5096e+05
40514,3935,3971,3932,3965,1.4047e+05
40515,3968,4020,3947,4013,1.7129e+05
40516,4020,4038,4020,4035,10078
40518,4030,4039,3991,4000,1.3913e+05
40519,4003,4062,3973,3983,2.0353e+05
40520,3977,4023,3959,4007,1.7245e+05
40521,4014,4042,3980,4023,1.3532e+05
40522,4015,4024,3943,3958,1.3474e+05
40523,3969,3974,3964,3966,3751
40525,3972,4035,3966,3975,1.3094e+05
40526,3978,4005,3961,3992,1.3316e+05
40527,3985,4033,3947,4020,1.5828e+05
40528,4025,4034,3987,4004,1.0637e+05
40532,4051,4073,4023,4058,1.0706e+05
40533,4064,4090,4060,4084,1.0665e+05
40534,4084,4118,4081,4100,1.0569e+05
40535,4100,4156,4096,4143,97293
40536,4145,4164,4145,4161,19493
40539,4155,4173,4122,4144,91856
40540,4139,4149,4120,4138,73431
40541,4139,4148,4113,4123,76096
40542,4112,4125,4032,4034,1.1694e+05
40543,4037,4094,4005,4088,90060
40544,4094,4100,4086,4087,3174
40546,4097,4154,4097,4136,1.1969e+05
40547,4132,4154,4017,4041,2.1844e+05
40548,4050,4133,4011,4124,2.378e+05
40549,4115,4115,4013,4029,1.9749e+05
40550,4037,4067,3977,3995,1.845e+05
40551,4021,4025,4005,4020,4826
40553,4060,4082,4025,4049,2.1566e+05
40554,4057,4129,4037,4112,1.7372e+05
40555,4119,4168,4110,4152,1.7026e+05
40556,4150,4171,4121,4151,1.3837e+05
40557,4147,4166,4097,4152,1.4037e+05
40558,4230,4232,4218,4230,810
40560,4230,4232,4210,4218,10802
40561,4218,4245,4186,4231,39615
40562,4227,4247,4194,4217,75359
40563,4211,4211,4103,4125,1.5895e+05
40564,4122,4143,4086,4103,1.2795e+05
40565,4107,4107,4097,4099,2473
40567,4097,4111,4008,4016,1.4029e+05
40568,4016,4034,3967,3982,1.3018e+05
40570,3976,4020,3941,3967,1.6519e+05
40571,3961,4137,3924,4107,1.9512e+05
40572,4114,4130,4114,4117,7009
40574,4125,4239,4082,4229,2.2434e+05
40575,4238,4247,4181,4200,1.7702e+05
40576,4191,4205,4135,4150,1.6991e+05
40577,4150,4209,4131,4146,1.7552e+05
40578,4143,4191,4055,4090,1.9796e+05
40579,4084,4090,4076,4088,4106
40581,4085,4085,3988,3995,1.7381e+05
40582,3985,3995,3905,3945,1.9869e+05
40583,3960,4007,3947,3967,1.7463e+05
40584,3972,4025,3934,3973,2.0277e+05
40585,3974,4013,3896,3910,2.0122e+05
40586,3906,3909,3902,3905,4841
40588,3907,3939,3880,3893,1.473e+05
40589,3893,3913,3821,3831,1.5423e+05
40595,4086,4312,4086,4304,1.6115e+05
40596,4311,4473,4252,4314,3.1727e+05
40597,4328,4545,4328,4526,2.1558e+05
40598,4502,4707,4482,4552,3.2299e+05
40599,4535,4535,4385,4434,1.9532e+05
40600,4436,4485,4436,4462,3563
40602,4485,4534,4397,4444,1.4559e+05
40603,4440,4487,4370,4466,1.7638e+05
40604,4475,4619,4475,4581,1.932e+05
40605,4584,4636,4523,4545,2.3629e+05
40606,4543,4709,4543,4698,1.9502e+05
40607,4705,4739,4705,4731,8962
40609,4736,4835,4723,4769,2.0189e+05
40610,4752,4789,4670,4725,2.2423e+05
40611,4715,4773,4700,4718,1.7321e+05
40612,4725,4754,4567,4609,1.9758e+05
40613,4634,4648,4501,4559,2.1015e+05
40614,4560,4564,4543,4548,2735
40616,4534,4557,4456,4544,1.65e+05
40617,4530,4530,4393,4465,2.2641e+05
40624,4662,4737,4626,4718,1.6721e+05
40625,4719,4793,4719,4770,1.4825e+05
40626,4766,4797,4708,4724,1.3157e+05
40627,4725,4757,4697,4735,1.3953e+05
40628,4736,4745,4736,4742,1689
40630,4731,4740,4677,4719,1.2685e+05
40631,4709,4712,4630,4697,1.371e+05
40632,4691,4719,4652,4689,1.0109e+05
40633,4684,4768,4684,4744,1.1675e+05
40634,4753,4820,4753,4794,1.2922e+05
40635,4793,4829,4793,4825,6677
40637,4830,4843,4787,4811,1.0524e+05
40638,4805,4827,4787,4793,1.0246e+05
40639,4794,4827,4778,4794,1.2088e+05
40640,4801,4890,4798,4880,1.4296e+05
40641,4887,4972,4887,4964,1.1458e+05
40642,4974,5098,4974,5030,12221
40644,5021,5021,4864,4898,1.4297e+05
40645,4882,4913,4708,4742,2.1701e+05
40646,4739,4778,4688,4737,1.6819e+05
40647,4731,4835,4723,4805,1.1539e+05
40648,4824,4878,4766,4852,1.1499e+05
40651,4896,4900,4805,4831,69077
40652,4822,4886,4756,4867,1.542e+05
40653,4870,4984,4864,4951,1.2174e+05
40654,4950,5014,4950,4997,1.0664e+05
40656,4996,5030,4996,5018,4820
40658,5022,5075,4956,5003,1.0448e+05
40659,4982,5034,4965,4995,98785
40660,4998,5065,4946,5047,1.3445e+05
40661,5046,5085,4988,5013,1.2579e+05
40662,5011,5049,4994,5041,72113
40663,5046,5063,5042,5047,2859
40665,5040,5097,4933,5055,1.512e+05
40666,5050,5050,4951,4975,1.0166e+05
40667,4972,4972,4856,4875,1.1634e+05
40668,4869,4879,4535,4577,1.8107e+05
40669,4575,4583,4219,4456,2.2404e+05
40670,4444,4444,4390,4416,4614
40672,4420,4575,4407,4541,1.4285e+05
40673,4550,4640,4477,4610,1.8582e+05
40674,4620,4674,4422,4451,2.0725e+05
40675,4458,4497,4292,4471,2.2887e+05
40676,4467,4519,4372,4428,1.5579e+05
40677,4440,4476,4440,4467,3288
40679,4457,4491,4391,4421,1.4209e+05
40680,4410,4410,4297,4346,1.2842e+05
40681,4369,4548,4369,4538,1.6022e+05
40682,4525,4534,4416,4449,97144
40683,4509,4532,4364,4509,1.9428e+05
40684,4508,4509,4494,4506,2545
40686,4495,4495,4377,4435,1.7974e+05
40687,4442,4530,4439,4468,1.784e+05
40688,4464,4619,4464,4602,1.9164e+05
40689,4595,4625,4526,4562,1.6552e+05
40690,4571,4587,4532,4543,1.1326e+05
40691,4546,4561,4546,4554,2688
40693,4536,4570,4510,4534,31040
40694,4545,4666,4545,4631,1.2886e+05
40695,4639,4648,4503,4512,1.9726e+05
40696,4502,4534,4434,4501,1.8862e+05
40697,4512,4516,4414,4493,1.698e+05
40698,4493,4511,4493,4504,3240
40700,4503,4503,4427,4440,1.496e+05
40701,4432,4448,4383,4408,1.7207e+05
40702,4408,4554,4391,4522,2.1019e+05
40703,4524,4575,4512,4548,1.5189e+05
40704,4554,4562,4433,4442,1.5638e+05
40705,4440,4445,4428,4432,3852
40707,4438,4452,4335,4356,1.85e+05
40708,4358,4432,4326,4419,1.6965e+05
40709,4427,4470,4242,4267,2.5904e+05
40710,4275,4297,4235,4261,1.9651e+05
40711,4250,4250,4122,4139,2.4052e+05
40712,4153,4167,4153,4159,5717
40714,4133,4194,4101,4176,1.1608e+05
40715,4225,4292,4186,4221,1.9385e+05
40716,4215,4303,4204,4283,1.8733e+05
40717,4285,4285,4065,4141,3.1837e+05
40718,4153,4165,4067,4118,2.3607e+05
40719,4120,4128,4119,4126,4505
40721,4120,4127,4062,4097,2.2275e+05
40722,4102,4164,4089,4152,2.1903e+05
40723,4162,4300,4162,4279,2.8376e+05
40724,4272,4283,4196,4241,2.1419e+05
40725,4237,4253,4182,4240,2.0218e+05
40726,4240,4240,4226,4238,4291
40728,4246,4257,4221,4225,48949
40729,4227,4338,4207,4332,1.9281e+05
40730,4331,4349,4273,4300,1.9665e+05
40731,4299,4409,4299,4359,2.2658e+05
40732,4366,4394,4251,4281,2.3819e+05
40733,4280,4289,4277,4287,4364
40735,4280,4280,4196,4221,2.1236e+05
40736,4220,4330,4190,4320,2.6789e+05
40737,4328,4412,4301,4383,2.3382e+05
40738,4375,4404,4215,4245,2.5823e+05
40739,4265,4347,4244,4309,1.8211e+05
40740,4320,4333,4320,4329,3724
40742,4327,4337,4226,4263,1.6457e+05
40743,4277,4399,4275,4389,1.1663e+05
40744,4409,4438,4333,4372,2.0707e+05
40745,4377,4462,4344,4445,2.0237e+05
40746,4440,4460,4386,4449,1.6084e+05
40747,4452,4452,4444,4446,2780
40749,4440,4445,4390,4420,1.6766e+05
40750,4423,4448,4333,4417,2.3772e+05
40751,4410,4410,4310,4342,2.3082e+05
40752,4335,4337,4282,4306,2.0277e+05
40753,4301,4305,4216,4243,1.8109e+05
40754,4235,4246,4230,4237,4201
40756,4253,4356,4155,4207,2.9832e+05
40757,4212,4243,4150,4164,2.3551e+05
40758,4151,4172,4066,4099,2.3684e+05
40759,4103,4107,3870,3896,2.9523e+05
40760,3836,3967,3733,3901,3.6471e+05
40761,3906,3912,3806,3843,15817
40763,3830,3833,3733,3779,2.3708e+05
40764,3765,3765,3543,3663,3.7436e+05
40765,3668,3748,3612,3707,3.1243e+05
40766,3708,3825,3690,3793,2.9732e+05
40767,3807,3958,3807,3923,2.3986e+05
40768,3926,3926,3877,3896,8056
40771,3905,3979,3886,3930,2.0335e+05
40772,3927,4030,3927,3976,1.9838e+05
40773,3995,3995,3738,3762,2.5701e+05
40775,3812,3827,3760,3803,10756
40777,3793,3877,3747,3835,2.2417e+05
40778,3850,3957,3830,3911,2.3755e+05
40779,3918,3994,3898,3962,1.9181e+05
40780,3960,3994,3840,3950,2.1525e+05
40781,3950,3961,3850,3935,2.0616e+05
40782,3941,3967,3928,3944,5938
40784,3940,4040,3927,4021,1.444e+05
40785,4029,4106,3987,4085,2.0038e+05
40786,4080,4105,4030,4081,1.4792e+05
40787,4071,4127,4056,4095,1.3538e+05
40788,4081,4084,3912,3971,2.3661e+05
40789,3980,3983,3965,3979,7357
40791,3967,3967,3843,3850,1.2272e+05
40792,3858,3954,3847,3931,2.5756e+05
40793,3955,4139,3955,4125,2.3418e+05
40794,4124,4174,4102,4125,2.5466e+05
40795,4140,4153,4008,4058,2.7032e+05
40796,4066,4080,4061,4067,5172
40798,4049,4201,4007,4160,3.1264e+05
40799,4175,4301,4170,4288,2.8776e+05
40800,4276,4289,4218,4253,2.2957e+05
40801,4246,4285,4212,4252,2.1344e+05
40806,4130,4210,4130,4170,2.1015e+05
40807,4172,4262,4151,4209,2.2216e+05
40808,4184,4184,4005,4018,3.0734e+05
40809,4035,4049,3883,3972,2.6615e+05
40810,3963,4030,3951,4002,7477
40812,3985,4020,3853,4004,2.2277e+05
40813,4022,4129,4022,4114,1.7884e+05
40814,4110,4128,4020,4029,2.1133e+05
40815,4020,4117,3978,4076,2.2404e+05
40816,4067,4083,3961,3995,1.9394e+05
40817,3985,3985,3913,3933,8068
40819,3920,3938,3805,3835,2.6885e+05
40820,3822,3860,3723,3794,2.6067e+05
40821,3795,3928,3795,3916,2.0892e+05
40822,3928,4070,3908,4038,1.7291e+05
40823,4035,4119,4010,4035,1.9689e+05
40824,4046,4076,4035,4071,4187
40826,4075,4200,4075,4187,1.6511e+05
40827,4185,4253,4152,4240,2.2377e+05
40828,4243,4243,4181,4206,1.8681e+05
40829,4192,4199,4107,4182,2.412e+05
40830,4176,4274,4145,4259,2.0071e+05
40831,4271,4286,4271,4280,5949
40833,4267,4299,4214,4256,1.97e+05
40834,4250,4385,4212,4344,2.2098e+05
40835,4345,4404,4315,4339,1.4857e+05
40836,4347,4347,4238,4291,2.5551e+05
40837,4305,4428,4305,4371,2.0556e+05
40838,4379,4387,4373,4381,6685
40840,4389,4559,4376,4546,2.2837e+05
40841,4560,4689,4551,4647,2.8304e+05
40842,4640,4641,4562,4574,59501
40843,4557,4613,4511,4595,1.5542e+05
40844,4589,4589,4496,4535,1.6595e+05
40845,4539,4548,4536,4541,2773
40847,4534,4536,4464,4516,1.6581e+05
40848,4508,4546,4421,4493,2.488e+05
40849,4498,4606,4498,4541,2.3117e+05
40850,4534,4623,4495,4609,2.5734e+05
40851,4607,4654,4572,4622,2.338e+05
40852,4620,4635,4616,4618,5177
40854,4620,4685,4620,4665,1.2842e+05
40855,4685,4760,4678,4737,1.9569e+05
40856,4738,4897,4738,4859,2.914e+05
40857,4860,4953,4856,4939,1.9846e+05
40858,4921,4958,4893,4921,1.6262e+05
40859,4934,4947,4934,4942,4713
40861,4941,4970,4896,4919,2.0944e+05
40862,4927,5045,4927,5033,1.9431e+05
40863,5019,5186,5005,5150,2.4925e+05
40864,5151,5244,5007,5031,2.1718e+05
40865,5040,5123,4980,5008,2.4309e+05
40866,5020,5030,5017,5024,4178
40868,5030,5054,4967,5038,2.271e+05
40869,5034,5156,5034,5142,2.4615e+05
40870,5142,5142,5012,5074,2.3323e+05
40871,5072,5072,5026,5062,87708
40872,5051,5079,4973,5040,2.1805e+05
40873,5049,5077,5049,5068,5802
40875,5074,5223,5074,5090,2.4603e+05
40876,5090,5202,5068,5189,2.595e+05
40877,5179,5274,5172,5219,2.4547e+05
40878,5220,5222,5103,5115,2.2902e+05
40879,5124,5188,5119,5148,1.9217e+05
40880,5160,5180,5160,5175,6168
40882,5175,5260,5175,5237,1.5553e+05
40883,5230,5230,5175,5194,1.7758e+05
40884,5207,5247,5165,5227,2.2083e+05
40885,5224,5239,5127,5155,2.2004e+05
40886,5150,5164,5101,5139,2.0744e+05
40887,5150,5199,5150,5186,12223
40889,5180,5222,5161,5203,2.2004e+05
40890,5206,5380,5206,5342,2.1452e+05
40891,5353,5368,5186,5209,2.4396e+05
40892,5200,5200,5021,5036,2.2533e+05
40893,5014,5014,4877,4903,1.9331e+05
40894,4906,4955,4906,4950,6415
40896,4942,5003,4911,4983,1.3676e+05
40897,5024,5170,5012,5153,2.0207e+05
40898,5160,5242,5125,5214,2.43e+05
40899,5225,5275,5208,5268,1.5894e+05
40900,5267,5308,5263,5300,93425
40901,5300,5300,5285,5289,2967
40903,5280,5293,5269,5289,13086
40904,5281,5380,5263,5374,1.1088e+05
40905,5372,5430,5305,5325,1.8289e+05
40906,5320,5339,5247,5304,1.6783e+05
40907,5304,5332,5262,5317,1.3392e+05
40908,5310,5310,5293,5296,3611
40910,5293,5329,5282,5325,20447
40911,5332,5464,5332,5442,2.13e+05
40912,5457,5498,5413,5462,2.2748e+05
40913,5451,5465,5402,5443,2.037e+05
40914,5436,5436,5325,5345,2.1228e+05
40915,5358,5379,5358,5366,5859
40917,5355,5370,5275,5295,2.1037e+05
40918,5305,5369,5305,5318,1.6837e+05
40919,5316,5316,5234,5285,1.8245e+05
40920,5274,5308,5241,5260,1.7181e+05
40921,5251,5251,5065,5082,2.1922e+05
40922,5106,5125,5101,5105,5432
40924,5120,5138,5108,5129,78599
40925,5130,5144,5067,5107,1.4314e+05
40926,5119,5152,5046,5062,2.0064e+05
40927,5074,5132,5031,5047,1.3172e+05
40928,5099,5113,4963,5006,1.8746e+05
40929,4994,4994,4971,4979,4731
40931,4975,5029,4936,5020,1.804e+05
40932,5019,5034,4965,4975,1.6289e+05
40933,4988,5007,4922,4992,1.7801e+05
40935,5000,5000,4934,4945,1.5075e+05
40936,4941,4946,4936,4942,2957
40938,4939,4968,4916,4945,1.2771e+05
40939,4948,5025,4916,4927,1.9041e+05
40940,4927,4931,4855,4861,1.6363e+05
40941,4854,4854,4710,4727,1.9336e+05
40942,4738,4766,4712,4737,1.6509e+05
40943,4746,4771,4746,4767,7098
40945,4765,4803,4746,4772,1.4396e+05
40946,4765,4885,4738,4858,1.9775e+05
40947,4863,4933,4855,4875,1.6066e+05
40948,4882,4953,4882,4942,1.4726e+05
40949,4940,4958,4855,4905,1.4459e+05
40950,4911,4930,4911,4926,5817
40952,4929,4964,4901,4953,1.2867e+05
40953,4958,5037,4958,4987,1.4682e+05
40954,5002,5052,4998,5016,1.5358e+05
40955,5016,5076,5011,5061,1.1505e+05
40956,5055,5095,5043,5084,89279
40960,5209,5240,5181,5219,1.1619e+05
40961,5226,5274,5226,5243,1.1971e+05
40962,5241,5293,5227,5280,1.488e+05
40963,5292,5384,5292,5372,1.3036e+05
40964,5387,5410,5387,5406,11772
40966,5400,5407,5360,5386,1.3865e+05
40967,5389,5389,5310,5325,1.3525e+05
40968,5326,5326,5182,5227,1.5376e+05
40969,5239,5349,5239,5334,1.4039e+05
40970,5346,5400,5282,5294,1.6001e+05
40971,5300,5315,5300,5305,3854
40973,5321,5363,5283,5342,1.5034e+05
40974,5344,5373,5312,5325,1.5512e+05
40975,5340,5354,5282,5345,1.346e+05
40976,5352,5385,5328,5356,84930
40977,5360,5385,5311,5349,1.425e+05
40978,5354,5355,5345,5348,2622
40980,5345,5355,5287,5332,1.2716e+05
40981,5333,5358,5297,5341,1.2034e+05
40982,5337,5359,5306,5341,1.3691e+05
40983,5330,5349,5232,5294,2.1167e+05
40984,5310,5339,5284,5333,1.0698e+05
40985,5339,5381,5339,5378,9673
40987,5394,5418,5341,5408,1.0615e+05
40988,5445,5471,5384,5395,1.7496e+05
40989,5400,5467,5400,5443,1.5244e+05
40990,5445,5474,5401,5418,1.8572e+05
40991,5424,5635,5424,5499,1.7176e+05
40992,5493,5497,5480,5487,3890
40994,5487,5510,5463,5480,1.0689e+05
40995,5478,5495,5450,5473,1.2056e+05
40996,5467,5473,5376,5397,1.5352e+05
40997,5404,5427,5271,5293,1.7572e+05
40998,5294,5318,5262,5301,1.1152e+05
40999,5296,5296,5260,5274,6857
41001,5271,5353,5216,5335,1.4751e+05
41002,5328,5339,5291,5298,1.1513e+05
41003,5299,5310,5197,5234,1.57e+05
41004,5247,5295,5215,5281,93656
41006,5288,5293,5278,5290,2191
41008,5287,5287,5193,5238,1.1109e+05
41009,5238,5303,5222,5231,1.8002e+05
41010,5237,5318,5218,5312,1.5857e+05
41011,5304,5345,5278,5299,1.4583e+05
41012,5306,5325,5287,5314,1.178e+05
41015,5309,5331,5265,5318,1.6079e+05
41016,5311,5403,5302,5369,1.5647e+05
41017,5365,5402,5311,5324,1.4524e+05
41018,5320,5355,5295,5321,95047
41019,5394,5469,5383,5440,1.1753e+05
41020,5447,5447,5441,5444,1717
41022,5440,5451,5394,5443,1.0971e+05
41023,5448,5502,5445,5463,1.0944e+05
41024,5460,5512,5445,5504,1.6401e+05
41025,5505,5519,5474,5504,1.0958e+05
41026,5494,5512,5476,5507,91728
41027,5504,5517,5504,5516,3832
41029,5515,5531,5491,5514,93327
41030,5510,5608,5510,5600,80548
41031,5598,5623,5575,5596,1.1186e+05
41032,5599,5629,5516,5523,1.4641e+05
41033,5527,5534,5225,5249,2.9029e+05
41034,5260,5275,5257,5263,5514
41036,5256,5256,5125,5190,2.3004e+05
41037,5180,5197,5127,5175,1.9812e+05
41038,5175,5224,5155,5213,2.2944e+05
41039,5206,5209,5135,5182,1.5101e+05
41040,5170,5196,5136,5161,1.5491e+05
41041,5152,5152,5137,5146,6440
41043,5144,5145,5057,5111,1.9045e+05
41044,5106,5137,5072,5083,1.9528e+05
41051,5132,5170,5116,5133,1.4609e+05
41052,5130,5154,5066,5087,1.8899e+05
41053,5094,5111,5072,5092,1.7888e+05
41054,5088,5088,5047,5056,1.1545e+05
41055,5055,5056,5047,5054,2629
41057,5057,5099,5057,5071,78216
41058,5075,5132,5075,5097,1.919e+05
41059,5098,5098,4952,4962,2.2916e+05
41060,4961,4984,4874,4919,2.5683e+05
41061,4911,4920,4624,4631,3.2238e+05
41062,4624,4641,4611,4624,10485
41064,4607,4675,4522,4661,2.6184e+05
41065,4667,4727,4660,4688,1.9174e+05
41066,4698,4773,4698,4720,1.9801e+05
41067,4721,4764,4665,4694,2.4514e+05
41068,4681,4681,4568,4625,2.0224e+05
41069,4630,4683,4630,4675,9617
41071,4678,4773,4650,4659,2.3693e+05
41072,4651,4662,4571,4638,2.36e+05
41073,4636,4670,4584,4637,2.4382e+05
41074,4630,4678,4601,4663,2.0595e+05
41075,4663,4724,4643,4666,1.5812e+05
41080,4752,4785,4630,4645,3.1611e+05
41081,4630,4630,4502,4517,2.7854e+05
41082,4512,4615,4477,4602,2.6253e+05
41083,4610,4615,4599,4603,5056
41085,4595,4595,4488,4526,2.5155e+05
41086,4527,4570,4514,4531,2.1108e+05
41087,4538,4638,4530,4601,2.2948e+05
41088,4610,4618,4448,4460,2.6623e+05
41089,4467,4673,4467,4662,2.8359e+05
41090,4667,4712,4667,4695,14130
41092,4686,4702,4578,4636,2.7402e+05
41093,4630,4803,4605,4756,3.3756e+05
41094,4752,4785,4745,4775,1.0369e+05
41095,4777,4899,4777,4824,3.6232e+05
41096,4815,4815,4713,4747,2.7576e+05
41097,4740,4745,4721,4732,5728
41099,4745,4812,4730,4805,2.6167e+05
41100,4787,4787,4716,4753,2.6652e+05
41101,4744,4792,4692,4773,2.9585e+05
41102,4769,4795,4722,4780,2.3406e+05
41103,4780,4818,4767,4795,2.2669e+05
41104,4796,4805,4786,4791,3497
41106,4787,4828,4760,4820,2.127e+05
41107,4822,4925,4822,4914,2.7134e+05
41108,4901,4979,4891,4968,2.0868e+05
41109,4973,5150,4973,5126,1.9803e+05
41110,5125,5125,5042,5091,2.3162e+05
41111,5086,5098,5081,5093,5057
41113,5078,5078,4957,5025,3.4095e+05
41114,5019,5019,4940,4993,3.304e+05
41115,4989,5009,4896,4946,3.1881e+05
41116,4949,5033,4949,4996,3.125e+05
41117,5000,5016,4972,5004,2.3163e+05
41118,5000,5007,4994,4998,3640
41120,5005,5029,4971,4978,2.0611e+05
41121,4985,5025,4907,4921,2.578e+05
41122,4910,4994,4892,4981,2.6518e+05
41123,4981,5007,4905,4938,2.94e+05
41124,4935,5090,4916,5071,3.216e+05
41125,5070,5079,5066,5073,4221
41127,5062,5097,5040,5082,2.2064e+05
41128,5083,5183,5083,5173,2.3204e+05
41129,5165,5225,5131,5169,2.8283e+05
41130,5168,5193,5146,5174,2.0996e+05
41131,5175,5175,5091,5103,2.4753e+05
41132,5109,5150,5109,5139,11931
41134,5145,5205,5118,5165,2.8168e+05
41135,5160,5238,5152,5211,2.7747e+05
41137,5220,5306,5220,5296,2.2453e+05
41138,5289,5353,5283,5346,2.5202e+05
41139,5350,5380,5348,5377,14101
41141,5366,5366,5292,5324,1.2007e+05
41142,5341,5408,5341,5384,1.9888e+05
41143,5380,5402,5348,5368,2.4104e+05
41144,5366,5425,5307,5316,2.5728e+05
41145,5318,5377,5292,5346,2.5319e+05
41146,5346,5356,5337,5354,5652
41148,5363,5424,5274,5307,3.1029e+05
41149,5311,5375,5301,5362,2.7451e+05
41150,5358,5366,5293,5314,2.5597e+05
41151,5312,5323,5257,5276,2.2809e+05
41152,5278,5370,5278,5358,2.6383e+05
41153,5362,5386,5358,5379,8955
41155,5375,5405,5337,5390,1.0082e+05
41156,5392,5414,5305,5313,2.7535e+05
41157,5312,5345,5280,5327,2.4276e+05
41158,5330,5438,5322,5339,2.9255e+05
41159,5325,5334,5212,5306,3.2123e+05
41160,5310,5325,5308,5313,5524
41162,5315,5354,5290,5324,1.9666e+05
41163,5325,5372,5325,5356,1.6147e+05
41164,5358,5404,5330,5353,2.0228e+05
41165,5358,5445,5317,5374,2.5503e+05
41166,5380,5457,5313,5332,2.6621e+05
41167,5339,5339,5330,5334,4274
41169,5338,5354,5121,5274,1.742e+05
41170,5275,5275,5160,5181,2.4443e+05
41172,5016,5043,4966,5017,2.1981e+05
41173,5030,5054,4950,4961,2.1577e+05
41174,4964,4974,4964,4968,4575
41176,4960,4960,4891,4902,1.9175e+05
41177,4914,4979,4884,4895,2.311e+05
41178,4890,4895,4801,4822,2.5002e+05
41179,4831,4905,4820,4886,2.0579e+05
41180,4887,4905,4853,4895,1.8749e+05
41181,4889,4893,4882,4887,6100
41183,4884,4909,4841,4860,2.1806e+05
41185,4861,4861,4635,4645,3.3019e+05
41186,4632,4737,4603,4721,2.6995e+05
41187,4721,4765,4630,4662,2.9917e+05
41188,4671,4689,4671,4678,5800
41190,4685,4719,4625,4700,2.3568e+05
41191,4705,4903,4705,4890,3.3073e+05
41192,4898,4967,4866,4882,3.2283e+05
41193,4871,4892,4836,4855,2.409e+05
41194,4846,4895,4836,4851,2.0571e+05
41195,4861,4866,4855,4862,4833
41197,4855,4888,4785,4832,2.454e+05
41198,4848,4884,4837,4859,1.931e+05
41199,4862,4912,4845,4868,1.865e+05
41200,4877,4945,4856,4936,2.109e+05
41201,4939,4999,4820,4848,1.6135e+05
41202,4912,4921,4912,4914,4132
41204,4911,4912,4794,4809,2.1747e+05
41205,4793,4793,4651,4670,2.4048e+05
41206,4680,4712,4613,4649,1.8612e+05
41207,4650,4677,4610,4635,1.9484e+05
41208,4631,4677,4629,4658,1.5983e+05
41209,4660,4671,4660,4669,4378
41211,4661,4697,4622,4648,1.9579e+05
41212,4633,4683,4625,4663,1.6787e+05
41213,4666,4710,4653,4666,1.9893e+05
41214,4662,4712,4650,4697,2.0478e+05
41215,4694,4703,4611,4623,2.3968e+05
41216,4615,4615,4601,4609,7992
41218,4618,4688,4616,4665,1.831e+05
41219,4673,4810,4673,4794,2.4161e+05
41220,4804,4823,4617,4643,3.6021e+05
41221,4643,4669,4593,4626,2.5574e+05
41222,4639,4744,4619,4719,2.4143e+05
41223,4708,4718,4708,4712,4571
41225,4710,4759,4692,4720,2.1073e+05
41226,4710,4718,4673,4680,46967
41227,4694,4754,4667,4740,1.7825e+05
41228,4748,4772,4654,4666,1.5316e+05
41229,4736,4854,4736,4831,2.4345e+05
41230,4830,4849,4820,4846,6217
41232,4850,4941,4844,4934,2.0877e+05
41233,4930,4937,4780,4806,3.0174e+05
41234,4808,4869,4793,4823,2.6086e+05
41235,4831,4860,4827,4838,93272
41236,4836,4924,4836,4906,1.9839e+05
41237,4906,4910,4893,4906,3959
41239,4905,4932,4868,4903,2.1216e+05
41240,4912,4930,4846,4886,2.5344e+05
41241,4884,4884,4791,4819,2.0822e+05
41242,4824,4874,4797,4839,2.4012e+05
41243,4827,4849,4793,4838,1.9444e+05
41244,4847,4859,4845,4847,5000
41246,4854,4942,4854,4878,2.5216e+05
41247,4888,4898,4813,4856,2.6006e+05
41248,4856,4870,4794,4817,2.3114e+05
41249,4810,4810,4673,4687,2.9949e+05
41250,4685,4744,4681,4691,2.285e+05
41251,4692,4700,4685,4695,5227
41253,4702,4739,4692,4700,1.7953e+05
41254,4693,4699,4652,4671,1.8416e+05
41255,4677,4748,4662,4729,2.595e+05
41256,4721,4735,4694,4716,1.8673e+05
41257,4717,4739,4702,4725,1.7196e+05
41258,4730,4733,4723,4728,4026
41260,4730,4799,4730,4786,1.7898e+05
41261,4795,4835,4781,4826,1.2304e+05
41262,4881,4958,4856,4947,2.2111e+05
41263,4944,4989,4925,4977,1.933e+05
41264,4962,4962,4882,4913,2.0288e+05
41265,4920,4940,4920,4923,4315
41267,4917,4917,4877,4908,87236
41269,4914,5008,4904,4983,1.7385e+05
41270,4988,5040,4969,4992,1.9681e+05
41271,5003,5032,4975,4995,1.5063e+05
41272,4992,4998,4989,4996,3140
41274,4990,5023,4962,5015,1.31e+05
41275,5020,5035,5020,5031,21346
41276,5035,5096,5033,5049,1.944e+05
41277,5055,5090,5051,5080,1.5793e+05
41278,5070,5122,5054,5113,2.0495e+05
41279,5122,5126,5116,5123,4648
41281,5120,5156,5107,5149,1.4892e+05
41282,5152,5169,5115,5120,1.7612e+05
41283,5126,5142,5092,5106,1.7886e+05
41284,5111,5175,5111,5132,1.9827e+05
41285,5125,5138,5085,5120,1.823e+05
41286,5124,5149,5124,5136,6605
41288,5140,5164,5077,5101,1.9228e+05
41289,5105,5148,5105,5131,1.5156e+05
41290,5128,5162,5102,5150,1.6866e+05
41291,5143,5188,5112,5181,1.7233e+05
41292,5170,5170,5120,5151,1.3772e+05
41293,5164,5171,5162,5164,3645
41295,5161,5175,5144,5157,88737
41296,5152,5207,5145,5202,1.7106e+05
41297,5206,5212,5170,5179,1.3118e+05
41298,5171,5194,5132,5178,2.0631e+05
41299,5177,5205,5155,5194,1.1643e+05
41302,5190,5235,5175,5213,1.9866e+05
41303,5216,5248,5192,5228,2.1243e+05
41304,5226,5239,5192,5210,1.6845e+05
41305,5207,5227,5173,5202,1.49e+05
41306,5200,5215,5140,5182,2.1513e+05
41307,5185,5191,5185,5187,2532
41309,5185,5185,5127,5142,1.7226e+05
41310,5140,5161,5125,5144,1.5533e+05
41311,5140,5155,5070,5139,2.4039e+05
41312,5144,5185,5121,5133,2.4726e+05
41313,5137,5175,5125,5144,1.856e+05
41314,5148,5154,5147,5152,2878
41316,5147,5234,5129,5229,2.2773e+05
41317,5227,5271,5218,5248,1.6863e+05
41318,5255,5273,5230,5249,1.6417e+05
41319,5246,5268,5219,5255,1.4079e+05
41320,5254,5267,5176,5199,1.9142e+05
41321,5209,5217,5209,5211,4781
41323,5202,5211,5172,5185,93291
41324,5189,5219,5174,5210,89922
41325,5250,5289,5132,5164,2.8157e+05
41326,5161,5167,5085,5102,2.7263e+05
41327,5097,5097,5041,5069,1.7266e+05
41328,5072,5078,5070,5074,3650
41330,5065,5104,5026,5051,2.1311e+05
41331,5046,5065,5002,5028,2.2687e+05
41332,5019,5035,4986,5007,1.9714e+05
41333,5012,5092,5000,5076,1.947e+05
41334,5071,5071,4996,5010,2.1267e+05
41335,5009,5028,5009,5017,4550
41337,5010,5010,4943,4951,1.9036e+05
41338,4955,4990,4955,4977,1.3907e+05
41339,4986,5009,4925,4940,1.8147e+05
41340,4940,5003,4940,4980,1.7248e+05
41341,4977,4997,4955,4976,1.6813e+05
41342,4976,5003,4976,4991,7327
41344,4994,5014,4955,4978,1.5445e+05
41345,4981,5060,4981,5036,1.8728e+05
41346,5037,5077,5015,5041,2.0187e+05
41347,5042,5047,5011,5031,1.5487e+05
41348,5040,5067,5034,5061,1.2803e+05
41349,5061,5063,5057,5062,2367
41351,5057,5066,4973,5056,2.9214e+05
41352,5046,5105,4997,5010,1.2401e+05
41353,5089,5114,5065,5092,1.7274e+05
41354,5085,5098,5036,5053,1.6418e+05
41355,5057,5097,5054,5089,1.4336e+05
41356,5097,5123,5097,5118,9614
41358,5115,5198,5115,5157,2.2402e+05
41359,5158,5240,5157,5235,1.8057e+05
41360,5233,5268,5220,5261,1.1454e+05
41361,5267,5320,5253,5305,1.6012e+05
41363,5318,5517,5311,5400,67859
41365,5392,5392,5247,5285,1.879e+05
41366,5281,5311,5243,5304,1.7371e+05
41367,5296,5296,5193,5199,2.0897e+05
41368,5193,5223,5075,5094,2.9806e+05
41369,5103,5130,5056,5087,1.9411e+05
41370,5112,5194,5098,5107,11172
41372,5110,5125,5065,5096,1.6683e+05
41373,5100,5143,5075,5133,1.8697e+05
41374,5122,5147,5101,5140,1.771e+05
41375,5144,5149,5061,5085,1.7275e+05
41376,5077,5086,4941,4984,2.1726e+05
41377,4984,4984,4955,4975,4094
41379,4956,4956,4792,4844,2.2825e+05
41384,4769,4780,4767,4776,2466
41386,4785,4853,4775,4834,1.9253e+05
41387,4831,4859,4794,4847,2.0122e+05
41388,4859,4970,4854,4962,1.5964e+05
41389,4978,5073,4946,5059,1.9498e+05
41390,5059,5094,5026,5077,1.9155e+05
41391,5080,5080,5063,5071,3101
41393,5066,5134,5031,5124,1.6575e+05
41394,5121,5129,5007,5014,1.8893e+05
41395,5006,5006,4841,4872,1.7565e+05
41396,4887,5030,4870,5017,2.1046e+05
41397,5028,5168,5028,5156,1.9401e+05
41398,5141,5152,5135,5143,5078
41400,5166,5222,5141,5196,1.8908e+05
41401,5185,5208,5142,5168,1.7605e+05
41402,5177,5220,5155,5208,1.6403e+05
41403,5221,5240,5183,5227,1.3304e+05
41404,5237,5248,5136,5191,1.9079e+05
41405,5205,5285,5205,5252,13731
41407,5237,5246,5183,5237,1.7413e+05
41408,5228,5228,5175,5190,1.4998e+05
41409,5186,5186,5064,5160,2.4482e+05
41415,5345,5384,5329,5347,1.5474e+05
41416,5338,5357,5266,5297,2.1285e+05
41417,5290,5290,5167,5215,2.2957e+05
41418,5215,5274,5204,5268,1.7408e+05
41421,5251,5251,5207,5218,58794
41422,5226,5378,5223,5364,2.1052e+05
41423,5363,5363,5260,5269,2.4548e+05
41424,5269,5320,5193,5298,2.5725e+05
41425,5290,5325,5246,5273,1.7889e+05
41426,5266,5266,5213,5227,12953
41428,5227,5301,5190,5287,2.2062e+05
41429,5275,5335,5236,5300,2.3559e+05
41430,5308,5373,5280,5359,2.0818e+05
41431,5360,5432,5340,5404,1.8267e+05
41432,5401,5528,5382,5512,2.6427e+05
41433,5512,5534,5503,5513,11375
41435,5522,5588,5519,5576,1.8284e+05
41436,5590,5648,5505,5517,2.5418e+05
41437,5512,5578,5492,5560,2.4133e+05
41438,5551,5583,5528,5571,1.8376e+05
41439,5580,5648,5564,5643,1.927e+05
41440,5643,5702,5634,5663,13363
41442,5651,5715,5629,5678,1.8609e+05
41443,5695,5793,5695,5782,1.7904e+05
41444,5777,5817,5758,5780,1.2579e+05
41445,5812,5838,5727,5733,2.8348e+05
41446,5722,5722,5587,5614,2.7582e+05
41447,5616,5624,5601,5613,6507
41449,5608,5722,5570,5702,2.762e+05
41450,5701,5747,5666,5692,2.573e+05
41451,5682,5814,5653,5795,3.2378e+05
41452,5806,5867,5763,5845,2.1824e+05
41453,5840,5850,5777,5806,1.9283e+05
41454,5800,5800,5758,5763,12926
41456,5757,5848,5712,5828,1.2542e+05
41457,5825,5958,5816,5929,1.1928e+05
41458,5942,6173,5942,6111,1.7715e+05
41459,6100,6113,6060,6075,54184
41460,6076,6312,6076,6297,1.5791e+05
41461,6310,6440,6310,6368,16666
41463,6389,6389,6212,6250,1.3716e+05
41464,6244,6275,6156,6209,1.1539e+05
41465,6210,6407,6210,6391,1.2671e+05
41466,6393,6419,6256,6283,1.4424e+05
41467,6283,6350,6267,6339,1.0588e+05
41468,6350,6380,6350,6357,5317
41470,6358,6390,6272,6285,1.208e+05
41471,6289,6339,6226,6242,1.0192e+05
41472,6255,6313,6244,6295,1.0356e+05
41473,6305,6473,6305,6463,91226
41474,6473,6535,6427,6465,93983
41475,6415,6451,6415,6433,4466
41477,6425,6487,6356,6367,1.1284e+05
41478,6380,6407,6322,6393,1.196e+05
41479,6380,6398,6240,6267,1.3835e+05
41480,6261,6270,6174,6261,1.5608e+05
41481,6252,6252,6175,6211,1.1112e+05
41482,6206,6209,6191,6199,3610
41484,6202,6285,6186,6251,1.0001e+05
41485,6232,6338,6224,6285,1.1116e+05
41486,6299,6419,6296,6409,1.2984e+05
41487,6414,6566,6414,6557,1.1571e+05
41488,6575,6637,6501,6521,1.1127e+05
41489,6518,6563,6518,6523,2095
41491,6532,6560,6473,6543,88273
41492,6556,6623,6450,6459,1.1882e+05
41493,6462,6484,6396,6409,1.0425e+05
41494,6414,6438,6207,6232,1.1724e+05
41495,6240,6405,6240,6394,71347
41496,6400,6428,6400,6415,2932
41498,6430,6508,6412,6487,1.0619e+05
41499,6505,6567,6471,6551,99891
41500,6548,6548,6460,6533,95469
41502,6534,6726,6534,6698,87513
41503,6719,6776,6702,6754,8266
41505,6726,6730,6646,6679,63338
41506,6835,6835,6686,6709,1.0771e+05
41507,6691,6798,6635,6745,1.1137e+05
41508,6735,6818,6713,6729,94606
41509,6745,6927,6692,6881,1.2694e+05
41510,6876,6881,6830,6837,5142
41512,6860,6908,6830,6868,80236
41513,6882,7486,6882,7355,1.6024e+05
41514,7377,7784,7303,7347,1.7113e+05
41515,7342,7511,7317,7457,98092
41516,7351,7351,7152,7230,1.1378e+05
41517,7202,7260,7195,7246,2924
41519,7190,7225,7015,7196,63188
41520,7193,7519,7160,7507,1.0007e+05
41521,7456,7492,7104,7127,93939
41522,7116,7270,7079,7201,84344
41523,7230,7251,7093,7176,75823
41524,7175,7178,7148,7169,1567
41526,7160,7199,7035,7056,36837
41527,7030,7037,6778,6836,77711
41528,6868,6908,6796,6865,67881
41529,6845,6967,6821,6943,80949
41530,6967,6987,6804,6831,61856
41531,6855,6935,6855,6921,4533
41533,6885,6885,6673,6757,69355
41534,6733,6748,6631,6641,59427
41535,6625,6874,6625,6823,71928
41536,6775,6775,6597,6612,46176
41537,6601,6679,6565,6637,63831
41538,6637,6637,6637,6637,NaN
41540,6622,6644,6504,6535,62534
41541,6536,6568,6476,6501,66338
41542,6511,6555,6425,6432,70053
41543,6424,6452,6382,6402,55242
41544,6397,6582,6370,6533,79718
41545,6533,6533,6533,6533,NaN
41547,6477,6477,6373,6440,56585
41548,6420,6447,6357,6376,64406
41550,6377,6477,6377,6453,57621
41551,6428,6432,6341,6386,58367
41552,6386,6386,6386,6386,NaN
41554,6400,6420,6312,6376,67506
41555,6376,6467,6355,6454,61459
41556,6470,6470,6283,6303,72586
41557,6314,6367,6210,6337,86240
41558,6306,6313,6174,6207,79295
41559,6207,6207,6207,6207,NaN
41561,6219,6342,6206,6288,67817
41562,6292,6322,6246,6272,66351
41563,6269,6348,6224,6327,42867
41564,6296,6299,6120,6143,77156
41565,6148,6234,6146,6192,62679
41566,6192,6192,6192,6192,NaN
41568,6193,6215,6094,6108,44827
41569,6178,6184,6047,6059,72417
41570,6041,6068,5957,6017,77008
41571,6028,6038,5937,6000,75262
41572,6010,6053,6002,6045,61939
41573,6045,6045,6045,6045,NaN
41575,6032,6108,6022,6090,61488
41576,6092,6107,6042,6057,54071
41577,6051,6051,5941,5954,57952
41578,5941,6006,5930,5996,61022
41579,6004,6014,5925,5934,46837
41580,5934,5934,5934,5934,NaN
41582,5910,5927,5872,5895,25353
41583,5891,5891,5811,5820,45467
41584,5830,5975,5827,5969,72483
41585,5966,5994,5902,5940,78602
41586,5939,6028,5917,5993,77018
41587,5993,5993,5993,5993,NaN
41589,6017,6073,5993,6044,61231
41590,6043,6094,6022,6033,68563
41591,6020,6020,5916,5983,76239
41592,5960,5964,5868,5948,80994
41593,5941,5948,5893,5903,35878
41594,5903,5903,5903,5903,NaN
41596,5893,5893,5767,5773,62108
41597,5773,5809,5752,5797,44355
41598,5906,5946,5861,5915,73895
41599,5928,6063,5916,6056,71739
41600,6044,6058,5955,5992,72251
41601,5992,5992,5992,5992,NaN
41603,5974,5974,5849,5894,66913
41604,5905,5942,5876,5896,55707
41605,5890,5890,5771,5781,64168
41606,5773,5808,5772,5782,29529
41607,5772,5885,5761,5839,61856
41608,5839,5839,5839,5839,NaN
41610,5835,5873,5784,5852,70413
41611,5866,6025,5863,6014,83214
41612,6030,6105,5981,6042,90034
41613,6025,6055,6006,6034,61223
41614,6016,6068,5972,5981,66389
41615,5981,5981,5981,5981,NaN
41617,5983,5995,5933,5953,41124
41618,5957,6049,5957,6011,68817
41619,6019,6059,6002,6014,60036
41620,6007,6108,5993,6079,58439
41621,6074,6074,5987,6034,58110
41622,6034,6034,6034,6034,NaN
41624,6054,6086,6025,6080,6664
41625,6085,6108,6040,6050,10556
41626,6065,6137,6059,6114,34920
41627,6122,6247,6122,6239,60599
41628,6215,6218,6154,6192,55504
41629,6192,6192,6192,6192,NaN
41631,6175,6189,6135,6153,39521
41632,6147,6174,6130,6160,30537
41634,6174,6203,6174,6199,33814
41635,6193,6272,6184,6261,46647
41636,6261,6261,6261,6261,NaN
41638,6248,6258,6152,6158,48689
41639,6164,6173,6095,6122,39326
41640,6124,6170,6123,6135,8102
41641,6144,6170,6001,6016,69780
41642,5994,5999,5882,5897,66212
41643,5897,5897,5897,5897,NaN
41645,5890,5918,5841,5846,55506
41646,5857,5879,5831,5856,52931
41647,5857,5874,5778,5787,60264
41648,5775,5784,5700,5705,54620
41649,5716,5770,5669,5704,75852
41650,5704,5704,5704,5704,NaN
41652,5700,5700,5640,5656,58403
41653,5642,5714,5642,5701,40183
41654,5710,5829,5688,5823,67602
41660,5806,5948,5796,5922,67188
41661,5940,6023,5923,6014,60499
41662,6020,6108,6004,6101,70396
41663,6091,6135,6059,6106,80180
41664,6106,6106,6106,6106,NaN
41666,6105,6170,6072,6088,68959
41667,6077,6154,6043,6133,63946
41668,6120,6149,6058,6130,72260
41669,6140,6199,6133,6156,59234
41670,6141,6187,6106,6169,65419
41671,6169,6169,6169,6169,NaN
41673,6151,6151,6058,6083,72769
41674,6075,6114,6048,6075,49416
41675,6080,6154,6068,6093,64960
41676,6094,6182,6066,6075,62027
41677,6092,6172,6050,6161,59404
41678,6161,6161,6161,6161,NaN
41680,6180,6272,6180,6248,63359
41681,6245,6262,6208,6215,53475
41682,6232,6280,6205,6220,60660
41683,6201,6258,6193,6253,49720
41684,6244,6244,6156,6198,51999
41685,6198,6198,6198,6198,NaN
41687,6210,6257,6210,6231,32901
41688,6230,6338,6230,6331,48158
41690,6420,6437,6391,6414,45690
41691,6393,6411,6328,6359,41801
41692,6359,6359,6359,6359,NaN
41694,6371,6421,6345,6400,52931
41695,6388,6388,6275,6304,53339
41696,6317,6408,6298,6397,61163
41697,6386,6419,6331,6348,42732
41698,6339,6382,6309,6371,50596
41699,6371,6371,6371,6371,NaN
41701,6387,6549,6387,6508,74457
41702,6522,6529,6384,6395,74652
41703,6411,6419,6267,6274,67104
41704,6263,6263,6110,6118,76864
41705,6131,6312,6131,6305,68670
41706,6305,6305,6305,6305,NaN
41708,6307,6330,6156,6178,62522
41709,6155,6219,6105,6134,65073
41710,6120,6120,5965,5983,81400
41711,6000,6038,5971,6021,64698
41712,6025,6085,6010,6051,63403
41713,6051,6051,6051,6051,NaN
41715,6042,6045,5956,5977,27802
41716,5970,6085,5965,6077,58800
41717,6055,6135,6055,6109,45159
41718,6080,6131,6040,6085,71043
41719,6068,6135,6034,6121,64096
41720,6121,6121,6121,6121,NaN
41722,6111,6124,6043,6084,60394
41723,6077,6094,5994,6024,75775
41724,6020,6052,5996,6040,64444
41725,6043,6148,6043,6139,55405
41726,6122,6135,6086,6115,52264
41727,6115,6115,6115,6115,NaN
41729,6106,6139,6076,6119,49102
41730,6104,6109,5979,5990,58019
41731,5977,5989,5933,5964,64737
41732,5970,6065,5970,6058,59118
41733,6069,6114,6055,6080,49876
41736,6062,6126,6040,6048,60323
41737,6060,6172,6060,6162,44084
41738,6157,6242,6143,6235,62018
41739,6235,6257,6210,6246,51704
41740,6231,6311,6215,6292,48007
41743,6294,6294,6250,6282,26493
41744,6270,6291,6213,6277,49456
41745,6271,6339,6218,6250,67275
41746,6252,6318,6246,6287,61779
41750,6280,6320,6265,6285,32649
41751,6310,6318,6205,6225,59190
41752,6203,6266,6203,6255,59087
41754,6266,6266,6125,6131,65192
41757,6144,6177,6115,6135,54818
41758,6138,6184,6095,6104,59158
41759,6100,6100,6004,6015,56336
41760,6001,6025,5962,5999,32133
41761,5993,6049,5986,6010,55444
41764,5991,6055,5965,5973,59466
41765,5988,6035,5977,6006,64329
41766,6010,6060,6000,6033,74561
41767,6050,6059,5992,6008,56654
41768,6015,6069,5988,5993,67246
41771,5985,6020,5962,5993,51923
41772,6008,6060,6004,6030,58435
41773,6039,6109,6039,6094,37478
41774,6085,6085,6021,6037,50770
41775,6026,6026,5956,5984,41533
41778,5982,6022,5963,6009,34840
41779,6015,6045,5986,6015,53401
41780,6031,6139,6031,6131,63099
41781,6130,6130,6075,6083,44950
41782,6087,6125,6076,6120,42850
41785,6117,6198,6090,6177,39100
41786,6168,6186,6105,6147,67602
41787,6155,6179,6101,6112,50069
41788,6100,6139,6055,6128,56031
41789,6107,6115,6077,6106,41743
41792,6115,6133,6059,6064,43828
41793,6078,6112,6075,6093,44010
41794,6105,6159,6095,6101,58182
41795,6094,6094,6013,6061,60190
41796,6068,6086,6039,6057,39548
41799,6062,6189,6062,6181,47792
41800,6191,6227,6163,6170,46579
41801,6179,6224,6179,6194,44216
41802,6209,6309,6202,6290,71534
41803,6300,6414,6300,6399,63458
41806,6420,6473,6412,6421,51006
41807,6434,6466,6369,6414,64837
41808,6418,6472,6370,6378,71287
41809,6384,6410,6318,6381,43653
41810,6424,6467,6395,6460,48783
41813,6470,6499,6391,6405,58685
41814,6387,6435,6370,6400,51118
41815,6427,6472,6373,6428,68930
41816,6438,6450,6348,6385,59129
41817,6385,6410,6350,6364,48734
41820,6355,6375,6314,6337,49316
41821,6356,6395,6289,6301,55970
41822,6309,6350,6232,6238,74002
41823,6225,6244,6191,6210,51360
41824,6214,6234,6205,6222,25030
41827,6235,6254,6196,6215,44406
41828,6215,6237,6182,6189,49436
41829,6199,6212,6108,6116,54193
41830,6109,6189,6076,6180,56255
41831,6190,6203,6056,6070,50541
41834,6054,6073,6026,6047,49424
41835,6074,6088,5968,5997,62747
41842,6196,6254,6175,6181,53315
41843,6170,6215,6148,6199,58894
41844,6210,6225,6152,6158,52741
41845,6160,6175,6086,6150,62476
41848,6125,6149,6083,6139,55770
41849,6120,6120,6066,6083,44000
41850,6085,6145,6061,6074,72726
41851,6060,6084,5995,6006,70657
41852,5995,6004,5938,5974,74194
41855,5987,6023,5966,6014,61586
41856,6009,6017,5942,5948,62033
41857,5962,6037,5950,5957,85020
41858,5964,6007,5934,5987,70499
41859,5995,6065,5960,5975,67911
41862,5977,6034,5974,6011,62771
41863,6005,6005,5945,5981,57502
41864,5965,5976,5918,5950,58367
41865,5943,5954,5824,5829,62439
41870,5758,5777,5668,5675,34183
41871,5687,5720,5660,5699,59983
41872,5690,5753,5662,5745,62250
41873,5741,5741,5652,5679,62893
41876,5690,5724,5666,5683,55297
41877,5692,5729,5680,5698,59426
41878,5708,5724,5668,5675,53387
41879,5686,5767,5678,5761,72347
41880,5770,5838,5760,5831,34733
41883,5821,5828,5802,5821,28755
41884,5825,5834,5651,5665,77201
41885,5671,5779,5657,5767,73068
41886,5761,5777,5694,5745,73483
41887,5731,5762,5615,5642,78423
41890,5640,5656,5550,5589,72732
41891,5598,5708,5598,5672,83942
41892,5661,5686,5573,5589,77807
41893,5588,5640,5526,5633,88422
41894,5640,5707,5630,5672,87965
41897,5665,5675,5566,5667,1.0394e+05
41898,5674,5805,5651,5795,86343
41899,5791,5797,5714,5732,93227
41900,5733,5780,5657,5672,79922
41901,5656,5669,5586,5609,55419
41904,5600,5626,5552,5577,72788
41905,5584,5653,5571,5639,86733
41906,5626,5642,5586,5630,89267
41907,5640,5772,5640,5714,1.0236e+05
41908,5715,5783,5672,5775,86895
41911,5764,5860,5728,5850,80820
41912,5856,5885,5651,5673,1.1172e+05
41913,5680,5755,5652,5686,86761
41915,5657,5657,5543,5560,59730
41918,5564,5578,5477,5556,57720
41919,5548,5573,5472,5485,83015
41920,5470,5470,5351,5382,1.0708e+05
41921,5370,5375,5241,5264,1.0584e+05
41922,5236,5298,5132,5284,1.3247e+05
41925,5278,5278,5151,5219,1.1284e+05
41926,5196,5240,5102,5122,1.2163e+05
41928,5101,5226,4944,5109,1.8052e+05
41929,5128,5199,5043,5095,1.1684e+05
41932,5093,5115,4996,5079,70628
41933,5057,5118,5016,5025,99322
41934,5040,5114,4993,5002,1.1052e+05
41935,4994,5039,4967,5026,27127
41936,5002,5011,4945,4968,54207
41939,4975,5000,4898,4979,1.0125e+05
41940,4975,5028,4956,4985,1.0031e+05
41941,4990,5095,4990,5083,97576
41942,5080,5080,4980,5017,82271
41943,4992,5004,4907,4931,88113
41946,4941,4989,4905,4963,92102
41947,4951,4951,4691,4721,89230
41948,4731,4891,4705,4833,1.3694e+05
41949,4820,4840,4752,4814,60948
41950,4791,4885,4774,4861,90654
41953,4864,4920,4765,4783,1.0484e+05
41954,4761,4789,4716,4773,94094
41955,4770,4802,4734,4756,89657
41956,4742,4756,4627,4641,1.1379e+05
41957,4625,4672,4524,4662,1.1424e+05
41960,4660,4671,4616,4656,79196
41961,4666,4723,4587,4607,1.0302e+05
41962,4592,4650,4569,4637,62783
41963,4662,4704,4628,4680,90079
41964,4694,4818,4687,4697,1.1911e+05
41967,4725,4787,4718,4752,93976
41968,4739,4758,4622,4641,1.2098e+05
41969,4625,4628,4554,4579,1.0844e+05
41970,4566,4566,4262,4291,1.8995e+05
41971,4250,4349,4192,4210,1.6718e+05
41974,4185,4287,3982,4271,1.8561e+05
41975,4250,4318,4154,4207,1.3054e+05
41976,4214,4235,4158,4187,1.2506e+05
41977,4200,4237,4103,4136,1.1917e+05
41978,4131,4160,4057,4120,1.0968e+05
41981,4115,4115,3913,3933,1.2424e+05
41982,3920,3987,3874,3943,1.5411e+05
41983,3915,3934,3772,3814,1.5342e+05
41984,3806,3858,3762,3816,1.5127e+05
41985,3800,3800,3601,3638,1.6979e+05
41988,3634,3699,3562,3598,1.7026e+05
41989,3571,3670,3436,3573,2.3421e+05
41990,3552,3715,3457,3672,2.0456e+05
41991,3655,3718,3483,3531,1.322e+05
41995,3650,3730,3526,3534,1.7405e+05
41996,3559,3633,3522,3609,1.5968e+05
41997,3612,3647,3525,3550,1.3256e+05
41999,3590,3624,3537,3547,1.12e+05
42002,3555,3568,3396,3414,1.2171e+05
42003,3428,3464,3371,3423,1.4165e+05
42004,3411,3421,3344,3369,1.2035e+05
42005,3398,3410,3383,3400,14360
42006,3419,3438,3323,3391,1.6907e+05
42009,3380,3380,3190,3215,1.8609e+05
42010,3197,3207,3047,3069,2.1495e+05
42011,3053,3137,2986,3077,2.5586e+05
42012,3102,3119,3035,3055,1.5495e+05
42013,3075,3093,2945,2983,1.5723e+05
42016,2971,2973,2864,2890,1.4049e+05
42017,2866,2870,2757,2826,2.0254e+05
42018,2811,2907,2804,2863,1.6848e+05
42019,2892,3120,2892,2939,2.1786e+05
42020,2912,2995,2870,2971,1.1518e+05
42023,3037,3063,2973,2983,1.0207e+05
42024,2988,3007,2911,2941,1.4877e+05
42025,2924,2989,2896,2948,1.4708e+05
42026,2947,3048,2851,2891,2.0613e+05
42027,2887,2937,2822,2837,1.6872e+05
42031,2820,2868,2778,2842,1.4998e+05
42032,2830,2830,2762,2772,1.4042e+05
42033,2759,2798,2720,2754,1.4336e+05
42034,2771,2867,2766,2855,1.5719e+05
42037,2870,3100,2870,3053,2.61e+05
42038,3080,3236,3068,3226,2.2383e+05
42039,3236,3257,3051,3064,2.3949e+05
42040,3045,3223,2945,3187,3.0241e+05
42041,3170,3303,3161,3260,2.3014e+05
42044,3234,3340,3221,3308,1.7568e+05
42045,3284,3284,3114,3167,1.5799e+05
42046,3155,3160,3001,3075,2.0775e+05
42047,3078,3198,3078,3170,2.1562e+05
42048,3175,3330,3175,3294,1.7071e+05
42051,3275,3317,3245,3287,1.0163e+05
42052,3297,3320,3164,3247,1.1966e+05
42053,3276,3327,3229,3245,1.612e+05
42054,3214,3219,3061,3186,1.2939e+05
42055,3270,3295,3200,3215,1.6302e+05
42058,3196,3270,3055,3096,1.7778e+05
42059,3103,3153,3058,3122,1.6595e+05
42060,3100,3135,3030,3117,1.6758e+05
42061,3142,3175,3047,3055,1.6603e+05
42062,3046,3082,3016,3034,1.5656e+05
42063,3035,3070,3035,3064,10124
42065,3069,3177,3040,3149,1.7003e+05
42066,3134,3155,3083,3138,1.6033e+05
42067,3148,3200,3112,3163,1.7582e+05
42068,3189,3279,3185,3212,1.7108e+05
42069,3209,3209,3121,3138,99020
42072,3120,3197,3103,3163,1.6207e+05
42073,3166,3166,3052,3061,1.5959e+05
42074,3069,3094,2990,3000,1.582e+05
42075,3021,3059,2956,2982,1.5479e+05
42076,2964,2978,2846,2866,1.7082e+05
42079,2852,2852,2704,2741,1.8085e+05
42080,2754,2782,2683,2759,1.7582e+05
42081,2752,2752,2643,2666,1.531e+05
42082,2673,2754,2668,2706,1.5216e+05
42083,2885,2986,2832,2948,1.887e+05
42086,2930,2965,2859,2930,1.6723e+05
42087,2929,3047,2929,2995,2.1409e+05
42088,2982,3111,2961,3094,2.1913e+05
42089,3114,3368,3114,3253,2.43e+05
42090,3214,3222,3127,3152,1.686e+05
42093,3125,3125,2999,3017,1.7463e+05
42094,3025,3055,2977,3025,1.8102e+05
42095,3007,3150,2952,3118,2.083e+05
42096,3102,3117,3007,3037,1.4539e+05
42100,3075,3263,3075,3254,1.7656e+05
42101,3240,3365,3203,3325,1.7889e+05
42102,3303,3321,3166,3182,1.7835e+05
42103,3195,3250,3162,3215,1.7637e+05
42104,3183,3240,3132,3220,1.7967e+05
42107,3222,3319,3222,3273,1.8912e+05
42108,3276,3354,3261,3342,1.1669e+05
42109,3354,3505,3342,3496,2.0005e+05
42110,3512,3580,3435,3559,1.9219e+05
42111,3536,3554,3481,3494,1.6047e+05
42114,3529,3577,3426,3531,1.1346e+05
42115,3651,3677,3580,3593,1.5298e+05
42116,3580,3621,3520,3568,1.8263e+05
42117,3561,3710,3545,3688,1.8749e+05
42118,3670,3698,3614,3650,1.615e+05
42121,3642,3693,3601,3611,1.4116e+05
42122,3607,3668,3573,3626,1.4478e+05
42123,3607,3771,3590,3755,1.6566e+05
42124,3745,3805,3730,3790,1.6047e+05
42125,3780,3807,3731,3754,77165
42128,3795,3813,3731,3752,1.1136e+05
42129,3746,3886,3738,3857,1.4705e+05
42130,3882,3989,3870,3882,1.9433e+05
42131,3874,3946,3777,3790,1.8411e+05
42132,3766,3830,3723,3796,2.0245e+05
42135,3805,3827,3763,3788,1.6327e+05
42136,3806,3935,3801,3887,2.0938e+05
42137,3900,3965,3876,3909,2.4258e+05
42138,3895,3895,3767,3776,1.4648e+05
42139,3796,3807,3717,3779,1.1887e+05
42142,3805,3868,3766,3772,86611
42144,3757,3795,3725,3775,2.0867e+05
42145,3786,3891,3782,3861,1.3171e+05
42146,3862,3883,3793,3813,1.0301e+05
42149,3823,3848,3772,3830,90272
42150,3826,3841,3710,3725,1.6703e+05
42151,3746,3790,3697,3713,1.667e+05
42152,3708,3721,3625,3668,1.5372e+05
42153,3670,3878,3670,3869,1.7497e+05
42156,3847,3867,3788,3830,1.2583e+05
42157,3832,3935,3832,3918,1.4377e+05
42158,3899,3933,3815,3825,1.6286e+05
42159,3832,3850,3712,3720,1.5206e+05
42160,3724,3759,3656,3742,1.7006e+05
42163,3762,3798,3718,3731,1.3417e+05
42164,3745,3865,3732,3854,1.4638e+05
42165,3870,3955,3870,3887,1.6314e+05
42166,3892,3937,3856,3895,1.2591e+05
42167,3874,3879,3835,3858,1.0967e+05
42170,3852,3852,3770,3818,1.1375e+05
42171,3825,3874,3822,3849,1.0527e+05
42172,3857,3940,3780,3795,1.564e+05
42173,3795,3880,3783,3846,1.3774e+05
42174,3847,3863,3758,3789,80334
42177,3815,3869,3783,3807,1.1851e+05
42178,3818,3920,3809,3910,1.7561e+05
42179,3906,3934,3820,3830,1.5729e+05
42180,3844,3856,3792,3810,1.0817e+05
42181,3808,3828,3755,3815,1.2134e+05
42184,3792,3797,3723,3735,1.2902e+05
42185,3727,3787,3714,3776,1.1588e+05
42186,3762,3762,3635,3649,1.4612e+05
42187,3636,3684,3621,3641,1.2194e+05
42188,3632,3632,3510,3520,92078
42191,3505,3517,3374,3384,1.8142e+05
42192,3370,3397,3226,3306,2.3653e+05
42193,3296,3377,3245,3276,2.1565e+05
42194,3309,3398,3309,3361,1.6471e+05
42195,3380,3418,3302,3331,1.7435e+05
42198,3316,3379,3260,3350,1.929e+05
42199,3340,3385,3235,3347,1.9827e+05
42200,3376,3389,3272,3288,1.7086e+05
42201,3298,3314,3241,3255,1.5036e+05
42202,3250,3250,3187,3208,1.3825e+05
42205,3218,3255,3172,3181,98200
42206,3224,3285,3206,3235,1.3342e+05
42207,3230,3238,3183,3197,1.5224e+05
42208,3186,3186,3098,3111,1.3153e+05
42209,3130,3158,3080,3098,1.3173e+05
42212,3087,3102,3052,3079,1.2701e+05
42213,3071,3113,3008,3083,1.7352e+05
42214,3071,3177,3045,3148,1.9508e+05
42215,3144,3174,3122,3132,1.5037e+05
42216,3121,3121,3030,3038,1.653e+05
42219,3035,3035,2907,2918,1.7034e+05
42220,2925,2959,2918,2935,1.3604e+05
42221,2948,2989,2873,2888,2.1031e+05
42222,2885,2895,2826,2847,1.5211e+05
42223,2857,2887,2815,2824,1.5631e+05
42226,2815,2885,2786,2860,1.8761e+05
42227,2874,2913,2767,2780,1.9044e+05
42228,2787,2850,2781,2821,2.2862e+05
42229,2816,2845,2746,2758,1.5309e+05
42230,2742,2797,2732,2780,1.4377e+05
42233,2765,2796,2728,2779,1.4752e+05
42234,2765,2785,2715,2779,1.4204e+05
42236,2700,2762,2679,2754,1.815e+05
42237,2735,2757,2670,2684,1.9701e+05
42240,2672,2672,2577,2639,2.5354e+05
42241,2628,2662,2600,2607,2.2206e+05
42242,2619,2662,2582,2610,2.2233e+05
42243,2626,2817,2624,2789,2.5268e+05
42244,2810,3046,2785,3005,3.3776e+05
42247,2993,3260,2917,3230,3.1621e+05
42248,3220,3257,3032,3058,3.298e+05
42249,3025,3083,2880,3034,3.3833e+05
42250,3048,3213,3042,3086,2.679e+05
42251,3097,3148,3061,3110,2.2374e+05
42254,3093,3093,2931,2948,1.3829e+05
42255,2954,3095,2949,3049,2.5035e+05
42256,3071,3084,2976,2989,1.8626e+05
42257,2975,3065,2921,3041,2.2987e+05
42258,3041,3047,2945,3000,1.7487e+05
42261,2985,2985,2901,2923,1.4524e+05
42262,2934,2994,2927,2955,1.3455e+05
42263,2960,3132,2960,3096,1.9193e+05
42264,3084,3159,3078,3097,1.194e+05
42265,3084,3098,2953,2969,1.7218e+05
42268,2971,3053,2962,3043,1.1349e+05
42269,3069,3077,3013,3031,1.504e+05
42270,3055,3134,2970,2983,2.1943e+05
42271,2991,3016,2921,2984,1.8485e+05
42272,2995,3084,2995,3031,1.1936e+05
42275,3030,3030,2956,2968,1.5033e+05
42276,2968,3033,2953,3026,1.3958e+05
42277,3005,3023,2950,2979,1.8418e+05
42278,2990,3098,2959,2971,2.2362e+05
42282,2998,3067,2994,3030,1.5514e+05
42283,3032,3179,3005,3137,2.0061e+05
42284,3167,3251,3119,3162,2.3044e+05
42285,3150,3233,3122,3217,1.926e+05
42286,3230,3303,3193,3205,1.8652e+05
42289,3205,3258,3067,3075,2.1448e+05
42290,3086,3159,3042,3089,2.0514e+05
42291,3061,3066,2976,3034,1.8942e+05
42292,3030,3030,2936,2986,1.8691e+05
42293,3008,3075,2994,3055,1.5758e+05
42296,3056,3058,2980,2992,1.0369e+05
42297,3043,3072,3001,3009,1.4157e+05
42298,3013,3023,2954,2972,1.6813e+05
42299,2983,3021,2943,2951,1.01e+05
42300,2956,2990,2895,2927,1.6883e+05
42303,2930,2940,2870,2877,1.2196e+05
42304,2873,2873,2792,2818,1.4497e+05
42305,2836,3008,2823,2998,2.365e+05
42306,3001,3070,2966,3028,2.137e+05
42307,3013,3076,2983,3068,1.823e+05
42310,3052,3080,3007,3033,1.6535e+05
42311,3032,3170,3027,3158,1.8803e+05
42312,3145,3173,3041,3049,2.1551e+05
42313,3065,3075,3015,3039,1.4164e+05
42314,3010,3019,2940,2950,1.5539e+05
42317,2973,3007,2912,2930,1.4593e+05
42318,2939,2974,2897,2941,1.4758e+05
42319,2932,2932,2880,2893,28713
42320,2890,2890,2764,2771,1.3874e+05
42321,2759,2800,2677,2689,1.5728e+05
42324,2710,2769,2655,2735,2.0465e+05
42325,2753,2779,2686,2703,2.0713e+05
42326,2716,2755,2649,2673,1.9794e+05
42327,2693,2712,2636,2664,1.1828e+05
42328,2788,2847,2758,2833,1.5974e+05
42331,2803,2857,2707,2828,2.6714e+05
42332,2816,2902,2798,2876,2.1502e+05
42333,2870,2871,2792,2860,1.453e+05
42334,2870,2894,2840,2851,1.3753e+05
42335,2854,2859,2816,2821,1.4506e+05
42338,2815,2852,2788,2798,1.7842e+05
42339,2808,2822,2760,2773,2.1722e+05
42340,2778,2795,2687,2700,2.287e+05
42341,2700,2805,2695,2791,2.2951e+05
42342,2780,2819,2661,2684,2.6183e+05
42345,2652,2660,2523,2529,2.0162e+05
42346,2535,2589,2462,2528,2.7373e+05
42347,2559,2616,2478,2496,2.8374e+05
42348,2511,2516,2448,2467,1.9437e+05
42349,2463,2468,2386,2403,2.0416e+05
42352,2388,2466,2327,2453,2.5734e+05
42353,2436,2537,2421,2519,2.6206e+05
42354,2490,2495,2368,2385,2.3208e+05
42355,2369,2376,2303,2315,1.8531e+05
42356,2308,2362,2276,2292,1.466e+05
42360,2398,2438,2386,2427,1.7586e+05
42361,2428,2514,2426,2491,2.0753e+05
42362,2497,2540,2484,2528,1.0466e+05
42366,2520,2520,2442,2447,1.4473e+05
42367,2452,2525,2452,2514,1.3143e+05
42368,2500,2500,2431,2442,1.4058e+05
42369,2448,2513,2411,2493,1.3417e+05
42370,2475,2497,2465,2480,24883
42373,2494,2566,2433,2465,2.903e+05
42374,2467,2476,2397,2407,2.1223e+05
42375,2419,2422,2267,2291,2.6823e+05
42376,2275,2291,2156,2254,3.5068e+05
42377,2262,2285,2196,2244,2.6026e+05
42380,2215,2226,2047,2089,2.604e+05
42381,2077,2161,2023,2030,3.2649e+05
42382,2039,2123,2018,2051,3.0649e+05
42383,2054,2145,2054,2113,2.4626e+05
42384,2110,2110,1987,1996,2.3611e+05
42387,1983,2020,1940,1962,2.1852e+05
42388,1983,2040,1932,1950,2.0338e+05
42389,2045,2045,1902,1919,3.0318e+05
42390,1934,2069,1913,2055,3.6679e+05
42391,2040,2168,2029,2158,2.9799e+05
42394,2170,2227,2075,2100,3.2429e+05
42396,2080,2247,2067,2202,3.9804e+05
42397,2190,2341,2176,2287,3.671e+05
42398,2299,2345,2231,2286,2.8132e+05
42401,2276,2276,2149,2153,2.8788e+05
42402,2109,2135,2042,2069,2.8139e+05
42403,2061,2180,2032,2170,3.8931e+05
42404,2187,2278,2153,2181,3.4554e+05
42405,2163,2200,2108,2157,3.1667e+05
42408,2139,2139,2028,2048,3.0035e+05
42409,2057,2090,1926,1939,2.8997e+05
42410,1943,1989,1871,1899,3.4301e+05
42411,1895,1895,1805,1844,3.1434e+05
42412,1858,2012,1851,2006,3.5347e+05
42415,2001,2057,1983,2037,1.9103e+05
42416,2064,2154,1972,1992,3.7022e+05
42417,2000,2131,1977,2114,3.1535e+05
42418,2135,2190,2095,2125,2.9122e+05
42422,2220,2335,2220,2329,2.234e+05
42423,2303,2316,2192,2200,2.7473e+05
42424,2190,2234,2116,2220,2.949e+05
42425,2211,2238,2158,2202,2.7681e+05
42426,2220,2396,2220,2316,3.1971e+05
42429,2298,2332,2230,2321,2.3409e+05
42430,2327,2366,2280,2343,2.7931e+05
42431,2321,2382,2280,2341,2.992e+05
42432,2353,2383,2313,2337,2.0569e+05
42433,2340,2417,2320,2405,2.3894e+05
42436,2429,2554,2429,2547,1.8196e+05
42437,2528,2595,2466,2475,2.3716e+05
42438,2480,2570,2468,2546,2.3688e+05
42439,2574,2583,2508,2553,2.3472e+05
42440,2589,2619,2563,2595,1.8454e+05
42443,2583,2583,2471,2500,1.8479e+05
42444,2483,2489,2430,2457,1.7852e+05
42445,2471,2563,2471,2548,1.8849e+05
42446,2575,2666,2575,2654,2.097e+05
42447,2679,2745,2634,2648,1.6144e+05
42451,2772,2805,2735,2770,1.9929e+05
42452,2754,2768,2695,2699,1.7658e+05
42453,2686,2686,2589,2658,1.2731e+05
42457,2675,2692,2613,2633,1.6438e+05
42458,2619,2628,2546,2562,1.7585e+05
42459,2580,2645,2545,2549,2.4164e+05
42460,2545,2592,2505,2572,2.119e+05
42461,2560,2560,2453,2463,2.233e+05
42464,2457,2470,2390,2400,1.9641e+05
42465,2380,2395,2355,2380,1.8924e+05
42466,2383,2522,2383,2515,2.448e+05
42467,2539,2547,2460,2478,1.9652e+05
42468,2489,2656,2489,2625,2.263e+05
42471,2651,2707,2612,2666,2.2415e+05
42472,2673,2792,2667,2782,2.2528e+05
42473,2776,2820,2744,2793,2.3582e+05
42474,2798,2805,2768,2789,1.0714e+05
42475,2750,2750,2664,2698,1.2466e+05
42478,2675,2682,2544,2655,2.3458e+05
42480,2804,2926,2755,2919,2.5603e+05
42481,2940,2965,2878,2903,2.0406e+05
42482,2921,2973,2883,2936,2.0127e+05
42485,2902,2946,2868,2878,2.1042e+05
42486,2877,2948,2853,2937,1.8059e+05
42487,2950,3014,2926,2985,2.1901e+05
42488,3000,3072,2996,3064,1.6499e+05
42489,3070,3115,3023,3035,1.9442e+05
42492,3035,3073,2969,2987,1.8562e+05
42493,2999,3012,2894,2912,2.0937e+05
42494,2915,2994,2894,2901,2.4693e+05
42495,2925,3064,2925,2949,2.6335e+05
42496,2930,3019,2910,2977,2.4848e+05
42499,3000,3046,2902,2911,2.2955e+05
42500,2920,2974,2884,2968,2.3688e+05
42501,2965,3086,2939,3080,2.7347e+05
42502,3071,3137,3047,3096,2.2002e+05
42503,3084,3110,3063,3097,1.7796e+05
42506,3120,3194,3120,3179,1.4993e+05
42507,3195,3234,3180,3208,1.6782e+05
42508,3215,3277,3215,3268,1.9634e+05
42509,3245,3245,3143,3219,1.4456e+05
42510,3291,3333,3250,3281,1.7349e+05
42513,3261,3270,3218,3251,1.6687e+05
42514,3248,3319,3239,3309,1.761e+05
42515,3321,3349,3287,3328,1.7188e+05
42516,3335,3377,3307,3327,1.607e+05
42517,3310,3320,3273,3310,1.4964e+05
42520,3329,3442,3310,3386,83536
42521,3358,3371,3317,3333,1.226e+05
42522,3304,3320,3233,3308,1.7377e+05
42523,3307,3331,3242,3314,2.0861e+05
42524,3312,3325,3242,3253,1.8081e+05
42527,3280,3341,3280,3305,1.4212e+05
42528,3312,3364,3312,3345,1.3023e+05
42529,3362,3418,3360,3396,1.7824e+05
42530,3421,3439,3355,3373,1.5052e+05
42531,3372,3372,3291,3298,1.3464e+05
42534,3290,3308,3235,3275,1.5367e+05
42535,3251,3274,3234,3257,1.1757e+05
42536,3237,3269,3198,3238,1.8747e+05
42537,3212,3212,3115,3133,1.7317e+05
42538,3133,3200,3126,3190,1.541e+05
42541,3220,3328,3220,3313,1.2359e+05
42542,3375,3375,3323,3353,1.5612e+05
42543,3370,3425,3280,3294,1.9832e+05
42544,3301,3375,3301,3355,1.5706e+05
42545,3360,3360,3206,3266,2.6286e+05
42548,3240,3265,3130,3136,2.0522e+05
42549,3146,3256,3146,3226,2.0846e+05
42550,3240,3349,3240,3336,1.7057e+05
42551,3337,3355,3283,3304,1.6688e+05
42552,3301,3301,3233,3271,1.5852e+05
42555,3278,3322,3263,3277,97922
42556,3255,3262,3134,3145,1.5412e+05
42557,3120,3210,3103,3197,1.2985e+05
42558,3210,3257,3037,3063,2.2935e+05
42559,3076,3097,3015,3059,1.7654e+05
42562,3039,3074,2997,3019,1.621e+05
42563,3012,3147,3007,3142,1.9114e+05
42564,3120,3138,3000,3007,2.0289e+05
42565,3019,3063,3010,3046,1.8735e+05
42566,3042,3104,3026,3081,1.6739e+05
42569,3099,3099,3012,3041,1.2649e+05
42570,3027,3067,2999,3005,1.0776e+05
42571,3085,3117,3017,3101,1.9415e+05
42572,3092,3114,3025,3038,1.5081e+05
42573,3026,3034,2956,2961,1.6376e+05
42576,2972,2994,2917,2927,1.3045e+05
42577,2928,2933,2873,2903,1.7125e+05
42578,2916,2918,2821,2831,1.9786e+05
42579,2841,2845,2764,2772,1.7074e+05
42580,2770,2793,2730,2782,1.8519e+05
42583,2794,2809,2672,2681,1.7779e+05
42584,2690,2736,2631,2640,2.1925e+05
42585,2655,2753,2638,2740,2.6199e+05
42586,2749,2819,2718,2810,2.0938e+05
42587,2805,2820,2755,2786,1.7605e+05
42590,2795,2907,2795,2891,1.6276e+05
42591,2876,2914,2848,2862,2.0836e+05
42592,2860,2897,2798,2812,2.3499e+05
42593,2806,2937,2754,2912,2.5547e+05
42594,2930,2984,2896,2971,2.5829e+05
42598,3000,3114,2998,3104,2.0624e+05
42599,3112,3130,3064,3114,2.3933e+05
42600,3125,3228,3118,3222,1.5953e+05
42601,3231,3261,3206,3230,1.1938e+05
42604,3295,3295,3203,3212,1.6672e+05
42605,3201,3255,3138,3239,2.2754e+05
42606,3218,3218,3132,3148,2.0664e+05
42607,3142,3179,3124,3158,1.6183e+05
42608,3168,3248,3156,3194,1.9833e+05
42611,3190,3190,3143,3173,1.1836e+05
42612,3184,3193,3114,3125,1.5758e+05
42613,3129,3129,2996,3003,2.0112e+05
42614,3004,3027,2904,2909,1.9104e+05
42615,2927,2978,2894,2975,2.3405e+05
42618,2984,3065,2913,2981,1.035e+05
42619,2990,3030,2925,2964,1.8928e+05
42620,2981,3032,2962,3020,2.1722e+05
42621,3022,3173,3022,3164,2.2973e+05
42622,3150,3150,3073,3080,1.5823e+05
42625,3070,3110,2998,3088,2.4398e+05
42626,3085,3085,3007,3033,1.3321e+05
42627,3033,3038,2926,2938,2.3264e+05
42628,2940,2967,2900,2948,1.9508e+05
42629,2925,2925,2873,2885,1.6353e+05
42632,2899,2953,2890,2898,1.2615e+05
42633,2950,2991,2907,2956,2.0771e+05
42634,2965,3063,2965,3046,2.1518e+05
42635,3070,3111,3062,3101,1.6998e+05
42636,3090,3114,2967,2978,3.1599e+05
42639,2996,3089,2978,3083,2.3236e+05
42640,3062,3067,2953,2975,2.3268e+05
42641,2980,3070,2963,3061,3.5078e+05
42642,3071,3233,3071,3204,2.2363e+05
42643,3190,3223,3146,3212,1.6746e+05
42646,3202,3313,3191,3246,1.9487e+05
42647,3239,3274,3219,3265,1.6536e+05
42648,3270,3330,3270,3321,1.615e+05
42649,3307,3377,3291,3368,1.5207e+05
42650,3361,3391,3296,3323,1.6799e+05
42653,3292,3434,3279,3417,1.6843e+05
42654,3400,3440,3369,3386,1.0619e+05
42655,3400,3416,3336,3351,92021
42656,3331,3385,3303,3365,1.7708e+05
42657,3386,3415,3328,3339,1.3977e+05
42660,3356,3379,3306,3323,1.3778e+05
42661,3348,3374,3321,3340,1.4076e+05
42662,3358,3464,3358,3449,1.2207e+05
42663,3463,3463,3385,3399,1.2542e+05
42664,3390,3424,3373,3402,1.6883e+05
42667,3393,3416,3332,3355,1.4351e+05
42668,3360,3414,3336,3354,1.4938e+05
42669,3345,3355,3278,3297,2.0407e+05
42670,3300,3358,3288,3344,1.6488e+05
42671,3339,3339,3258,3283,1.3793e+05
42674,3256,3256,3142,3153,91737
42675,3140,3167,3096,3105,1.7444e+05
42676,3100,3109,3008,3025,1.7233e+05
42677,3039,3070,2968,2976,1.4668e+05
42678,2993,3000,2917,2940,2.1376e+05
42681,2952,3009,2952,2967,1.5159e+05
42682,2986,3023,2962,3009,1.7192e+05
42683,3000,3058,2895,3043,2.0177e+05
42684,3025,3040,2978,3011,1.4881e+05
42685,2992,3003,2922,2953,1.0705e+05
42688,2925,2940,2879,2911,79373
42689,2945,3085,2945,3083,1.3703e+05
42690,3084,3155,3070,3122,1.7366e+05
42691,3095,3160,3078,3109,1.4587e+05
42692,3088,3117,3039,3079,1.353e+05
42696,3316,3359,3239,3258,2.1635e+05
42697,3286,3341,3275,3318,1.8815e+05
42698,3311,3321,3283,3303,74170
42699,3272,3274,3177,3198,1.2443e+05
42702,3190,3277,3132,3253,2.0063e+05
42703,3255,3255,3093,3113,1.8098e+05
42704,3135,3388,3128,3377,3.4402e+05
42705,3393,3542,3361,3527,1.8082e+05
42706,3498,3512,3435,3500,1.2854e+05
42709,3488,3579,3485,3536,1.0228e+05
42710,3530,3530,3411,3440,1.085e+05
42711,3433,3482,3370,3395,1.3292e+05
42712,3390,3434,3351,3427,1.1794e+05
42713,3440,3490,3438,3474,84732
42716,3500,3644,3500,3588,71203
42717,3570,3609,3538,3590,96453
42718,3575,3575,3492,3497,1.0986e+05
42719,3491,3497,3391,3487,1.1197e+05
42720,3482,3528,3427,3510,1.1413e+05
42723,3532,3554,3489,3532,79438
42724,3603,3672,3599,3641,90170
42725,3643,3663,3562,3577,99028
42726,3580,3623,3552,3607,92499
42727,3605,3610,3555,3596,80823
42730,3620,3626,3588,3602,15649
42731,3614,3682,3614,3676,70571
42732,3673,3712,3663,3706,89226
42733,3690,3696,3649,3665,88124
42734,3674,3681,3638,3650,56906
42737,3666,3698,3663,3685,11772
42738,3685,3780,3552,3590,1.4449e+05
42739,3599,3628,3557,3621,1.1375e+05
42740,3616,3672,3584,3636,1.2967e+05
42741,3653,3700,3635,3682,1.2312e+05
42744,3665,3674,3564,3574,1.1075e+05
42745,3560,3575,3500,3513,1.2734e+05
42746,3500,3597,3478,3589,1.6227e+05
42747,3565,3644,3550,3613,1.2301e+05
42748,3613,3629,3566,3586,1.0621e+05
42751,3596,3596,3552,3579,70104
42752,3581,3636,3557,3595,1.2114e+05
42753,3577,3590,3483,3500,1.3525e+05
42754,3512,3544,3480,3492,99008
42755,3570,3664,3564,3638,1.1074e+05
42758,3625,3636,3575,3616,1.0002e+05
42759,3621,3658,3602,3644,1.0336e+05
42760,3631,3648,3588,3629,1.2506e+05
42762,3645,3696,3592,3608,1.2223e+05
42765,3619,3641,3565,3581,1.1628e+05
42766,3563,3622,3553,3614,1.0943e+05
42767,3608,3628,3568,3585,1.2812e+05
42768,3605,3663,3592,3614,1.3791e+05
42769,3632,3645,3590,3614,1.1392e+05
42772,3635,3640,3576,3579,1.0561e+05
42773,3586,3586,3495,3500,1.1198e+05
42774,3488,3532,3456,3514,1.5033e+05
42775,3523,3554,3520,3544,1.0906e+05
42776,3545,3620,3541,3609,1.0951e+05
42779,3610,3610,3537,3545,1.0167e+05
42780,3552,3590,3541,3565,1.0486e+05
42781,3565,3580,3530,3551,1.1377e+05
42782,3550,3596,3533,3588,1.0793e+05
42783,3586,3586,3546,3565,69242
42786,3611,3642,3611,3623,57841
42787,3626,3694,3626,3668,1.0932e+05
42788,3651,3662,3587,3601,1.0673e+05
42789,3616,3670,3613,3633,1.1438e+05
42790,3620,3627,3591,3615,62629
42793,3620,3652,3620,3623,91597
42794,3629,3629,3559,3566,1.0904e+05
42795,3580,3647,3580,3604,1.3338e+05
42796,3591,3595,3530,3537,1.3198e+05
42797,3530,3567,3520,3556,99655
42800,3547,3574,3530,3550,1.077e+05
42801,3546,3588,3540,3558,1.0209e+05
42802,3550,3550,3416,3425,1.6918e+05
42803,3421,3421,3252,3271,2.338e+05
42804,3297,3337,3220,3229,1.6821e+05
42807,3206,3223,3186,3203,67914
42808,3224,3231,3107,3136,1.7163e+05
42809,3150,3211,3150,3178,1.496e+05
42810,3197,3245,3172,3192,1.3044e+05
42811,3200,3219,3182,3196,1.086e+05
42814,3180,3190,3130,3161,1.0684e+05
42815,3230,3243,3165,3168,1.457e+05
42816,3166,3174,3104,3164,1.7515e+05
42817,3177,3187,3130,3143,1.3046e+05
42818,3145,3158,3123,3142,95095
42821,3151,3160,3076,3112,1.3413e+05
42822,3128,3179,3124,3167,1.2398e+05
42823,3171,3221,3151,3211,1.3814e+05
42824,3222,3275,3212,3269,1.2885e+05
42825,3260,3288,3245,3284,1.2212e+05
42828,3276,3309,3268,3277,1.1058e+05
42829,3290,3333,3289,3325,92714
42830,3339,3374,3314,3332,1.499e+05
42831,3327,3359,3308,3351,1.1407e+05
42832,3364,3399,3320,3359,1.6065e+05
42835,3375,3430,3365,3424,1.2013e+05
42836,3436,3456,3407,3448,1.1642e+05
42837,3456,3478,3432,3444,1.085e+05
42838,3436,3442,3410,3420,84618
42842,3420,3432,3393,3399,87716
42843,3400,3413,3368,3399,1.2403e+05
42844,3383,3403,3267,3288,1.2319e+05
42845,3316,3331,3283,3301,1.3343e+05
42846,3299,3304,3195,3208,1.4625e+05
42849,3220,3247,3176,3190,1.2901e+05
42850,3191,3194,3154,3183,1.3767e+05
42851,3182,3227,3151,3199,1.5808e+05
42852,3191,3191,3101,3147,1.53e+05
42853,3159,3210,3147,3174,1.3584e+05
42856,3168,3173,3132,3142,59696
42857,3138,3172,3057,3087,1.4375e+05
42858,3103,3105,3045,3067,1.622e+05
42859,3079,3079,2924,2931,2.0016e+05
42860,2917,3009,2839,2969,2.9274e+05
42863,2997,3015,2948,2980,1.8139e+05
42864,2999,3024,2952,2969,1.5883e+05
42865,2986,3095,2980,3083,1.5702e+05
42866,3097,3112,3067,3089,1.3476e+05
42867,3082,3096,3045,3066,1.0182e+05
42870,3085,3182,3085,3149,1.314e+05
42871,3160,3164,3115,3123,1.2387e+05
42872,3111,3174,3088,3156,1.7621e+05
42873,3151,3224,3118,3203,1.549e+05
42874,3220,3282,3214,3265,96313
42877,3299,3330,3290,3310,1.0174e+05
42878,3303,3346,3284,3341,1.0803e+05
42879,3351,3370,3317,3329,1.3432e+05
42880,3350,3365,3166,3178,2.611e+05
42881,3149,3220,3119,3213,1.8045e+05
42884,3207,3270,3198,3259,83839
42885,3245,3245,3175,3203,1.2913e+05
42886,3196,3196,3090,3127,1.7282e+05
42887,3135,3175,3114,3159,1.8474e+05
42888,3130,3130,3021,3081,2.2128e+05
42891,3103,3119,3022,3052,1.6789e+05
42892,3042,3098,3036,3090,1.7776e+05
42893,3100,3111,2954,2966,1.9246e+05
42894,2972,2977,2911,2945,1.7114e+05
42895,2935,2974,2910,2959,1.3536e+05
42898,2972,3015,2945,2988,1.3624e+05
42899,2988,2996,2938,2985,1.3221e+05
42900,2970,2983,2863,2873,2.2364e+05
42901,2889,2894,2858,2877,1.1369e+05
42902,2877,2899,2871,2879,85737
42905,2880,2900,2855,2861,92010
42906,2882,2892,2791,2813,1.5584e+05
42907,2819,2866,2732,2741,2.2165e+05
42908,2756,2813,2738,2776,1.4142e+05
42909,2777,2797,2755,2777,1.2178e+05
42912,2792,2812,2757,2801,72012
42913,2807,2877,2807,2860,1.2343e+05
42914,2852,2905,2839,2892,1.5473e+05
42915,2904,2946,2904,2918,1.2779e+05
42916,2924,2972,2924,2968,1.0915e+05
42919,2974,3047,2974,3043,1.2235e+05
42920,3039,3075,3036,3068,94968
42921,3065,3067,2931,2938,1.9101e+05
42922,2953,3019,2932,2947,1.7984e+05
42923,2933,2933,2835,2863,2.0778e+05
42926,2882,2893,2822,2876,1.7299e+05
42927,2878,2926,2836,2912,2.076e+05
42928,2929,3000,2910,2949,2.1918e+05
42929,2952,2985,2903,2964,1.9217e+05
42930,2964,3010,2953,2990,1.9228e+05
42933,3005,3020,2964,2968,1.5917e+05
42934,2970,3017,2949,2973,1.6448e+05
42935,2982,3039,2968,3028,1.3798e+05
42936,3053,3084,3032,3037,1.447e+05
42937,3037,3047,2957,2965,1.579e+05
42940,2965,3003,2936,2997,1.676e+05
42941,3004,3098,3001,3090,1.5021e+05
42942,3105,3153,3090,3132,1.6563e+05
42943,3131,3166,3106,3161,1.6455e+05
42944,3155,3200,3144,3192,1.1388e+05
42947,3200,3214,3165,3183,1.2771e+05
42948,3221,3234,3107,3135,1.8595e+05
42949,3116,3158,3101,3147,1.8768e+05
42950,3148,3189,3132,3143,1.6067e+05
42951,3130,3165,3094,3149,1.7051e+05
42954,3130,3159,3105,3144,1.5854e+05
42955,3129,3179,3116,3139,1.6323e+05
42956,3133,3176,3123,3157,1.6419e+05
42957,3168,3223,3120,3128,2.1144e+05
42958,3111,3132,3082,3127,1.5857e+05
42961,3128,3149,3064,3070,1.6275e+05
42963,3070,3085,3003,3008,1.5146e+05
42964,3029,3029,2981,3021,1.203e+05
42965,3015,3111,3002,3104,1.5191e+05
42968,3104,3121,3013,3038,1.234e+05
42969,3072,3102,3047,3072,1.6349e+05
42970,3073,3116,3058,3107,1.3428e+05
42971,3106,3111,3024,3041,1.4748e+05
42972,3060,3073,3041,3058,76577
42975,3059,3059,2951,2970,1.5566e+05
42976,2990,3013,2935,2962,1.7591e+05
42977,2958,2998,2943,2957,1.4364e+05
42978,2956,3047,2943,3038,1.6493e+05
42979,3018,3029,2984,3021,1.4776e+05
42982,3010,3058,3010,3049,81472
42983,3045,3142,3043,3122,1.4865e+05
42984,3120,3174,3120,3155,1.3446e+05
42985,3157,3161,3116,3143,1.558e+05
42986,3149,3150,3034,3045,1.3005e+05
42989,3060,3089,3010,3073,1.522e+05
42990,3077,3105,3059,3092,1.5201e+05
42991,3089,3169,3082,3162,1.5768e+05
42992,3160,3243,3150,3215,1.3631e+05
42993,3200,3214,3167,3191,1.2906e+05
42996,3209,3226,3158,3208,1.5549e+05
42997,3206,3235,3166,3171,1.1579e+05
42998,3235,3298,3218,3286,1.5195e+05
42999,3282,3312,3255,3295,1.3894e+05
43000,3298,3308,3273,3287,1.0695e+05
43003,3284,3412,3280,3406,1.2966e+05
43004,3424,3435,3373,3402,1.4367e+05
43005,3414,3451,3398,3416,1.4362e+05
43006,3424,3472,3360,3373,1.7355e+05
43007,3400,3400,3356,3373,1.4628e+05
43011,3354,3354,3295,3311,1.3103e+05
43012,3287,3304,3248,3266,1.3922e+05
43013,3260,3340,3255,3313,1.3637e+05
43014,3311,3323,3223,3240,1.4731e+05
43017,3240,3260,3218,3256,1.0763e+05
43018,3249,3335,3244,3331,1.3161e+05
43019,3338,3360,3304,3347,1.2971e+05
43020,3330,3330,3264,3296,1.5348e+05
43021,3313,3358,3300,3310,1.4021e+05
43024,3325,3389,3325,3363,1.154e+05
43025,3357,3393,3328,3353,1.264e+05
43026,3365,3406,3364,3385,86878
43031,3393,3408,3372,3383,1.1312e+05
43032,3385,3435,3361,3431,1.495e+05
43033,3427,3427,3376,3384,1.3042e+05
43034,3378,3437,3372,3428,96421
43035,3426,3514,3411,3501,1.2208e+05
43038,3510,3540,3490,3513,1.1631e+05
43039,3512,3535,3498,3528,97138
43040,3536,3572,3482,3500,1.348e+05
43041,3499,3528,3495,3520,95015
43042,3540,3589,3522,3579,1.1023e+05
43045,3600,3705,3600,3691,1.3697e+05
43046,3711,3749,3704,3734,1.3605e+05
43047,3717,3765,3666,3695,1.6361e+05
43048,3691,3746,3685,3738,1.1995e+05
43049,3714,3758,3699,3712,95407
43052,3707,3742,3689,3720,1.0842e+05
43053,3710,3714,3613,3639,1.267e+05
43054,3611,3635,3587,3621,1.11e+05
43055,3621,3628,3582,3600,1.018e+05
43056,3582,3669,3579,3661,1.0645e+05
43059,3694,3708,3636,3663,1.0446e+05
43060,3679,3717,3665,3678,1.128e+05
43061,3691,3772,3691,3747,1.3368e+05
43062,3755,3815,3740,3798,89995
43063,3789,3814,3781,3807,85551
43066,3810,3810,3715,3757,1.1251e+05
43067,3752,3752,3701,3738,1.0633e+05
43068,3715,3757,3660,3678,1.4987e+05
43069,3684,3747,3670,3687,1.6402e+05
43070,3712,3802,3712,3762,1.3545e+05
43073,3750,3750,3706,3714,98932
43074,3712,3733,3681,3724,1.0607e+05
43075,3709,3713,3626,3637,1.2058e+05
43076,3625,3660,3604,3657,97868
43077,3658,3724,3646,3692,1.2936e+05
43080,3677,3738,3661,3720,1.2503e+05
43081,3724,3778,3682,3692,1.4623e+05
43082,3700,3724,3643,3656,1.3548e+05
43083,3651,3659,3601,3651,1.3639e+05
43084,3660,3684,3648,3669,1.0795e+05
43087,3681,3712,3642,3648,91507
43088,3686,3702,3668,3698,95845
43089,3704,3722,3682,3716,92737
43090,3722,3740,3693,3732,1.1033e+05
43091,3734,3745,3710,3737,77753
43095,3741,3838,3738,3833,1.1048e+05
43096,3823,3844,3807,3818,94686
43097,3822,3842,3801,3820,72862
43098,3832,3863,3826,3850,85947
43101,3858,3858,3782,3829,15273
43102,3866,3866,3817,3824,1.003e+05
43103,3834,3909,3827,3903,1.1498e+05
43104,3910,3950,3903,3921,1.1054e+05
43105,3922,3929,3866,3887,1.0258e+05
43108,3900,3933,3892,3906,93948
43109,3927,4010,3927,4003,1.2291e+05
43110,4016,4059,4016,4036,1.1486e+05
43111,4040,4123,4040,4100,1.2358e+05
43112,4083,4083,4007,4065,1.1656e+05
43115,4088,4122,4066,4116,81589
43116,4107,4128,4060,4086,1.1137e+05
43117,4074,4097,4043,4085,94655
43118,4100,4107,4052,4088,1.1014e+05
43119,4080,4080,4011,4037,94958
43122,4063,4098,4033,4045,1.0778e+05
43123,4075,4132,4069,4110,1.1492e+05
43124,4107,4163,4100,4136,1.2696e+05
43125,4158,4229,4158,4190,1.2159e+05
43129,4210,4271,4142,4177,1.0977e+05
43130,4149,4153,4092,4106,1.198e+05
43131,4090,4122,4063,4112,1.3703e+05
43132,4120,4212,4120,4195,1.4114e+05
43133,4200,4248,4141,4186,1.4162e+05
43136,4166,4197,4086,4103,1.5025e+05
43137,4094,4140,4065,4099,1.6106e+05
43138,4109,4109,3948,3959,2.1445e+05
43139,3968,3989,3909,3931,1.6839e+05
43140,3920,3920,3795,3807,1.5041e+05
43143,3817,3912,3817,3842,1.4945e+05
43144,3833,3833,3753,3813,1.0711e+05
43145,3800,3850,3737,3823,1.8174e+05
43146,3850,3933,3818,3911,1.6922e+05
43147,3937,3972,3892,3941,1.1454e+05
43151,4020,4060,4001,4034,1.4276e+05
43152,4019,4019,3961,3999,1.2655e+05
43153,3995,4105,3974,4086,1.6324e+05
43154,4109,4141,4044,4125,1.197e+05
43157,4130,4172,4093,4155,1.2837e+05
43158,4149,4160,4093,4122,1.4069e+05
43159,4105,4149,4032,4093,1.9328e+05
43160,4065,4065,3944,3983,1.9347e+05
43161,3981,4003,3933,3995,1.0971e+05
43164,4006,4088,3990,4075,1.5703e+05
43165,4080,4110,4041,4063,1.522e+05
43166,4058,4070,3942,3960,2.1263e+05
43167,3975,3998,3920,3943,1.4894e+05
43168,3934,4041,3921,4017,1.4413e+05
43171,4036,4039,3945,3977,1.3729e+05
43172,3979,4014,3906,3919,1.9114e+05
43173,3935,3975,3902,3948,2.1212e+05
43174,3960,3998,3944,3984,1.4437e+05
43175,3982,4057,3968,4050,1.308e+05
43178,4033,4053,3992,4039,1.0156e+05
43179,4079,4185,4073,4159,1.7009e+05
43180,4164,4259,4155,4251,1.6271e+05
43181,4245,4259,4194,4201,1.3907e+05
43182,4220,4274,4195,4266,1.5381e+05
43185,4270,4279,4222,4247,1.339e+05
43186,4261,4305,4226,4232,1.4894e+05
43187,4223,4238,4155,4185,1.7496e+05
43188,4183,4245,4177,4234,86106
43192,4246,4255,4104,4112,1.528e+05
43193,4103,4144,4098,4127,1.2219e+05
43194,4119,4128,4043,4111,1.9261e+05
43195,4128,4162,4098,4115,1.5018e+05
43196,4101,4130,4015,4029,1.7014e+05
43199,4041,4128,4034,4116,1.3331e+05
43200,4133,4254,4133,4248,1.4793e+05
43201,4255,4396,4243,4354,2.0034e+05
43202,4354,4394,4308,4362,1.4995e+05
43203,4364,4419,4349,4401,1.4117e+05
43206,4385,4385,4326,4351,1.1155e+05
43207,4351,4378,4303,4348,1.1401e+05
43208,4365,4493,4365,4470,1.2196e+05
43209,4490,4578,4483,4495,1.0274e+05
43210,4529,4546,4486,4531,1.161e+05
43213,4543,4582,4468,4565,1.262e+05
43214,4579,4617,4511,4530,1.4182e+05
43215,4524,4575,4507,4563,1.4626e+05
43216,4576,4596,4534,4558,1.2888e+05
43217,4538,4563,4520,4547,97594
43220,4516,4610,4472,4583,1.6128e+05
43221,4566,4566,4472,4487,83948
43222,4510,4530,4475,4512,1.4378e+05
43223,4516,4578,4492,4571,1.3265e+05
43224,4564,4678,4560,4668,1.4019e+05
43227,4680,4765,4680,4749,1.0463e+05
43228,4732,4732,4560,4623,1.9502e+05
43229,4655,4821,4655,4799,1.3456e+05
43230,4825,4842,4743,4757,1.1667e+05
43231,4786,4824,4766,4793,97433
43234,4790,4815,4732,4794,91751
43235,4796,4889,4782,4850,1.4692e+05
43236,4845,4845,4792,4820,1.1284e+05
43237,4840,4899,4822,4832,1.1621e+05
43238,4852,4880,4827,4855,86880
43241,4889,4927,4852,4919,85766
43242,4948,4977,4914,4929,1.0184e+05
43243,4919,4947,4885,4913,1.0853e+05
43244,4905,4915,4832,4859,1.0489e+05
43245,4831,4834,4581,4597,1.4781e+05
43248,4580,4580,4465,4508,98650
43249,4527,4577,4485,4527,1.2929e+05
43250,4500,4628,4482,4614,1.1291e+05
