39602,42.405,42.669,42.405,42.615,NaN
39603,42.627,42.795,42.52,42.779,NaN
39604,42.79,42.975,42.79,42.91,NaN
39605,42.898,42.898,42.629,42.665,NaN
39608,42.665,42.93,42.665,42.871,NaN
39609,42.873,42.98,42.85,42.975,NaN
39610,42.96,42.985,42.815,42.865,NaN
39611,42.795,42.883,42.749,42.845,NaN
39612,42.818,42.953,42.817,42.941,NaN
39615,42.945,42.98,42.88,42.95,NaN
39616,42.945,42.945,42.84,42.895,NaN
39617,42.855,42.94,42.845,42.903,NaN
39618,42.922,42.99,42.91,42.972,NaN
39619,42.95,42.987,42.925,42.925,NaN
39622,42.975,42.985,42.935,42.971,NaN
39623,42.971,42.98,42.924,42.965,NaN
39624,42.903,42.938,42.735,42.74,NaN
39625,42.695,42.756,42.6,42.685,NaN
39626,42.862,42.886,42.758,42.88,NaN
39629,42.901,43.127,42.89,43.04,NaN
39630,43.047,43.479,43.045,43.33,NaN
39631,43.355,43.44,43.127,43.175,NaN
39632,43.227,43.346,43.197,43.303,NaN
39633,43.286,43.295,43.11,43.155,NaN
39636,43.142,43.318,43.075,43.3,NaN
39637,43.285,43.43,43.263,43.265,NaN
39638,43.125,43.191,43.078,43.135,NaN
39639,43.185,43.242,42.985,42.996,NaN
39640,43.03,43.053,42.708,42.87,NaN
39643,42.835,42.985,42.776,42.925,NaN
39644,43.025,43.3,43.017,43.215,NaN
39645,43.185,43.195,43.085,43.085,NaN
39646,42.95,42.968,42.745,42.82,NaN
39647,42.703,42.877,42.644,42.785,NaN
39650,42.695,42.79,42.672,42.678,NaN
39651,42.7,42.858,42.566,42.74,NaN
39652,42.49,42.49,42.075,42.08,NaN
39653,41.941,42.195,41.818,42.13,NaN
39654,42.225,42.36,42.215,42.265,NaN
39657,42.125,42.545,42.125,42.545,NaN
39658,42.655,42.799,42.52,42.641,NaN
39659,42.505,42.605,42.34,42.36,NaN
39660,42.483,42.575,42.46,42.57,NaN
39661,42.57,42.582,42.325,42.352,NaN
39664,42.42,42.492,42.31,42.487,NaN
39665,42.335,42.385,42.205,42.24,NaN
39666,42.068,42.126,41.925,42.074,NaN
39667,42.055,42.079,41.87,42.074,NaN
39668,42.148,42.285,42.038,42.064,NaN
39671,42.055,42.215,41.905,42.165,NaN
39672,42.2,42.47,42.195,42.375,NaN
39673,42.422,42.767,42.422,42.65,NaN
39674,42.792,43.07,42.756,43.05,NaN
39678,43.32,43.65,43.205,43.595,NaN
39679,43.485,43.648,43.47,43.575,NaN
39680,43.71,43.87,43.655,43.71,NaN
39681,43.718,43.788,43.479,43.529,NaN
39682,43.505,43.565,43.301,43.425,NaN
39685,43.438,43.795,43.42,43.785,NaN
39686,43.861,44.145,43.78,43.845,NaN
39687,43.726,43.934,43.648,43.75,NaN
39688,43.68,43.815,43.653,43.775,NaN
39689,43.69,43.972,43.69,43.938,NaN
39692,44.125,44.245,44.053,44.17,NaN
39693,44.225,44.581,44.14,44.398,NaN
39694,44.108,44.108,43.97,44.03,NaN
39695,44.395,44.54,44.21,44.373,NaN
39696,44.565,44.742,44.28,44.665,NaN
39699,44.27,44.653,44.12,44.605,NaN
39700,44.785,44.935,44.733,44.825,NaN
39701,44.92,45.185,44.865,45.138,NaN
39702,45.335,45.575,45.31,45.555,NaN
39703,45.525,45.79,45.52,45.715,NaN
39706,45.545,46.075,45.525,46.055,NaN
39707,46.105,46.98,46.105,46.93,NaN
39708,46.36,46.725,46.26,46.367,NaN
39709,46.623,46.807,46.465,46.49,NaN
39710,46.195,46.405,45.755,45.83,NaN
39713,45.523,45.59,45.245,45.454,NaN
39714,45.432,45.965,45.425,45.742,NaN
39715,45.775,46.11,45.755,45.95,NaN
39716,46.095,46.31,46.085,46.205,NaN
39717,46.165,46.585,46.127,46.547,NaN
39720,46.81,47.115,46.81,46.955,NaN
39722,47.15,47.235,46.608,46.61,NaN
39724,47.322,47.322,46.815,47.063,NaN
39727,47.4,47.85,47.255,47.807,NaN
39728,47.905,48.159,47.72,47.925,NaN
39729,48.255,48.81,47.885,48,NaN
39731,48.23,49.325,47.88,48.47,NaN
39734,48.23,48.31,48,48.26,NaN
39735,47.669,48.125,47.59,48.08,NaN
39736,48.365,48.62,48.365,48.53,NaN
39737,49.028,49.07,48.65,48.845,NaN
39738,48.778,48.965,48.575,48.883,NaN
39741,48.805,49.04,48.72,49.015,NaN
39742,48.945,49.155,48.945,49.097,NaN
39743,49.273,49.498,49.16,49.295,NaN
39744,49.315,49.86,49.315,49.82,NaN
39745,49.83,50.05,49.83,49.983,NaN
39748,50.025,50.276,49.845,49.87,NaN
39750,49.742,49.885,49.585,49.675,NaN
39752,49.476,49.53,49.237,49.458,NaN
39755,49.07,49.07,48.646,48.646,NaN
39756,48.815,48.94,47.685,47.735,NaN
39757,47.215,47.525,46.708,47.44,NaN
39758,47.88,47.962,47.485,47.688,NaN
39759,47.88,47.88,47.657,47.663,NaN
39762,47.407,47.465,47.165,47.375,NaN
39763,47.645,48.155,47.445,48.12,NaN
39764,48.45,49.425,48.44,49.292,NaN
39766,49.37,49.49,48.915,49.01,NaN
39769,49.14,49.34,48.79,49.337,NaN
39770,49.635,49.81,49.525,49.648,NaN
39771,49.765,49.995,49.685,49.992,NaN
39772,50.425,50.605,49.862,50.15,NaN
39773,50.225,50.525,49.95,50.02,NaN
39776,50.06,50.255,49.965,50.096,NaN
39777,49.775,50.115,49.721,49.99,NaN
39778,49.822,50.01,49.258,49.435,NaN
39780,49.505,50.231,49.505,50.108,NaN
39783,50.06,50.356,49.97,50.29,NaN
39784,50.51,50.59,50.084,50.145,NaN
39785,49.843,50.1,49.77,50.01,NaN
39786,49.875,49.95,49.524,49.85,NaN
39787,49.922,49.965,49.555,49.6,NaN
39790,49.59,49.595,49.19,49.593,NaN
39792,49.188,49.273,48.885,49.015,NaN
39793,48.792,48.814,48.32,48.341,NaN
39794,48.45,48.975,48.31,48.578,NaN
39797,48.175,48.175,47.917,48.051,NaN
39798,48.025,48.026,47.785,47.91,NaN
39799,47.325,47.678,47.211,47.657,NaN
39800,47.325,47.438,46.869,46.95,NaN
39801,46.938,47.352,46.855,47.255,NaN
39804,47.37,48.065,47.31,48.02,NaN
39805,48.008,48.955,48.008,48.763,NaN
39806,48.792,49.195,47.977,48.072,NaN
39808,47.92,48.605,47.715,48.444,NaN
39811,48.373,48.85,48.21,48.425,NaN
39812,48.422,48.64,48.349,48.48,NaN
39813,48.337,48.803,48.307,48.803,NaN
39814,48.555,48.84,48.447,48.767,NaN
39815,48.877,49.134,48.752,48.752,NaN
39818,48.17,48.737,48.161,48.565,NaN
39819,48.616,48.779,48.555,48.69,NaN
39820,48.51,48.922,48.367,48.765,NaN
39822,49.275,49.275,48.255,48.255,NaN
39825,48.545,48.867,48.379,48.843,NaN
39826,48.975,49.125,48.75,49.123,NaN
39827,48.96,48.96,48.651,48.822,NaN
39828,48.828,49.225,48.828,49.017,NaN
39829,48.8,48.865,48.73,48.797,NaN
39832,48.635,48.718,48.515,48.651,NaN
39833,48.95,49.233,48.904,49.233,NaN
39834,49.265,49.328,49.034,49.115,NaN
39835,49.13,49.203,48.86,49.163,NaN
39836,49.16,49.295,49.125,49.255,NaN
39840,49.26,49.26,48.758,48.93,NaN
39841,48.835,48.932,48.733,48.93,NaN
39842,48.953,49.026,48.865,48.985,NaN
39843,49.131,49.135,48.855,48.875,NaN
39846,48.925,49.123,48.907,48.93,NaN
39847,48.81,48.879,48.737,48.826,NaN
39848,48.593,48.84,48.576,48.819,NaN
39849,48.829,48.888,48.765,48.78,NaN
39850,48.705,48.776,48.663,48.691,NaN
39853,48.56,48.648,48.56,48.576,NaN
39854,48.615,48.745,48.6,48.742,NaN
39855,48.775,48.88,48.667,48.695,NaN
39856,48.695,48.85,48.695,48.844,NaN
39857,48.828,48.828,48.61,48.68,NaN
39860,48.676,48.836,48.64,48.83,NaN
39861,48.995,49.67,48.907,49.669,NaN
39862,49.697,50.065,49.578,49.975,NaN
39863,49.968,49.968,49.608,49.623,NaN
39864,49.77,49.998,49.733,49.77,NaN
39868,49.86,49.96,49.752,49.867,NaN
39869,49.72,49.95,49.715,49.95,NaN
39870,50.06,50.492,50.04,50.483,NaN
39871,50.44,51.17,50.44,51.161,NaN
39874,51.295,51.943,51.295,51.94,NaN
39875,51.87,52.18,51.545,51.97,NaN
39876,51.945,52.047,51.44,51.55,NaN
39877,51.495,52.105,51.455,51.767,NaN
39878,51.825,51.865,51.415,51.71,NaN
39881,51.693,52.025,51.563,51.88,NaN
39884,51.49,51.925,51.49,51.86,NaN
39885,51.74,51.778,51.494,51.515,NaN
39888,51.335,51.699,51.318,51.398,NaN
39889,51.435,51.525,51.235,51.485,NaN
39890,51.415,51.49,51.235,51.295,NaN
39891,51.064,51.11,50.31,50.39,NaN
39892,50.325,50.84,50.032,50.64,NaN
39895,50.525,50.661,50.405,50.453,NaN
39896,50.245,50.74,50.2,50.73,NaN
39897,50.91,51.096,50.68,50.733,NaN
39898,50.708,50.72,50.46,50.604,NaN
39902,50.895,51.325,50.883,51.178,NaN
39903,51.175,51.175,50.648,50.73,NaN
39905,50.725,50.725,50.235,50.35,NaN
39909,50.355,50.355,49.898,50.06,NaN
39911,50.403,50.675,50.05,50.193,NaN
39912,49.96,50.095,49.785,50.04,NaN
39916,49.865,49.962,49.822,49.892,NaN
39918,50.025,50.025,49.61,49.665,NaN
39919,49.54,49.845,49.325,49.761,NaN
39920,49.7,49.905,49.625,49.865,NaN
39923,50.04,50.34,49.917,50.33,NaN
39924,50.515,50.611,50.18,50.447,NaN
39925,50.403,50.443,50.081,50.345,NaN
39926,50.413,50.44,49.93,49.93,NaN
39927,49.94,50.04,49.72,49.811,NaN
39930,49.975,50.32,49.939,50.263,NaN
39931,50.435,50.57,50.288,50.52,NaN
39932,50.23,50.275,50.078,50.093,NaN
39937,49.621,49.94,49.525,49.907,NaN
39938,49.615,49.699,49.275,49.295,NaN
39939,49.568,49.68,49.345,49.645,NaN
39940,49.362,49.571,49.227,49.261,NaN
39941,49.415,49.464,49.212,49.285,NaN
39944,49.075,49.51,49.055,49.51,NaN
39945,49.665,49.667,49.227,49.328,NaN
39946,49.265,49.712,49.225,49.69,NaN
39947,49.938,50.025,49.737,49.785,NaN
39948,49.615,49.648,49.395,49.395,NaN
39951,48.655,48.675,47.77,47.921,NaN
39952,47.53,47.949,47.267,47.775,NaN
39953,47.958,47.965,47.443,47.49,NaN
39954,47.45,47.568,47.295,47.388,NaN
39955,47.115,47.23,46.925,47.131,NaN
39958,47.218,47.462,47.2,47.29,NaN
39959,47.425,47.93,47.4,47.929,NaN
39960,47.773,47.888,47.51,47.709,NaN
39961,48.035,48.09,47.58,47.615,NaN
39962,47.51,47.56,47.087,47.091,NaN
39965,47.013,47.05,46.894,46.947,NaN
39966,47.06,47.236,46.93,47.02,NaN
39967,46.965,47.045,46.75,47.045,NaN
39968,47.24,47.352,47.059,47.195,NaN
39969,47.13,47.185,47.016,47.105,NaN
39972,47.318,47.75,47.215,47.57,NaN
39973,47.645,47.785,47.41,47.49,NaN
39974,47.265,47.385,47.233,47.25,NaN
39975,47.365,47.612,47.335,47.612,NaN
39976,47.462,47.62,47.383,47.608,NaN
39979,47.62,47.998,47.62,47.745,NaN
39980,47.73,47.938,47.712,47.745,NaN
39981,47.805,48.17,47.805,48.157,NaN
39982,48.02,48.325,48.015,48.215,NaN
39983,48.205,48.28,48.06,48.085,NaN
39986,48.153,48.69,48.12,48.61,NaN
39987,48.737,48.945,48.502,48.56,NaN
39988,48.375,48.585,48.375,48.555,NaN
39989,48.532,48.725,48.477,48.608,NaN
39990,48.46,48.568,48.095,48.115,NaN
39993,48.075,48.265,48.055,48.105,NaN
39994,47.965,48.06,47.83,47.905,NaN
39995,48.084,48.135,47.875,47.892,NaN
39996,47.74,48.03,47.74,47.95,NaN
39997,48.093,48.188,47.862,47.89,NaN
40000,47.965,48.575,47.845,48.54,NaN
40001,48.435,48.75,48.275,48.445,NaN
40002,48.605,48.946,48.605,48.892,NaN
40003,48.968,49.053,48.659,48.715,NaN
40004,48.691,49.01,48.557,49.005,NaN
40007,49.11,49.453,49.06,49.083,NaN
40008,48.795,48.99,48.755,48.947,NaN
40009,48.84,48.905,48.625,48.645,NaN
40010,48.49,48.87,48.47,48.703,NaN
40011,48.617,48.752,48.617,48.735,NaN
40014,48.602,48.602,48.182,48.197,NaN
40015,48.265,48.465,48.225,48.435,NaN
40016,48.445,48.617,48.285,48.523,NaN
40017,48.395,48.502,48.36,48.453,NaN
40018,48.41,48.415,48.2,48.227,NaN
40021,48.17,48.24,48.09,48.165,NaN
40022,48.218,48.315,48.129,48.208,NaN
40023,48.313,48.513,48.278,48.42,NaN
40024,48.555,48.585,48.32,48.367,NaN
40025,48.235,48.292,47.925,47.935,NaN
40028,47.815,47.934,47.623,47.642,NaN
40029,47.42,47.755,47.42,47.755,NaN
40030,47.693,47.731,47.515,47.517,NaN
40031,47.53,47.785,47.53,47.67,NaN
40032,47.837,47.99,47.755,47.835,NaN
40035,47.775,47.89,47.64,47.813,NaN
40036,47.815,48.045,47.815,47.965,NaN
40037,48.123,48.5,48.105,48.343,NaN
40038,48.2,48.28,48.064,48.115,NaN
40039,48.225,48.358,48.2,48.248,NaN
40042,48.489,48.992,48.47,48.962,NaN
40043,48.845,48.93,48.655,48.795,NaN
40045,48.792,48.795,48.605,48.705,NaN
40046,48.642,48.877,48.566,48.605,NaN
40049,48.44,48.665,48.395,48.615,NaN
40050,48.795,48.855,48.695,48.763,NaN
40051,48.862,48.94,48.755,48.928,NaN
40052,49.005,49.055,48.845,48.925,NaN
40053,48.83,48.895,48.65,48.663,NaN
40056,48.86,48.93,48.745,48.825,NaN
40057,48.803,49.055,48.675,49.025,NaN
40058,49.16,49.204,48.947,48.96,NaN
40059,48.91,48.985,48.805,48.913,NaN
40060,48.955,48.955,48.805,48.892,NaN
40063,48.767,48.77,48.63,48.665,NaN
40064,48.62,48.675,48.47,48.477,NaN
40065,48.465,48.583,48.458,48.51,NaN
40066,48.417,48.66,48.288,48.63,NaN
40067,48.41,48.625,48.385,48.485,NaN
40070,48.485,48.815,48.485,48.745,NaN
40071,48.648,48.695,48.54,48.65,NaN
40072,48.496,48.496,48.195,48.24,NaN
40073,48,48.188,47.955,48.153,NaN
40074,48.155,48.276,48.087,48.142,NaN
40078,48.127,48.225,47.955,47.962,NaN
40079,47.867,48.121,47.847,48.008,NaN
40080,48.083,48.2,47.95,47.972,NaN
40081,48.29,48.29,47.925,47.986,NaN
40085,48.013,48.11,48.002,48.11,NaN
40087,47.867,47.915,47.705,47.755,NaN
40091,47.63,47.653,47.495,47.515,NaN
40092,47.335,47.34,46.885,46.888,NaN
40093,46.86,46.892,46.485,46.675,NaN
40094,46.4,46.44,46.21,46.343,NaN
40095,46.358,46.65,46.292,46.417,NaN
40098,46.535,46.685,46.39,46.495,NaN
40100,46.275,46.362,46.085,46.142,NaN
40101,46.02,46.26,45.805,46.24,NaN
40102,46.115,46.36,46.07,46.307,NaN
40106,46.245,46.245,45.935,46.11,NaN
40107,46.297,46.53,46.297,46.486,NaN
40108,46.555,46.826,46.523,46.743,NaN
40109,46.495,46.601,46.41,46.52,NaN
40112,46.523,46.671,46.469,46.65,NaN
40113,46.94,47.011,46.755,46.925,NaN
40114,47.025,47.375,47.025,47.365,NaN
40115,47.58,47.633,47.194,47.209,NaN
40116,46.855,47.15,46.845,46.975,NaN
40120,46.955,47.429,46.95,47.416,NaN
40121,47.19,47.256,46.974,47.061,NaN
40122,47.06,47.255,46.995,47.02,NaN
40123,46.833,46.89,46.735,46.815,NaN
40126,46.63,46.635,46.354,46.455,NaN
40127,46.415,46.62,46.395,46.487,NaN
40128,46.51,46.61,46.285,46.315,NaN
40129,46.375,46.655,46.374,46.65,NaN
40130,46.735,46.742,46.314,46.343,NaN
40133,46.133,46.285,46.002,46.225,NaN
40134,46.205,46.373,46.125,46.306,NaN
40135,46.288,46.295,46.178,46.22,NaN
40136,46.376,46.694,46.37,46.694,NaN
40137,46.765,46.765,46.505,46.635,NaN
40140,46.625,46.625,46.41,46.485,NaN
40141,46.509,46.642,46.366,46.394,NaN
40142,46.29,46.38,46.2,46.215,NaN
40143,46.242,46.546,46.138,46.445,NaN
40144,46.845,47.078,46.555,46.639,NaN
40147,46.41,46.54,46.345,46.515,NaN
40148,46.406,46.489,46.244,46.318,NaN
40149,46.155,46.391,46.135,46.341,NaN
40150,46.288,46.304,46.073,46.091,NaN
40151,46.197,46.295,46.144,46.292,NaN
40154,46.398,46.615,46.395,46.571,NaN
40155,46.57,46.759,46.485,46.68,NaN
40156,46.75,46.869,46.53,46.545,NaN
40157,46.59,46.735,46.58,46.655,NaN
40158,46.606,46.611,46.49,46.545,NaN
40161,46.645,46.755,46.585,46.705,NaN
40162,46.623,46.72,46.575,46.715,NaN
40163,46.765,46.81,46.61,46.666,NaN
40164,46.845,46.97,46.754,46.885,NaN
40165,46.905,46.915,46.705,46.725,NaN
40168,46.825,46.86,46.765,46.845,NaN
40169,46.855,46.858,46.765,46.813,NaN
40170,46.825,46.915,46.795,46.875,NaN
40171,46.75,46.778,46.65,46.65,NaN
40176,46.675,46.71,46.654,46.671,NaN
40177,46.76,46.775,46.694,46.75,NaN
40178,46.679,46.695,46.515,46.525,NaN
40179,46.595,46.665,46.585,46.62,NaN
40182,46.625,46.625,46.265,46.306,NaN
40183,46.265,46.299,46.086,46.244,NaN
40184,46.17,46.195,45.846,45.859,NaN
40185,45.843,45.885,45.562,45.675,NaN
40186,45.735,45.89,45.715,45.771,NaN
40189,45.315,45.428,45.284,45.331,NaN
40190,45.384,45.724,45.365,45.718,NaN
40191,45.665,45.752,45.554,45.636,NaN
40192,45.465,45.675,45.432,45.625,NaN
40193,45.635,45.826,45.605,45.775,NaN
40196,45.81,45.839,45.545,45.645,NaN
40197,45.61,45.815,45.56,45.805,NaN
40198,45.805,45.99,45.805,45.93,NaN
40199,46.055,46.096,45.915,46.045,NaN
40200,46.195,46.275,46.032,46.155,NaN
40203,46.157,46.25,46.085,46.14,NaN
40205,46.3,46.431,46.239,46.365,NaN
40206,46.25,46.375,46.185,46.359,NaN
40207,46.395,46.43,46.145,46.178,NaN
40210,46.376,46.441,46.269,46.375,NaN
40211,46.375,46.375,46.175,46.235,NaN
40212,46.175,46.175,45.941,45.977,NaN
40213,46.072,46.265,46.035,46.254,NaN
40214,46.563,46.758,46.485,46.742,NaN
40217,46.715,46.866,46.661,46.811,NaN
40218,46.77,46.789,46.605,46.668,NaN
40219,46.62,46.62,46.476,46.487,NaN
40220,46.413,46.515,46.376,46.5,NaN
40224,46.425,46.445,46.285,46.325,NaN
40225,46.343,46.343,46.135,46.212,NaN
40226,45.995,46.135,45.955,46.115,NaN
40227,46.225,46.311,46.175,46.271,NaN
40228,46.307,46.495,46.294,46.306,NaN
40231,46.065,46.235,46.065,46.216,NaN
40232,46.245,46.26,46.068,46.24,NaN
40233,46.222,46.354,46.215,46.344,NaN
40234,46.315,46.443,46.305,46.414,NaN
40235,46.29,46.325,46.085,46.085,NaN
40239,45.986,46.095,45.945,46.009,NaN
40240,45.883,45.919,45.828,45.836,NaN
40241,45.765,45.846,45.758,45.815,NaN
40242,45.775,45.813,45.605,45.615,NaN
40245,45.617,45.617,45.384,45.532,NaN
40246,45.505,45.635,45.474,45.635,NaN
40247,45.56,45.56,45.344,45.364,NaN
40248,45.465,45.626,45.425,45.611,NaN
40249,45.587,45.587,45.385,45.445,NaN
40252,45.557,45.675,45.534,45.589,NaN
40254,45.532,45.532,45.333,45.355,NaN
40255,45.4,45.536,45.384,45.454,NaN
40256,45.502,45.516,45.429,45.497,NaN
40259,45.495,45.595,45.475,45.595,NaN
40260,45.52,45.614,45.479,45.595,NaN
40262,45.535,45.71,45.494,45.515,NaN
40263,45.525,45.534,45.225,45.24,NaN
40266,45.282,45.282,44.945,44.974,NaN
40267,44.95,45.149,44.884,45.075,NaN
40268,45.03,45.18,44.914,44.917,NaN
40273,44.995,44.995,44.425,44.445,NaN
40274,44.38,44.565,44.355,44.455,NaN
40275,44.66,44.66,44.325,44.545,NaN
40276,44.575,44.706,44.405,44.465,NaN
40277,44.4,44.445,44.224,44.294,NaN
40280,44.188,44.511,44.188,44.455,NaN
40281,44.604,44.685,44.451,44.474,NaN
40283,44.195,44.495,44.19,44.439,NaN
40284,44.49,44.585,44.33,44.33,NaN
40287,44.61,44.747,44.532,44.731,NaN
40288,44.59,44.62,44.451,44.506,NaN
40289,44.395,44.57,44.364,44.555,NaN
40290,44.6,44.605,44.424,44.546,NaN
40291,44.58,44.6,44.43,44.436,NaN
40294,44.285,44.43,44.282,44.395,NaN
40295,44.445,44.483,44.378,44.445,NaN
40296,44.585,44.759,44.545,44.648,NaN
40297,44.575,44.63,44.487,44.52,NaN
40298,44.565,44.565,44.335,44.365,NaN
40301,44.523,44.605,44.502,44.526,NaN
40302,44.515,44.641,44.485,44.625,NaN
40303,44.565,44.986,44.565,44.936,NaN
40304,45.1,45.456,45.085,45.306,NaN
40305,45.68,45.725,45.46,45.477,NaN
40308,45.14,45.14,44.825,44.859,NaN
40309,44.895,45.335,44.895,45.295,NaN
40310,45.34,45.375,45.085,45.111,NaN
40311,44.95,45.165,44.94,45.078,NaN
40312,45.165,45.263,45.04,45.205,NaN
40315,45.59,45.776,45.585,45.63,NaN
40316,45.617,45.695,45.515,45.586,NaN
40317,45.895,46.415,45.865,46.369,NaN
40318,46.24,46.825,46.205,46.818,NaN
40319,47.04,47.335,46.764,46.924,NaN
40322,46.9,47.035,46.595,46.976,NaN
40323,47.29,47.745,47.195,47.696,NaN
40324,47.45,47.595,47.254,47.31,NaN
40326,46.705,46.765,46.315,46.355,NaN
40329,46.487,46.595,46.36,46.367,NaN
40330,46.51,47.205,46.51,47.157,NaN
40331,46.985,47.275,46.903,46.985,NaN
40332,46.64,46.695,46.419,46.695,NaN
40333,46.74,46.866,46.564,46.845,NaN
40336,47.43,47.43,47.024,47.095,NaN
40337,47.015,47.139,46.874,46.945,NaN
40338,46.907,47.145,46.89,47.025,NaN
40339,47.055,47.085,46.914,46.97,NaN
40340,46.708,46.907,46.708,46.845,NaN
40343,46.655,46.709,46.413,46.491,NaN
40344,46.587,46.755,46.506,46.568,NaN
40345,46.386,46.581,46.286,46.557,NaN
40346,46.546,46.635,46.305,46.315,NaN
40347,46.175,46.266,46.095,46.174,NaN
40350,45.67,45.77,45.59,45.754,NaN
40351,45.9,46.269,45.88,46.245,NaN
40352,46.275,46.355,46.126,46.188,NaN
40353,46.245,46.487,46.175,46.486,NaN
40354,46.53,46.605,46.284,46.29,NaN
40357,46.087,46.234,46.075,46.212,NaN
40358,46.289,46.6,46.289,46.485,NaN
40359,46.67,46.68,46.405,46.45,NaN
40360,46.72,46.779,46.51,46.575,NaN
40361,46.5,46.794,46.5,46.786,NaN
40364,46.725,46.844,46.679,46.78,NaN
40365,46.74,46.922,46.726,46.906,NaN
40366,46.928,47.155,46.928,47.035,NaN
40367,46.765,46.944,46.76,46.865,NaN
40368,46.78,46.796,46.634,46.664,NaN
40371,46.645,46.812,46.615,46.78,NaN
40372,46.888,46.947,46.763,46.78,NaN
40373,46.585,46.721,46.583,46.698,NaN
40374,46.705,46.78,46.576,46.605,NaN
40375,46.625,46.835,46.624,46.773,NaN
40378,47.055,47.126,46.985,47.125,NaN
40379,47.155,47.385,47.081,47.364,NaN
40380,47.185,47.326,47.124,47.167,NaN
40381,47.321,47.352,47.09,47.127,NaN
40382,47.005,47.071,46.895,46.945,NaN
40385,46.905,47.055,46.804,47.047,NaN
40386,46.895,46.922,46.646,46.675,NaN
40387,46.73,46.795,46.555,46.766,NaN
40388,46.745,46.755,46.525,46.541,NaN
40389,46.605,46.615,46.391,46.407,NaN
40392,46.205,46.275,46.112,46.25,NaN
40393,46.12,46.245,46.115,46.172,NaN
40394,46.245,46.307,46.148,46.165,NaN
40395,46.218,46.267,46.145,46.185,NaN
40396,46.105,46.185,45.975,46.16,NaN
40399,46.04,46.155,46.025,46.133,NaN
40400,46.255,46.431,46.234,46.398,NaN
40401,46.472,46.71,46.432,46.697,NaN
40402,46.975,47.035,46.755,46.78,NaN
40403,46.648,46.818,46.547,46.765,NaN
40406,46.84,46.89,46.725,46.803,NaN
40407,46.672,46.725,46.575,46.646,NaN
40408,46.63,46.697,46.56,46.575,NaN
40410,46.595,46.715,46.539,46.675,NaN
40413,46.665,46.676,46.565,46.648,NaN
40414,46.782,46.975,46.725,46.916,NaN
40415,46.845,47.04,46.833,46.913,NaN
40416,46.932,47.024,46.755,46.849,NaN
40417,46.873,46.95,46.815,46.888,NaN
40420,46.77,46.935,46.755,46.915,NaN
40421,46.962,47.095,46.962,47.075,NaN
40422,46.93,46.945,46.785,46.813,NaN
40423,46.755,46.828,46.71,46.712,NaN
40424,46.65,46.715,46.625,46.64,NaN
40427,46.59,46.595,46.455,46.545,NaN
40428,46.63,46.87,46.585,46.837,NaN
40429,46.825,46.835,46.61,46.64,NaN
40430,46.565,46.61,46.466,46.478,NaN
40434,46.3,46.409,46.26,46.398,NaN
40435,46.345,46.459,46.297,46.445,NaN
40436,46.43,46.453,46.337,46.361,NaN
40437,46.388,46.415,46.12,46.155,NaN
40438,46.135,46.135,45.805,45.84,NaN
40441,45.835,45.905,45.583,45.705,NaN
40442,45.655,45.825,45.495,45.675,NaN
40443,45.458,45.615,45.458,45.585,NaN
40444,45.64,45.722,45.568,45.657,NaN
40445,45.59,45.605,45.255,45.255,NaN
40448,45.135,45.205,44.995,45.019,NaN
40449,45.051,45.288,45.05,45.157,NaN
40450,44.975,45.08,44.845,44.945,NaN
40452,44.873,44.873,44.465,44.48,NaN
40455,44.345,44.645,44.255,44.58,NaN
40456,44.69,44.785,44.615,44.69,NaN
40457,44.54,44.544,44.285,44.515,NaN
40458,44.34,44.438,44.125,44.195,NaN
40459,44.335,44.494,44.299,44.435,NaN
40462,44.175,44.447,44.175,44.409,NaN
40463,44.475,44.77,44.46,44.667,NaN
40464,44.42,44.53,44.415,44.51,NaN
40465,44.27,44.33,44.093,44.123,NaN
40466,44.255,44.267,43.975,44.105,NaN
40469,44.13,44.415,44.127,44.365,NaN
40470,44.435,44.506,44.205,44.35,NaN
40471,44.47,44.485,44.237,44.358,NaN
40472,44.365,44.435,44.279,44.305,NaN
40473,44.47,44.6,44.436,44.59,NaN
40476,44.435,44.449,44.305,44.356,NaN
40477,44.425,44.505,44.401,44.44,NaN
40478,44.48,44.625,44.435,44.455,NaN
40479,44.51,44.554,44.456,44.524,NaN
40480,44.55,44.575,44.428,44.428,NaN
40483,44.345,44.491,44.345,44.48,NaN
40484,44.472,44.485,44.34,44.38,NaN
40485,44.32,44.425,44.244,44.355,NaN
40486,44.26,44.347,44.19,44.211,NaN
40487,44.21,44.215,44.21,44.215,NaN
40490,44.27,44.415,44.216,44.383,NaN
40491,44.35,44.435,44.315,44.325,NaN
40492,44.4,44.45,44.269,44.314,NaN
40493,44.275,44.347,44.243,44.31,NaN
40494,44.505,44.85,44.504,44.83,NaN
40497,44.95,45.245,44.92,45.235,NaN
40498,45.175,45.335,45.085,45.315,NaN
40500,45.367,45.575,45.21,45.23,NaN
40501,45.225,45.38,45.165,45.29,NaN
40504,45.27,45.415,45.205,45.409,NaN
40505,45.425,45.669,45.425,45.575,NaN
40506,45.645,45.836,45.595,45.705,NaN
40507,45.63,45.759,45.505,45.517,NaN
40508,45.6,45.898,45.564,45.855,NaN
40511,45.8,45.935,45.701,45.935,NaN
40512,45.972,46.12,45.877,45.885,NaN
40513,45.875,45.9,45.335,45.381,NaN
40514,45.205,45.388,45.205,45.294,NaN
40515,45.125,45.195,45.059,45.105,NaN
40518,44.974,45.034,44.8,44.95,NaN
40519,44.855,44.865,44.635,44.645,NaN
40520,44.9,45.165,44.885,45.085,NaN
40521,45.025,45.315,44.996,45.225,NaN
40522,45.185,45.35,45.017,45.057,NaN
40525,45.15,45.265,45.08,45.138,NaN
40526,44.975,45.055,44.945,44.947,NaN
40527,45.14,45.465,45.135,45.398,NaN
40528,45.523,45.615,45.265,45.355,NaN
40532,45.59,45.655,45.311,45.475,NaN
40533,45.345,45.38,45.155,45.235,NaN
40534,45.254,45.265,45.075,45.095,NaN
40535,45.065,45.178,44.975,45.165,NaN
40536,45.14,45.233,45.1,45.123,NaN
40539,45.112,45.28,45.078,45.244,NaN
40540,45.165,45.208,45.085,45.095,NaN
40541,45.055,45.155,45.015,45.045,NaN
40542,45.015,45.015,44.875,44.965,NaN
40543,44.9,44.9,44.656,44.705,NaN
40546,44.735,44.785,44.649,44.715,NaN
40547,44.655,44.996,44.641,44.985,NaN
40548,45.165,45.335,45.125,45.33,NaN
40549,45.356,45.426,45.19,45.252,NaN
40550,45.37,45.475,45.32,45.385,NaN
40553,45.415,45.515,45.275,45.446,NaN
40554,45.404,45.404,45.156,45.165,NaN
40555,45.071,45.205,45.057,45.135,NaN
40556,45.06,45.27,45.036,45.241,NaN
40557,45.206,45.437,45.145,45.365,NaN
40560,45.415,45.625,45.415,45.519,NaN
40561,45.54,45.596,45.407,45.428,NaN
40562,45.445,45.475,45.305,45.46,NaN
40563,45.635,45.71,45.49,45.535,NaN
40564,45.615,45.775,45.574,45.62,NaN
40567,45.625,45.685,45.529,45.679,NaN
40568,45.52,45.776,45.455,45.706,NaN
40570,45.68,45.68,45.532,45.565,NaN
40571,45.713,45.845,45.677,45.756,NaN
40574,45.985,46.015,45.896,45.905,NaN
40575,45.855,45.875,45.745,45.766,NaN
40576,45.545,45.693,45.539,45.627,NaN
40577,45.635,45.657,45.568,45.615,NaN
40578,45.663,45.688,45.563,45.6,NaN
40581,45.608,45.651,45.455,45.486,NaN
40582,45.365,45.417,45.237,45.305,NaN
40583,45.303,45.508,45.292,45.485,NaN
40584,45.525,45.737,45.492,45.733,NaN
40585,45.705,45.786,45.645,45.685,NaN
40588,45.64,45.64,45.424,45.505,NaN
40589,45.422,45.545,45.396,45.515,NaN
40591,45.475,45.475,45.337,45.347,NaN
40592,45.245,45.275,45.126,45.21,NaN
40595,45.195,45.2,44.992,44.992,NaN
40596,45.139,45.349,45.124,45.265,NaN
40597,45.274,45.295,45.03,45.134,NaN
40598,45.233,45.496,45.233,45.475,NaN
40599,45.44,45.475,45.275,45.325,NaN
40602,45.305,45.355,45.125,45.271,NaN
40603,45.208,45.208,44.915,44.958,NaN
40605,44.955,45.085,44.932,45.045,NaN
40606,44.99,45.04,44.922,44.987,NaN
40609,45.085,45.18,45.011,45.053,NaN
40610,45.045,45.125,44.989,45.087,NaN
40611,45.051,45.055,44.977,45.005,NaN
40612,45.055,45.185,45.028,45.185,NaN
40613,45.226,45.295,45.16,45.242,NaN
40616,45.23,45.23,45.047,45.066,NaN
40617,45.226,45.374,45.205,45.246,NaN
40618,45.186,45.248,45.1,45.117,NaN
40619,45.178,45.282,45.12,45.185,NaN
40620,45.078,45.148,45.012,45.126,NaN
40623,45.025,45.102,45.002,45.014,NaN
40624,44.96,45.022,44.94,44.964,NaN
40625,45.03,45.04,44.835,44.852,NaN
40626,44.88,44.9,44.715,44.756,NaN
40627,44.699,44.708,44.61,44.675,NaN
40630,44.701,44.906,44.701,44.837,NaN
40631,44.845,44.845,44.665,44.782,NaN
40632,44.745,44.795,44.722,44.755,NaN
40633,44.703,44.745,44.513,44.585,NaN
40638,44.42,44.475,44.395,44.416,NaN
40639,44.26,44.27,44.142,44.17,NaN
40640,44.165,44.283,44.096,44.205,NaN
40641,44.08,44.135,43.979,44.077,NaN
40644,44.04,44.395,44.04,44.395,NaN
40646,44.575,44.593,44.415,44.505,NaN
40648,44.498,44.58,44.325,44.335,NaN
40651,44.365,44.458,44.258,44.458,NaN
40652,44.542,44.7,44.464,44.485,NaN
40653,44.396,44.449,44.304,44.328,NaN
40654,44.24,44.373,44.237,44.367,NaN
40658,44.413,44.542,44.413,44.49,NaN
40659,44.565,44.625,44.475,44.52,NaN
40660,44.42,44.487,44.367,44.435,NaN
40661,44.265,44.439,44.265,44.434,NaN
40662,44.43,44.475,44.215,44.219,NaN
40665,44.26,44.376,44.26,44.335,NaN
40666,44.401,44.533,44.3,44.515,NaN
40667,44.605,44.625,44.465,44.468,NaN
40668,44.601,44.772,44.52,44.763,NaN
40669,44.845,44.905,44.705,44.795,NaN
40672,44.725,44.727,44.63,44.715,NaN
40673,44.645,44.807,44.62,44.758,NaN
40674,44.665,44.726,44.645,44.695,NaN
40675,44.765,45.007,44.745,45,NaN
40676,44.895,45.054,44.828,44.865,NaN
40679,44.94,45.179,44.932,45.159,NaN
40681,45.045,45.108,45.016,45.057,NaN
40682,44.965,45.047,44.925,44.976,NaN
40683,44.953,45.02,44.889,45.016,NaN
40686,45.163,45.323,45.135,45.235,NaN
40687,45.185,45.267,45.129,45.209,NaN
40688,45.245,45.43,45.245,45.333,NaN
40689,45.237,45.337,45.227,45.308,NaN
40690,45.191,45.261,45.154,45.167,NaN
40693,45.105,45.145,45.038,45.08,NaN
40694,45.06,45.095,44.97,45.06,NaN
40695,45.01,45.013,44.775,44.843,NaN
40696,44.975,44.984,44.825,44.829,NaN
40697,44.814,44.925,44.79,44.819,NaN
40700,44.805,44.805,44.694,44.763,NaN
40701,44.79,44.826,44.655,44.676,NaN
40702,44.715,44.755,44.575,44.703,NaN
40703,44.72,44.774,44.645,44.735,NaN
40704,44.669,44.769,44.66,44.721,NaN
40707,44.89,44.915,44.825,44.859,NaN
40708,44.78,44.837,44.718,44.741,NaN
40709,44.737,44.776,44.665,44.773,NaN
40710,44.869,44.943,44.825,44.907,NaN
40711,44.86,44.973,44.83,44.866,NaN
40714,44.875,45.061,44.86,45.006,NaN
40715,44.935,44.97,44.841,44.845,NaN
40716,44.825,44.91,44.805,44.895,NaN
40717,44.916,44.976,44.886,44.955,NaN
40718,44.953,45.026,44.925,44.995,NaN
40721,45.135,45.145,45.02,45.035,NaN
40722,44.985,45.065,44.966,45.04,NaN
40723,44.96,45.004,44.865,44.866,NaN
40724,44.725,44.774,44.665,44.698,NaN
40725,44.682,44.682,44.519,44.583,NaN
40728,44.495,44.516,44.337,44.425,NaN
40729,44.447,44.543,44.383,44.438,NaN
40730,44.425,44.5,44.335,44.49,NaN
40731,44.44,44.455,44.365,44.422,NaN
40732,44.329,44.389,44.307,44.328,NaN
40735,44.33,44.494,44.33,44.485,NaN
40736,44.565,44.765,44.565,44.711,NaN
40737,44.59,44.631,44.523,44.525,NaN
40738,44.446,44.56,44.441,44.496,NaN
40739,44.52,44.587,44.474,44.517,NaN
40742,44.515,44.606,44.515,44.575,NaN
40743,44.54,44.598,44.484,44.5,NaN
40744,44.456,44.507,44.445,44.456,NaN
40745,44.438,44.534,44.425,44.51,NaN
40746,44.385,44.415,44.354,44.355,NaN
40749,44.407,44.438,44.384,44.401,NaN
40750,44.337,44.365,44.175,44.185,NaN
40751,44.11,44.117,43.855,44.085,NaN
40752,44.15,44.174,44.013,44.076,NaN
40753,44.084,44.248,44.053,44.188,NaN
40756,44.044,44.106,44.026,44.076,NaN
40757,44.109,44.297,44.07,44.276,NaN
40758,44.375,44.407,44.285,44.314,NaN
40759,44.304,44.576,44.303,44.553,NaN
40760,44.76,44.855,44.72,44.74,NaN
40763,44.904,45.065,44.885,44.977,NaN
40764,45.37,45.396,45.075,45.211,NaN
40765,45.015,45.29,44.953,45.254,NaN
40766,45.32,45.456,45.212,45.404,NaN
40767,45.264,45.465,45.26,45.337,NaN
40771,45.182,45.387,45.174,45.387,NaN
40772,45.335,45.462,45.33,45.41,NaN
40773,45.438,45.751,45.422,45.748,NaN
40777,45.81,46.093,45.667,45.671,NaN
40778,45.73,45.756,45.565,45.634,NaN
40779,45.697,46.035,45.697,45.995,NaN
40780,46.063,46.216,45.945,46.057,NaN
40781,46.102,46.17,45.981,46.155,NaN
40784,46.06,46.076,45.773,46.054,NaN
40785,46,46.142,45.904,46.095,NaN
40788,45.928,45.977,45.788,45.788,NaN
40791,45.87,46.024,45.85,45.986,NaN
40792,46.056,46.155,45.964,46.109,NaN
40793,46.05,46.185,45.98,46.167,NaN
40794,46.18,46.275,46.145,46.196,NaN
40795,46.23,46.587,46.23,46.565,NaN
40798,46.87,47.225,46.565,47.225,NaN
40799,47.15,47.66,46.964,47.595,NaN
40800,47.8,48.011,47.585,47.655,NaN
40801,47.62,47.917,47.524,47.555,NaN
40802,47.545,47.55,47.225,47.267,NaN
40805,47.57,47.837,47.555,47.818,NaN
40806,48.14,48.242,47.915,48.056,NaN
40807,47.97,48.335,47.835,48.335,NaN
40808,48.82,49.575,48.681,49.575,NaN
40809,49.435,49.89,49.038,49.435,NaN
40812,49.44,49.78,49.335,49.459,NaN
40813,49.19,49.3,49.061,49.075,NaN
40814,49.15,49.215,48.657,48.752,NaN
40815,49.08,49.17,48.856,48.964,NaN
40819,49.5,49.57,49.144,49.159,NaN
40820,49.53,49.53,49.214,49.4,NaN
40821,49.2,49.515,49.12,49.345,NaN
40823,49.222,49.225,48.995,49.155,NaN
40826,49.06,49.141,48.895,48.976,NaN
40827,48.88,49.395,48.866,49.325,NaN
40828,49.3,49.475,48.932,48.96,NaN
40829,48.98,49.233,48.903,49.125,NaN
40830,49.15,49.23,48.987,49.023,NaN
40833,48.88,48.97,48.685,48.95,NaN
40834,49.093,49.358,49.066,49.295,NaN
40835,49.19,49.245,49.105,49.155,NaN
40836,49.4,49.816,49.375,49.807,NaN
40837,50.1,50.324,49.965,50.023,NaN
40840,50,50.01,49.775,49.835,NaN
40841,49.64,49.77,49.489,49.508,NaN
40842,49.51,49.51,49.502,49.502,NaN
40843,49.51,49.51,49.37,49.37,NaN
40844,49,49,48.735,48.765,NaN
40847,48.78,48.907,48.612,48.695,NaN
40848,48.87,49.318,48.84,49.265,NaN
40849,49.39,49.425,49.155,49.185,NaN
40850,49.44,49.563,49.135,49.139,NaN
40851,49.145,49.259,48.985,49.111,NaN
40855,49.13,49.52,49.12,49.48,NaN
40856,49.41,50.185,49.4,50.175,NaN
40858,50.385,50.44,49.975,50.115,NaN
40861,49.95,50.43,49.92,50.29,NaN
40862,50.44,50.74,50.405,50.674,NaN
40863,50.925,50.955,50.605,50.737,NaN
40864,50.814,50.928,50.64,50.896,NaN
40865,50.9,51.405,50.9,51.335,NaN
40868,51.52,52.155,51.38,52.145,NaN
40869,52.16,52.733,52.16,52.322,NaN
40870,52.55,52.585,51.75,52.375,NaN
40871,52.35,52.39,52.025,52.071,NaN
40872,52.35,52.455,52.075,52.255,NaN
40875,52.255,52.255,51.865,51.965,NaN
40876,51.972,52.125,51.88,52.013,NaN
40877,51.96,52.429,51.96,52.211,NaN
40878,51.905,51.905,51.405,51.468,NaN
40879,51.43,51.675,51.197,51.205,NaN
40882,51.53,51.53,51.231,51.416,NaN
40883,51.407,51.413,51.27,51.27,NaN
40884,51.35,51.72,51.339,51.718,NaN
40885,51.765,51.91,51.675,51.76,NaN
40886,52.25,52.355,51.985,52.041,NaN
40889,52.16,52.839,52.117,52.835,NaN
40890,52.1,53.519,52.1,53.225,NaN
40891,53.36,53.885,53.355,53.715,NaN
40892,54.21,54.305,53.617,53.645,NaN
40893,53.428,53.432,52.208,52.74,NaN
40896,52.85,53.25,52.725,52.885,NaN
40897,53.01,53.1,52.87,52.888,NaN
40898,52.75,52.81,52.455,52.485,NaN
40899,52.85,52.9,52.61,52.727,NaN
40900,52.7,52.959,52.587,52.959,NaN
40903,52.8,52.935,52.665,52.711,NaN
40904,52.74,53.125,52.73,53.028,NaN
40905,53.063,53.44,53.034,53.054,NaN
40906,53.33,53.499,53.049,53.055,NaN
40907,53.25,53.51,53.053,53.065,NaN
40910,53.21,53.345,53.115,53.306,NaN
40911,53,53.295,53,53.225,NaN
40912,53.22,53.22,52.921,52.975,NaN
40913,53.1,53.1,52.61,52.985,NaN
40914,52.915,52.96,52.695,52.721,NaN
40917,52.73,52.869,52.495,52.515,NaN
40918,52.405,52.505,51.705,51.705,NaN
40919,52.315,52.315,51.546,51.892,NaN
40920,51.87,51.928,51.545,51.59,NaN
40921,51.59,51.59,51.301,51.528,NaN
40924,51.75,51.8,51.385,51.395,NaN
40925,51.15,51.225,50.71,50.711,NaN
40926,50.71,50.844,50.391,50.415,NaN
40927,50.307,50.461,50.075,50.235,NaN
40928,50.307,50.485,50.18,50.334,NaN
40931,50.34,50.41,50.056,50.083,NaN
40932,50.05,50.13,49.925,50.069,NaN
40933,50.07,50.249,49.985,50.099,NaN
40935,49.73,49.821,49.296,49.315,NaN
40938,49.31,49.809,49.305,49.799,NaN
40939,49.6,49.745,49.322,49.455,NaN
40940,49.45,49.666,49.24,49.274,NaN
40941,49.135,49.26,48.95,49.16,NaN
40942,49.15,49.195,48.669,48.695,NaN
40945,48.605,49.145,48.605,49.055,NaN
40946,48.88,49.231,48.816,49.212,NaN
40947,49.12,49.255,48.985,49.15,NaN
40948,49.19,49.529,49.167,49.505,NaN
40949,49.65,49.761,49.369,49.41,NaN
40952,49.41,49.542,49.125,49.196,NaN
40953,49.3,49.425,49.237,49.369,NaN
40954,49.355,49.36,49.188,49.288,NaN
40956,49.32,49.45,49.154,49.275,NaN
40960,49.105,49.318,49.057,49.306,NaN
40961,49.26,49.304,49.16,49.229,NaN
40962,49.315,49.315,49.127,49.199,NaN
40963,49.04,49.163,48.93,48.945,NaN
40966,48.965,49.305,48.943,49.234,NaN
40967,49.1,49.219,49.029,49.076,NaN
40968,48.915,49.032,48.852,49.024,NaN
40969,49.08,49.258,49.065,49.22,NaN
40970,49.155,49.566,49.155,49.5,NaN
40973,49.75,49.955,49.695,49.854,NaN
40974,49.87,50.388,49.87,50.376,NaN
40975,50.5,50.756,50.241,50.286,NaN
40977,50.157,50.157,49.83,49.855,NaN
40980,49.93,50.015,49.865,49.983,NaN
40981,49.88,49.947,49.795,49.935,NaN
40982,49.95,50.02,49.834,49.905,NaN
40983,50.11,50.494,50.105,50.386,NaN
40984,50.23,50.436,50.184,50.191,NaN
40987,50.2,50.265,50.07,50.234,NaN
40988,50.21,50.425,50.188,50.395,NaN
40989,50.51,50.685,50.419,50.657,NaN
40990,50.71,51.265,50.697,51.219,NaN
40994,51.165,51.492,51.085,51.27,NaN
40995,51.14,51.155,50.627,50.715,NaN
40996,50.85,51.025,50.725,50.785,NaN
40997,50.987,51.405,50.981,51.395,NaN
40998,51.23,51.305,50.803,50.875,NaN
41002,50.86,50.865,50.515,50.715,NaN
41003,50.88,51.237,50.862,51.105,NaN
41008,51.25,51.4,51.135,51.145,NaN
41009,51.125,51.477,51.061,51.475,NaN
41010,51.54,51.645,51.375,51.425,NaN
41011,51.385,51.595,51.295,51.589,NaN
41012,51.36,51.525,51.303,51.303,NaN
41015,51.65,51.725,51.58,51.678,NaN
41016,51.6,51.665,51.47,51.484,NaN
41017,51.388,51.795,51.367,51.78,NaN
41018,51.865,52.155,51.785,52.145,NaN
41019,52.15,52.197,51.955,52.085,NaN
41022,52.1,52.58,52.015,52.525,NaN
41023,52.7,52.87,52.597,52.695,NaN
41024,52.65,52.748,52.47,52.545,NaN
41025,52.53,52.654,52.426,52.555,NaN
41026,52.48,52.73,52.465,52.542,NaN
41029,52.45,52.745,52.43,52.736,NaN
41031,52.64,53.02,52.587,52.955,NaN
41032,53.11,53.474,53.105,53.415,NaN
41033,53.64,53.921,53.435,53.475,NaN
41036,53.642,53.765,52.852,52.915,NaN
41037,52.82,53.318,52.675,53.145,NaN
41038,53.53,53.836,53.435,53.828,NaN
41039,53.91,53.91,52.949,53.425,NaN
41040,53.49,53.695,53.389,53.635,NaN
41043,53.67,53.958,53.535,53.956,NaN
41044,54.05,54.07,53.645,53.795,NaN
41045,54.1,54.521,54.035,54.498,NaN
41046,54.406,54.585,54.216,54.485,NaN
41047,54.6,54.907,54.392,54.425,NaN
41050,54.445,55.055,54.435,55.035,NaN
41051,54.595,55.47,54.595,55.395,NaN
41052,55.66,56.22,55.519,56.005,NaN
41053,56.19,56.351,55.635,55.655,NaN
41054,56.005,56.085,55.235,55.375,NaN
41057,55.28,55.37,55.009,55.186,NaN
41058,55.36,55.885,55.36,55.675,NaN
41059,55.96,56.233,55.95,56.233,NaN
41060,56.51,56.515,55.735,56.11,NaN
41061,56.18,56.282,55.585,55.585,NaN
41064,55.5,55.68,55.261,55.665,NaN
41065,55.38,55.915,55.281,55.645,NaN
41066,55.45,55.615,55.325,55.365,NaN
41067,55.05,55.234,54.932,54.945,NaN
41068,55.18,55.656,55.144,55.455,NaN
41071,55.09,55.818,55.075,55.735,NaN
41072,55.795,56.078,55.714,55.815,NaN
41073,55.695,55.915,55.55,55.685,NaN
41074,55.75,55.89,55.621,55.815,NaN
41075,55.67,55.778,55.476,55.49,NaN
41078,55.34,56.036,55.273,55.92,NaN
41079,55.9,56.125,55.86,55.97,NaN
41080,55.898,56.157,55.82,56.146,NaN
41081,56.44,56.555,56.265,56.307,NaN
41082,56.8,57.326,56.755,57.155,NaN
41085,56.735,57.117,56.392,57.015,NaN
41086,56.95,57.195,56.83,57.035,NaN
41087,56.977,57.242,56.977,57.138,NaN
41088,56.992,57.105,56.805,56.806,NaN
41089,56.555,56.665,55.633,55.638,NaN
41092,55.5,55.915,55.426,55.426,NaN
41093,55.36,55.436,54.347,54.373,NaN
41094,54.36,54.875,54.175,54.495,NaN
41095,54.8,55.231,54.79,54.955,NaN
41096,55.4,55.645,55.335,55.455,NaN
41099,55.9,56.075,55.815,55.938,NaN
41100,55.875,55.93,55.335,55.395,NaN
41101,55.63,55.731,55.26,55.635,NaN
41102,55.615,55.955,55.545,55.925,NaN
41103,55.75,55.755,55.105,55.145,NaN
41106,54.905,55.376,54.775,55.325,NaN
41107,54.9,55.215,54.815,55.116,NaN
41108,54.995,55.55,54.983,55.495,NaN
41109,55.345,55.445,55.105,55.135,NaN
41110,55.25,55.335,55.076,55.326,NaN
41113,55.7,55.979,55.615,55.974,NaN
41114,56.055,56.175,55.903,56.12,NaN
41115,56.315,56.435,56.116,56.16,NaN
41116,56.04,56.112,55.511,55.515,NaN
41117,55.538,55.585,55.306,55.34,NaN
41120,55.285,55.62,55.196,55.587,NaN
41121,55.42,55.86,55.39,55.655,NaN
41122,55.745,55.755,55.425,55.474,NaN
41123,55.75,55.901,55.63,55.835,NaN
41124,56.17,56.193,55.725,55.755,NaN
41127,55.48,55.655,55.235,55.523,NaN
41128,55.305,55.506,55.065,55.069,NaN
41129,55.08,55.415,54.958,55.415,NaN
41130,55.185,55.39,55.05,55.295,NaN
41131,55.34,55.475,55.255,55.285,NaN
41134,55.275,55.475,55.197,55.343,NaN
41135,55.55,55.78,55.47,55.659,NaN
41137,56.01,56.039,55.715,55.775,NaN
41138,55.708,55.782,55.608,55.745,NaN
41142,55.55,55.615,55.455,55.575,NaN
41143,55.445,55.56,55.355,55.491,NaN
41144,55.19,55.31,55.125,55.255,NaN
41145,55.35,55.545,55.345,55.495,NaN
41148,55.49,55.725,55.475,55.689,NaN
41149,55.81,55.885,55.617,55.675,NaN
41150,55.7,55.745,55.56,55.625,NaN
41151,55.715,55.75,55.575,55.634,NaN
41152,55.74,55.774,55.526,55.526,NaN
41155,55.44,55.596,55.405,55.535,NaN
41156,55.37,55.699,55.37,55.66,NaN
41157,55.75,55.955,55.742,55.913,NaN
41158,55.805,56.028,55.625,55.645,NaN
41159,55.565,55.625,55.355,55.395,NaN
41162,55.265,55.484,55.265,55.445,NaN
41163,55.4,55.545,55.315,55.345,NaN
41164,55.145,55.335,55.145,55.229,NaN
41165,55.3,55.485,55.291,55.415,NaN
41166,54.905,54.917,54.305,54.306,NaN
41169,53.8,54.153,53.655,54.008,NaN
41170,54.175,54.377,53.955,53.995,NaN
41172,54.3,54.417,54.21,54.385,NaN
41173,54.155,54.212,53.34,53.465,NaN
41176,53.401,53.544,53.055,53.475,NaN
41177,53.38,53.625,53.315,53.375,NaN
41178,53.51,53.625,53.425,53.523,NaN
41179,53.49,53.555,53.005,53.025,NaN
41180,52.722,52.885,52.495,52.86,NaN
41183,53,53.005,52.39,52.395,NaN
41185,52.5,52.572,52.12,52.165,NaN
41186,52.005,52.05,51.665,51.745,NaN
41187,51.36,52.035,51.36,51.855,NaN
41190,51.95,52.646,51.95,52.645,NaN
41191,52.39,52.839,52.231,52.735,NaN
41192,52.96,53.185,52.846,53.056,NaN
41193,53.087,53.165,52.635,52.685,NaN
41194,52.66,52.905,52.557,52.82,NaN
41197,52.987,53.155,52.905,53.015,NaN
41198,53.02,53.02,52.782,52.885,NaN
41199,52.745,52.975,52.675,52.877,NaN
41200,52.95,53.435,52.915,53.415,NaN
41201,53.695,53.995,53.575,53.84,NaN
41204,53.9,53.9,53.46,53.475,NaN
41205,53.405,53.845,53.34,53.735,NaN
41207,53.82,53.835,53.472,53.575,NaN
41211,53.86,54.085,53.765,54.072,NaN
41212,54.1,54.195,53.855,53.966,NaN
41213,54.002,54.205,53.775,53.814,NaN
41214,53.87,53.925,53.675,53.705,NaN
41215,53.67,53.874,53.61,53.811,NaN
41218,54,54.641,53.995,54.608,NaN
41219,54.705,54.775,54.355,54.435,NaN
41220,54.28,54.36,53.965,54.215,NaN
41221,54.51,54.675,54.345,54.375,NaN
41222,54.305,54.778,54.275,54.755,NaN
41225,54.69,55.125,54.615,54.875,NaN
41228,54.99,55.09,54.675,54.685,NaN
41229,54.85,55.195,54.835,55.175,NaN
41232,55.07,55.105,54.935,55.065,NaN
41233,54.81,55.142,54.785,55.095,NaN
41234,55.12,55.375,55.057,55.125,NaN
41235,55.08,55.275,55.005,55.21,NaN
41236,55.2,55.605,55.195,55.515,NaN
41239,55.45,55.883,55.425,55.725,NaN
41240,55.545,55.781,55.435,55.455,NaN
41242,55.57,55.617,54.775,54.825,NaN
41243,54.57,54.703,54.265,54.265,NaN
41246,54.27,54.769,54.245,54.765,NaN
41247,54.77,54.965,54.595,54.685,NaN
41248,54.59,54.635,54.445,54.556,NaN
41249,54.37,54.575,54.045,54.138,NaN
41250,54.26,54.555,54.105,54.475,NaN
41253,54.295,54.565,54.255,54.505,NaN
41254,54.405,54.453,54.255,54.275,NaN
41255,54.3,54.335,54.165,54.319,NaN
41256,54.17,54.515,54.105,54.465,NaN
41257,54.45,54.685,54.266,54.485,NaN
41260,54.41,54.895,54.405,54.845,NaN
41261,54.71,55.055,54.705,54.851,NaN
41262,54.9,54.929,54.51,54.545,NaN
41263,54.67,54.905,54.645,54.855,NaN
41264,55,55.258,54.98,55.068,NaN
41267,55.09,55.215,54.955,54.955,NaN
41269,55.09,55.1,54.805,54.845,NaN
41270,54.795,54.986,54.735,54.934,NaN
41271,54.86,54.977,54.755,54.775,NaN
41274,54.755,55.005,54.627,54.985,NaN
41275,54.785,54.92,54.665,54.685,NaN
41276,54.4,54.545,54.265,54.36,NaN
41277,54.42,54.605,54.373,54.49,NaN
41278,54.85,55.174,54.765,55.075,NaN
41281,55.01,55.335,54.929,55.225,NaN
41282,55.15,55.383,54.985,55.005,NaN
41283,55.02,55.085,54.715,54.755,NaN
41284,54.75,54.865,54.565,54.575,NaN
41285,54.4,54.845,54.395,54.76,NaN
41288,54.75,54.825,54.415,54.498,NaN
41289,54.37,54.695,54.305,54.625,NaN
41290,54.73,54.895,54.675,54.695,NaN
41291,54.71,54.78,54.221,54.39,NaN
41292,54.2,54.2,53.705,53.705,NaN
41295,53.725,53.955,53.635,53.755,NaN
41296,53.63,53.89,53.38,53.805,NaN
41297,53.68,53.885,53.585,53.674,NaN
41298,53.71,53.892,53.625,53.685,NaN
41302,53.81,53.955,53.754,53.915,NaN
41303,53.94,53.96,53.545,53.775,NaN
41304,53.54,53.6,53.275,53.305,NaN
41305,53.23,53.375,53.065,53.224,NaN
41306,53.25,53.405,53.165,53.197,NaN
41309,53.015,53.324,52.915,53.285,NaN
41310,53.39,53.405,53.075,53.127,NaN
41311,52.98,53.265,52.89,53.165,NaN
41312,53.13,53.33,53.069,53.222,NaN
41313,53.47,53.665,53.422,53.505,NaN
41316,53.65,53.865,53.608,53.855,NaN
41317,53.94,54.105,53.845,53.852,NaN
41318,53.75,53.917,53.75,53.818,NaN
41319,53.83,53.965,53.805,53.929,NaN
41320,53.9,54.248,53.855,54.225,NaN
41323,54.43,54.445,54.145,54.2,NaN
41325,54.175,54.189,54.025,54.065,NaN
41326,54.37,54.62,54.295,54.48,NaN
41327,54.52,54.545,54.15,54.185,NaN
41330,54.22,54.245,53.865,53.871,NaN
41331,54.07,54.245,54,54.095,NaN
41332,54.05,54.055,53.623,53.875,NaN
41333,53.68,54.49,53.605,54.36,NaN
41334,54.727,54.945,54.373,54.905,NaN
41337,55.15,55.155,54.795,54.865,NaN
41338,54.82,54.925,54.605,54.925,NaN
41339,54.735,54.895,54.615,54.719,NaN
41340,54.845,54.91,54.505,54.565,NaN
41341,54.52,54.56,54.27,54.291,NaN
41344,54.42,54.525,54.169,54.41,NaN
41345,54.3,54.41,54.18,54.193,NaN
41346,54.15,54.381,54.015,54.305,NaN
41347,54.36,54.525,54.165,54.365,NaN
41348,54.15,54.215,53.975,54.02,NaN
41351,54.29,54.345,54.123,54.175,NaN
41352,54.06,54.475,53.895,54.375,NaN
41353,54.56,54.565,54.264,54.365,NaN
41354,54.3,54.35,54.19,54.282,NaN
41355,54.355,54.419,54.258,54.335,NaN
41358,54.155,54.231,54.055,54.179,NaN
41359,54.265,54.415,54.255,54.365,NaN
41361,54.47,54.475,54.27,54.28,NaN
41366,54.29,54.458,54.242,54.267,NaN
41367,54.41,54.462,54.349,54.44,NaN
41368,54.5,54.895,54.495,54.885,NaN
41369,54.8,54.892,54.771,54.813,NaN
41372,54.79,54.84,54.505,54.575,NaN
41373,54.49,54.66,54.405,54.585,NaN
41374,54.41,54.565,54.405,54.525,NaN
41376,54.35,54.625,54.345,54.525,NaN
41379,54.65,54.801,54.565,54.629,NaN
41380,54.64,54.645,54.115,54.145,NaN
41381,53.935,54.205,53.766,54.205,NaN
41382,54.14,54.245,53.955,53.971,NaN
41386,53.92,54.245,53.92,54.145,NaN
41387,54.24,54.425,54.24,54.385,NaN
41389,54.18,54.259,54.105,54.222,NaN
41390,54.14,54.411,54.14,54.375,NaN
41393,54.35,54.388,54.205,54.245,NaN
41394,54.12,54.265,53.785,53.805,NaN
41396,53.73,53.955,53.665,53.815,NaN
41397,53.88,54.061,53.88,53.935,NaN
41400,53.77,54.245,53.77,54.188,NaN
41401,54.18,54.358,54.068,54.145,NaN
41402,54.05,54.21,54.045,54.165,NaN
41403,54.14,54.335,54.14,54.245,NaN
41404,54.6,54.805,54.43,54.8,NaN
41407,54.86,55.025,54.705,54.735,NaN
41408,54.75,54.83,54.54,54.816,NaN
41409,54.86,54.91,54.655,54.78,NaN
41410,54.75,54.898,54.655,54.785,NaN
41411,54.88,54.998,54.809,54.885,NaN
41414,55.05,55.135,54.959,55.112,NaN
41415,54.97,55.415,54.945,55.415,NaN
41416,55.37,55.644,55.343,55.475,NaN
41417,55.86,56.015,55.545,55.585,NaN
41418,55.61,55.766,55.45,55.642,NaN
41421,55.76,55.782,55.525,55.575,NaN
41422,55.68,55.998,55.635,55.965,NaN
41423,56.17,56.39,56.09,56.167,NaN
41424,56.15,56.435,56.045,56.375,NaN
41425,56.59,56.76,56.395,56.505,NaN
41428,56.55,56.825,56.419,56.765,NaN
41429,56.57,56.74,56.405,56.453,NaN
41430,56.43,56.825,56.305,56.731,NaN
41431,56.97,57.002,56.785,56.846,NaN
41432,56.7,57.121,56.685,57.065,NaN
41435,57.25,58.156,57.17,58.138,NaN
41436,58.32,58.985,58.248,58.395,NaN
41437,58.19,58.375,57.724,57.79,NaN
41438,58.11,58.563,57.945,57.99,NaN
41439,57.78,57.925,57.455,57.526,NaN
41442,57.7,57.885,57.555,57.865,NaN
41443,58.25,58.813,58.225,58.773,NaN
41444,58.82,58.915,58.61,58.715,NaN
41445,59.62,59.98,59.505,59.572,NaN
41446,59.8,59.805,59.153,59.267,NaN
41449,59.55,59.822,59.54,59.675,NaN
41450,59.65,59.795,59.45,59.675,NaN
41451,59.74,60.765,59.73,60.73,NaN
41452,60.45,60.629,60.105,60.2,NaN
41453,60,60.02,59.203,59.39,NaN
41456,59.47,59.536,58.965,59.523,NaN
41457,59.5,59.718,59.171,59.665,NaN
41458,59.88,60.392,59.855,60.22,NaN
41459,60.1,60.385,59.907,60.13,NaN
41460,60.11,60.59,60.01,60.241,NaN
41463,60.95,61.212,60.595,60.615,NaN
41464,59.75,60.483,59.715,60.145,NaN
41465,60.03,60.211,59.636,59.655,NaN
41466,59.32,59.98,59.32,59.68,NaN
41467,59.76,60.167,59.605,59.63,NaN
41470,59.94,60.078,59.767,59.895,NaN
41471,59.2,59.495,59.125,59.315,NaN
41472,59.05,59.575,59.045,59.345,NaN
41473,59.61,59.78,59.495,59.685,NaN
41474,59.72,59.865,59.3,59.349,NaN
41477,59.3,59.735,59.3,59.719,NaN
41478,59.48,59.871,59.48,59.765,NaN
41479,59.405,59.59,59.009,59.127,NaN
41480,59.3,59.375,58.77,59.108,NaN
41481,58.83,59.13,58.703,59.045,NaN
41484,59.08,59.453,59.08,59.417,NaN
41485,59.63,60.575,59.534,60.485,NaN
41486,60.85,61.203,60.36,60.36,NaN
41487,60.79,60.903,60.248,60.45,NaN
41488,60.62,61.175,60.585,61.095,NaN
41491,61.02,61.025,60.722,60.875,NaN
41492,61.05,61.805,60.785,60.785,NaN
41493,61.26,61.45,60.94,61.3,NaN
41494,61.16,61.392,60.815,60.86,NaN
41498,60.45,61.301,60.45,61.275,NaN
41499,61.36,61.665,60.971,61.2,NaN
41500,61.46,61.575,61.295,61.444,NaN
41502,61.32,62.005,61.32,61.655,NaN
41505,62.345,63.23,62.23,63.13,NaN
41506,63.71,64.12,63.175,63.23,NaN
41507,63.43,64.55,63.115,64.045,NaN
41508,64.9,65.56,64.515,64.63,NaN
41509,64.3,64.752,63.33,63.33,NaN
41512,63.68,64.73,63.65,64.306,NaN
41513,65,66.19,65,66.19,NaN
41514,66.9,68.845,66.9,68.845,NaN
41515,67.2,67.891,66.505,66.595,NaN
41516,67,67.43,65.705,65.705,NaN
41519,66.1,66.301,65.69,66.015,NaN
41520,66.25,68.255,66.25,67.73,NaN
41521,68.1,68.62,66.815,67.09,NaN
41522,66.1,66.522,65.53,66.115,NaN
41523,66,66.3,65.01,65.25,NaN
41527,64.44,64.505,63.765,63.84,NaN
41528,63.89,64.203,63.063,63.365,NaN
41529,63.23,63.96,62.919,63.535,NaN
41530,63.72,64.183,63.365,63.495,NaN
41533,62.81,62.95,62.475,62.845,NaN
41534,63.38,63.64,62.955,63.37,NaN
41535,63.25,63.46,63.055,63.385,NaN
41536,61.71,62.15,61.645,61.775,NaN
41537,62.05,62.602,61.885,62.278,NaN
41540,62.56,62.735,62.335,62.597,NaN
41541,62.81,62.907,62.445,62.77,NaN
41542,62.765,62.885,62.325,62.435,NaN
41543,62.29,62.37,61.977,62.079,NaN
41544,61.905,62.565,61.765,62.498,NaN
41547,62.985,62.998,62.5,62.617,NaN
41548,62.51,62.565,62.169,62.465,NaN
41550,62.16,62.215,61.649,61.74,NaN
41551,61.86,61.941,61.264,61.44,NaN
41554,61.52,61.955,61.495,61.795,NaN
41555,61.73,61.905,61.614,61.795,NaN
41556,62.08,62.305,61.73,61.935,NaN
41557,62.2,62.285,61.33,61.36,NaN
41558,61.19,61.37,61.014,61.08,NaN
41561,61.155,61.545,61.127,61.545,NaN
41562,61.25,61.965,61.25,61.845,NaN
41564,61.55,61.72,61.218,61.22,NaN
41565,61.19,61.71,60.935,61.265,NaN
41568,61.345,61.58,61.34,61.521,NaN
41569,61.69,61.825,61.535,61.65,NaN
41570,61.11,61.671,61.075,61.59,NaN
41571,61.58,61.685,61.36,61.47,NaN
41572,61.51,61.79,61.432,61.46,NaN
41575,61.41,61.6,61.385,61.525,NaN
41576,61.61,61.72,61.315,61.322,NaN
41577,61.45,61.58,61.231,61.237,NaN
41578,61.377,61.566,61.3,61.495,NaN
41579,61.96,61.965,61.694,61.73,NaN
41583,61.95,61.95,61.615,61.625,NaN
41584,62.01,62.41,61.835,62.4,NaN
41585,62.4,62.73,62.34,62.415,NaN
41586,62.71,62.751,62.47,62.475,NaN
41589,62.99,63.444,62.94,63.237,NaN
41590,63.44,63.835,63.345,63.695,NaN
41591,63.91,63.91,63.29,63.32,NaN
41592,63.15,63.325,62.94,63.12,NaN
41596,62.85,62.915,62.375,62.415,NaN
41597,62.21,62.39,61.87,62.375,NaN
41598,62.25,62.68,62.244,62.578,NaN
41599,62.91,62.976,62.792,62.94,NaN
41600,62.9,63.084,62.843,62.865,NaN
41603,62.65,62.688,62.438,62.495,NaN
41604,62.45,62.536,62.28,62.515,NaN
41605,62.45,62.46,62.154,62.155,NaN
41606,62.4,62.475,62.265,62.41,NaN
41607,62.3,62.641,62.205,62.449,NaN
41610,62.33,62.355,61.965,62.32,NaN
41611,62.27,62.445,62.27,62.365,NaN
41612,62.45,62.535,62.05,62.055,NaN
41613,61.75,61.885,61.535,61.765,NaN
41614,61.64,61.705,61.407,61.415,NaN
41617,60.85,61.211,60.847,61.135,NaN
41618,60.98,61.29,60.98,61.038,NaN
41619,61.225,61.415,61.225,61.252,NaN
41620,61.61,61.901,61.48,61.83,NaN
41621,62.11,62.275,62.053,62.125,NaN
41624,62.14,62.215,61.737,61.75,NaN
41625,61.75,62.03,61.75,62.02,NaN
41626,61.82,62.181,61.775,62.105,NaN
41627,62.25,62.477,62.068,62.116,NaN
41628,62.41,62.455,62.01,62.04,NaN
41631,62.07,62.075,61.835,61.959,NaN
41632,61.83,61.97,61.77,61.795,NaN
41634,61.86,62.165,61.845,62.164,NaN
41635,61.97,62.165,61.835,61.845,NaN
41638,61.95,62.148,61.885,61.915,NaN
41639,61.85,61.925,61.773,61.8,NaN
41640,61.85,61.987,61.82,61.905,NaN
41641,61.92,62.275,61.751,62.267,NaN
41642,62.36,62.56,62.148,62.155,NaN
41645,62.355,62.465,62.236,62.322,NaN
41646,62.4,62.47,62.295,62.305,NaN
41647,62.205,62.266,62.075,62.075,NaN
41648,62.225,62.242,61.971,62.078,NaN
41649,62.005,62.005,61.828,61.905,NaN
41652,61.605,61.642,61.425,61.515,NaN
41654,61.67,61.714,61.424,61.546,NaN
41655,61.675,61.71,61.49,61.542,NaN
41656,61.49,61.55,61.32,61.55,NaN
41659,61.675,61.675,61.545,61.624,NaN
41660,61.545,61.945,61.455,61.891,NaN
41661,61.905,62.015,61.765,61.825,NaN
41662,61.96,62.045,61.888,61.934,NaN
41663,62.125,62.725,62.08,62.685,NaN
41666,62.885,63.305,62.655,63.101,NaN
41667,63.185,63.185,62.505,62.515,NaN
41668,62.335,62.505,62.105,62.407,NaN
41669,62.905,62.905,62.545,62.575,NaN
41670,62.405,62.76,62.355,62.657,NaN
41673,62.705,62.79,62.56,62.575,NaN
41674,62.82,62.82,62.505,62.535,NaN
41675,62.415,62.615,62.365,62.58,NaN
41676,62.4,62.545,62.385,62.388,NaN
41677,62.305,62.417,62.254,62.29,NaN
41680,62.15,62.49,62.075,62.438,NaN
41681,62.373,62.45,62.189,62.218,NaN
41682,62.105,62.178,62.045,62.105,NaN
41683,62.01,62.465,62.01,62.44,NaN
41684,62.245,62.365,61.93,61.93,NaN
41687,61.96,62.081,61.825,61.859,NaN
41688,62.015,62.309,61.96,62.22,NaN
41690,62.355,62.445,62.208,62.23,NaN
41691,62.18,62.185,62.05,62.13,NaN
41694,62.11,62.16,61.949,62.064,NaN
41695,61.975,62.042,61.888,61.958,NaN
41696,61.965,62.06,61.905,61.985,NaN
41698,62.105,62.14,61.755,61.758,NaN
41701,61.955,62.087,61.845,62.042,NaN
41702,62.125,62.145,61.825,61.856,NaN
41703,61.905,61.91,61.664,61.756,NaN
41704,61.535,61.535,61.105,61.115,NaN
41705,61.02,61.167,60.945,61.087,NaN
41708,61.255,61.335,60.79,60.843,NaN
41709,60.845,60.975,60.604,60.954,NaN
41710,61.125,61.265,61.04,61.22,NaN
41711,61.025,61.185,60.915,61.18,NaN
41712,61.415,61.551,61.055,61.19,NaN
41716,61.02,61.205,60.866,61.205,NaN
41717,61.08,61.171,60.915,60.955,NaN
41718,61.385,61.385,61.065,61.333,NaN
41719,61.195,61.205,60.92,60.925,NaN
41722,60.855,60.855,60.645,60.788,NaN
41723,60.605,60.605,60.428,60.48,NaN
41724,60.305,60.31,60.07,60.165,NaN
41725,60.245,60.355,60.125,60.318,NaN
41726,60.18,60.185,59.685,59.89,NaN
41731,59.815,59.92,59.599,59.898,NaN
41732,59.943,60.284,59.833,60.175,NaN
41733,60.355,60.392,60.085,60.085,NaN
41736,59.9,60.242,59.775,60.125,NaN
41738,59.975,60.155,59.83,60.135,NaN
41739,60.045,60.3,60.035,60.07,NaN
41740,60.325,60.337,60.14,60.176,NaN
41744,60.31,60.347,60.203,60.233,NaN
41745,60.295,60.425,60.199,60.39,NaN
41746,60.295,60.498,60.267,60.291,NaN
41750,60.305,60.593,60.305,60.593,NaN
41751,60.69,60.885,60.64,60.767,NaN
41752,60.87,61.193,60.867,61.085,NaN
41754,61.06,61.145,60.539,60.625,NaN
41757,60.615,60.742,60.435,60.648,NaN
41758,60.615,60.635,60.371,60.425,NaN
41759,60.355,60.407,60.267,60.335,NaN
41761,60.23,60.255,60.094,60.163,NaN
41764,60.1,60.245,59.998,60.225,NaN
41765,60.075,60.23,60.055,60.097,NaN
41766,60.023,60.148,59.956,60.135,NaN
41767,59.955,60.093,59.921,60.06,NaN
41768,60.065,60.106,59.924,60.025,NaN
41771,60.005,60.116,59.516,60.05,NaN
41772,59.705,59.926,59.591,59.67,NaN
41774,59.51,59.602,59.095,59.29,NaN
41775,58.985,59.097,58.619,58.782,NaN
41778,58.556,58.61,58.375,58.595,NaN
41779,58.65,58.791,58.514,58.64,NaN
41780,58.72,58.865,58.685,58.78,NaN
41781,58.66,58.69,58.413,58.46,NaN
41782,58.47,58.549,58.335,58.508,NaN
41785,58.455,58.925,58.411,58.715,NaN
41786,58.813,59.102,58.795,59.042,NaN
41787,59.06,59.215,58.813,58.941,NaN
41788,58.925,59.072,58.794,59.035,NaN
41789,59.029,59.136,58.928,59.102,NaN
41792,59.275,59.275,59.05,59.156,NaN
41793,59.175,59.425,59.116,59.39,NaN
41794,59.432,59.453,59.185,59.335,NaN
41795,59.275,59.356,59.227,59.331,NaN
41796,59.17,59.23,59.11,59.182,NaN
41799,59.085,59.215,58.981,59.19,NaN
41800,59.267,59.339,59.225,59.297,NaN
41801,59.325,59.36,59.222,59.276,NaN
41802,59.325,59.362,59.239,59.255,NaN
41803,59.304,59.8,59.304,59.773,NaN
41806,59.84,60.225,59.84,60.165,NaN
41807,60.35,60.525,60.019,60.019,NaN
41808,60.29,60.541,60.053,60.404,NaN
41809,60.055,60.19,59.855,60.086,NaN
41810,60.225,60.335,60.135,60.188,NaN
41813,60.105,60.278,60.04,60.208,NaN
41814,60.155,60.172,60.069,60.12,NaN
41815,60.245,60.383,60.117,60.133,NaN
41816,60.105,60.196,60.095,60.142,NaN
41817,60.085,60.156,60.068,60.085,NaN
41820,60.05,60.264,59.996,60.186,NaN
41821,60.105,60.185,60.053,60.075,NaN
41822,60.065,60.095,59.627,59.694,NaN
41823,59.655,59.844,59.534,59.746,NaN
41824,59.69,59.826,59.638,59.735,NaN
41827,59.8,60.046,59.795,60.015,NaN
41828,59.955,59.995,59.681,59.789,NaN
41829,59.875,59.935,59.671,59.758,NaN
41830,59.705,60.22,59.575,60.205,NaN
41831,60.305,60.305,59.935,59.935,NaN
41834,59.95,60.203,59.906,60.075,NaN
41835,60.115,60.24,60.065,60.135,NaN
41836,60.235,60.273,60.087,60.135,NaN
41837,60.16,60.195,60.102,60.178,NaN
41838,60.455,60.455,60.24,60.288,NaN
41841,60.305,60.325,60.165,60.305,NaN
41842,60.255,60.288,60.181,60.251,NaN
41843,60.13,60.199,60.055,60.105,NaN
41844,60.015,60.127,59.987,60.105,NaN
41845,60.12,60.182,60.068,60.105,NaN
41848,60.085,60.165,60.085,60.138,NaN
41850,60.245,60.245,60.05,60.057,NaN
41851,60.245,60.58,60.204,60.56,NaN
41852,60.765,61.19,60.685,61.185,NaN
41855,60.915,61.165,60.875,60.935,NaN
41856,60.945,60.995,60.695,60.847,NaN
41857,61.035,61.535,61.032,61.505,NaN
41858,61.375,61.55,61.215,61.233,NaN
41859,61.61,61.739,61.145,61.145,NaN
41862,61.08,61.263,61.025,61.179,NaN
41863,61.16,61.222,61.075,61.09,NaN
41864,61.285,61.297,61.212,61.224,NaN
41865,61.105,61.127,60.765,60.769,NaN
41870,60.775,60.785,60.657,60.684,NaN
41871,60.845,60.881,60.515,60.62,NaN
41872,60.7,60.795,60.615,60.675,NaN
41873,60.515,60.565,60.385,60.472,NaN
41876,60.555,60.575,60.407,60.565,NaN
41877,60.535,60.557,60.435,60.435,NaN
41878,60.485,60.511,60.396,60.451,NaN
41879,60.395,60.697,60.364,60.515,NaN
41883,60.51,60.532,60.425,60.528,NaN
41884,60.59,60.693,60.528,60.685,NaN
41885,60.635,60.685,60.335,60.485,NaN
41886,60.465,60.485,60.345,60.365,NaN
41887,60.432,60.514,60.385,60.406,NaN
41890,60.265,60.311,60.197,60.295,NaN
41891,60.435,60.655,60.404,60.605,NaN
41892,60.775,61.035,60.755,60.955,NaN
41893,60.855,60.955,60.725,60.931,NaN
41894,60.972,61.023,60.646,60.66,NaN
41897,60.925,61.17,60.925,61.15,NaN
41898,61.013,61.145,61.008,61.06,NaN
41899,60.975,61.025,60.884,60.915,NaN
41900,61.1,61.197,60.837,60.845,NaN
41901,60.775,60.896,60.735,60.828,NaN
41904,60.855,60.865,60.744,60.82,NaN
41905,60.945,61.005,60.865,60.947,NaN
41906,61.005,61.051,60.924,60.971,NaN
41907,60.943,61.417,60.938,61.345,NaN
41908,61.465,61.617,61.011,61.157,NaN
41911,61.355,61.593,61.318,61.528,NaN
41912,61.605,61.825,61.555,61.758,NaN
41913,61.94,61.945,61.583,61.61,NaN
41919,61.4,61.47,61.305,61.405,NaN
41920,61.465,61.515,61.341,61.395,NaN
41921,61.135,61.135,60.906,61.055,NaN
41922,61.155,61.355,61.114,61.335,NaN
41925,61.3,61.305,61.095,61.105,NaN
41926,60.943,61.462,60.94,61.42,NaN
41928,61.53,61.922,61.435,61.846,NaN
41929,61.685,61.748,61.415,61.443,NaN
41932,61.205,61.375,61.175,61.36,NaN
41933,61.305,61.366,61.25,61.32,NaN
41934,61.155,61.295,61.155,61.288,NaN
41939,61.17,61.365,61.17,61.305,NaN
41940,61.33,61.411,61.296,61.331,NaN
41941,61.255,61.365,61.245,61.358,NaN
41942,61.515,61.554,61.388,61.454,NaN
41943,61.377,61.446,61.335,61.367,NaN
41946,61.505,61.505,61.376,61.415,NaN
41948,61.355,61.491,61.337,61.415,NaN
41950,61.525,61.672,61.489,61.638,NaN
41953,61.45,61.516,61.443,61.505,NaN
41954,61.565,61.645,61.525,61.559,NaN
41955,61.515,61.56,61.462,61.504,NaN
41956,61.491,61.594,61.485,61.565,NaN
41957,61.615,61.828,61.601,61.721,NaN
41960,61.635,61.786,61.63,61.737,NaN
41961,61.79,61.876,61.695,61.746,NaN
41962,61.835,61.992,61.785,61.964,NaN
41963,62.042,62.22,61.931,61.954,NaN
41964,61.885,61.905,61.745,61.775,NaN
41967,61.7,61.966,61.655,61.916,NaN
41968,61.965,62.036,61.844,61.867,NaN
41969,61.849,61.9,61.805,61.85,NaN
41970,61.815,61.922,61.81,61.875,NaN
41971,61.925,62.075,61.876,62.034,NaN
41974,62.235,62.235,62.023,62.024,NaN
41975,61.995,62.017,61.87,61.885,NaN
41976,61.9,61.955,61.835,61.913,NaN
41977,61.934,61.955,61.862,61.938,NaN
41978,61.835,61.888,61.778,61.795,NaN
41981,61.945,61.958,61.835,61.835,NaN
41982,61.881,61.915,61.846,61.888,NaN
41983,61.956,62.049,61.911,62.021,NaN
41984,62.164,62.36,62.121,62.345,NaN
41985,62.422,62.504,62.249,62.3,NaN
41988,62.51,62.949,62.455,62.943,NaN
41989,63.255,63.59,63.225,63.541,NaN
41990,63.72,63.885,63.487,63.623,NaN
41991,63.355,63.383,63.112,63.112,NaN
41992,63.045,63.345,62.99,63.301,NaN
41995,63.305,63.311,63.135,63.245,NaN
41996,63.305,63.495,63.248,63.288,NaN
41997,63.435,63.565,63.374,63.526,NaN
41999,63.49,63.685,63.455,63.569,NaN
42002,63.635,63.715,63.625,63.675,NaN
42003,63.715,63.788,63.355,63.379,NaN
42004,63.315,63.383,63.035,63.042,NaN
42005,63.215,63.462,63.185,63.355,NaN
42006,63.436,63.487,63.241,63.295,NaN
42009,63.435,63.475,63.289,63.419,NaN
42010,63.366,63.62,63.314,63.572,NaN
42011,63.521,63.56,63.163,63.175,NaN
42012,63.205,63.205,62.593,62.672,NaN
42013,62.483,62.515,62.295,62.325,NaN
42016,62.138,62.261,62.095,62.135,NaN
42017,62.09,62.186,62.024,62.146,NaN
42018,62.1,62.225,62.085,62.189,NaN
42019,61.885,62.109,61.485,62.074,NaN
42020,62.105,62.197,61.794,61.87,NaN
42023,61.645,61.797,61.595,61.706,NaN
42024,61.825,61.905,61.685,61.706,NaN
42025,61.72,61.72,61.547,61.638,NaN
42026,61.612,61.756,61.495,61.705,NaN
42027,61.445,61.605,61.367,61.438,NaN
42031,61.495,61.51,61.367,61.414,NaN
42032,61.5,61.525,61.295,61.41,NaN
42033,61.435,61.875,61.425,61.875,NaN
42034,61.835,62.03,61.705,61.873,NaN
42037,61.995,61.995,61.765,61.807,NaN
42038,61.635,61.845,61.625,61.675,NaN
42039,61.63,61.861,61.56,61.758,NaN
42040,61.89,61.94,61.705,61.74,NaN
42041,61.712,61.81,61.667,61.704,NaN
42044,61.995,62.215,61.98,62.17,NaN
42045,62.15,62.205,61.928,62.205,NaN
42046,62.265,62.295,62.117,62.255,NaN
42047,62.425,62.468,62.205,62.306,NaN
42048,62.145,62.208,62.045,62.195,NaN
42051,62.135,62.233,62.08,62.163,NaN
42053,62.205,62.35,62.195,62.341,NaN
42055,62.22,62.28,62.197,62.22,NaN
42058,62.163,62.315,62.148,62.315,NaN
42059,62.255,62.335,62.203,62.203,NaN
42060,62.05,62.076,61.94,61.968,NaN
42061,61.94,61.987,61.711,61.756,NaN
42062,61.86,61.913,61.754,61.845,NaN
42065,61.89,61.996,61.806,61.871,NaN
42066,61.855,61.943,61.795,61.917,NaN
42067,61.663,62.28,61.657,62.263,NaN
42068,62.33,62.331,62.155,62.175,NaN
42072,62.635,62.733,62.531,62.544,NaN
42073,62.805,62.805,62.619,62.78,NaN
42074,62.835,62.875,62.695,62.781,NaN
42075,62.775,62.788,62.49,62.515,NaN
42076,62.495,62.998,62.431,62.965,NaN
42079,62.975,62.985,62.764,62.81,NaN
42080,62.775,62.78,62.672,62.715,NaN
42081,62.685,62.785,62.616,62.693,NaN
42082,62.385,62.672,62.361,62.519,NaN
42083,62.51,62.586,62.415,62.469,NaN
42086,62.365,62.39,62.244,62.275,NaN
42087,62.203,62.286,62.142,62.248,NaN
42088,62.322,62.438,62.267,62.335,NaN
42089,62.553,62.767,62.535,62.669,NaN
42090,62.788,62.788,62.392,62.42,NaN
42093,62.595,62.693,62.523,62.68,NaN
42094,62.605,62.664,62.48,62.498,NaN
42100,62.11,62.237,62.105,62.189,NaN
42101,62.248,62.405,62.23,62.255,NaN
42102,62.33,62.362,62.225,62.245,NaN
42103,62.155,62.292,62.151,62.246,NaN
42104,62.335,62.416,62.294,62.32,NaN
42107,62.34,62.568,62.328,62.51,NaN
42109,62.392,62.446,62.366,62.371,NaN
42110,62.354,62.398,62.281,62.305,NaN
42111,62.335,62.388,62.304,62.366,NaN
42114,62.55,62.93,62.495,62.916,NaN
42115,63.145,63.155,62.748,62.852,NaN
42116,62.855,63.015,62.716,62.831,NaN
42117,62.961,63.344,62.889,63.322,NaN
42118,63.237,63.648,63.215,63.559,NaN
42121,63.701,63.767,63.464,63.487,NaN
42122,63.367,63.459,63.112,63.145,NaN
42123,63.235,63.385,63.144,63.307,NaN
42124,63.498,63.725,63.385,63.422,NaN
42129,63.545,63.595,63.389,63.44,NaN
42130,63.337,63.651,63.305,63.54,NaN
42131,63.75,64.281,63.695,64.24,NaN
42132,64.11,64.185,63.904,63.938,NaN
42135,63.865,64.005,63.767,63.855,NaN
42136,64.115,64.265,64.105,64.169,NaN
42137,64.185,64.215,63.936,64.01,NaN
42138,63.986,64.036,63.615,63.655,NaN
42139,63.48,63.606,63.461,63.515,NaN
42142,63.455,63.736,63.455,63.725,NaN
42143,63.79,63.805,63.545,63.676,NaN
42144,63.778,63.883,63.664,63.825,NaN
42145,63.735,63.745,63.623,63.64,NaN
42146,63.593,63.635,63.504,63.52,NaN
42149,63.602,63.672,63.532,63.569,NaN
42150,63.624,64.006,63.614,63.977,NaN
42151,64.081,64.155,63.9,64.03,NaN
42152,63.984,63.986,63.754,63.807,NaN
42153,63.8,63.879,63.695,63.825,NaN
42156,63.778,63.79,63.585,63.71,NaN
42157,63.688,63.966,63.665,63.825,NaN
42158,63.761,64.071,63.752,63.907,NaN
42159,64.105,64.259,63.983,64.006,NaN
42160,63.98,63.998,63.754,63.755,NaN
42163,64.025,64.166,64,64.088,NaN
42164,63.975,64.011,63.864,63.925,NaN
42165,64.035,64.054,63.782,63.845,NaN
42166,63.815,64.01,63.746,63.975,NaN
42167,63.965,64.144,63.895,64.065,NaN
42170,64.145,64.172,63.992,64.168,NaN
42171,64.078,64.3,64.058,64.252,NaN
42172,64.19,64.192,64.09,64.118,NaN
42173,63.903,63.922,63.708,63.733,NaN
42174,63.68,63.861,63.524,63.564,NaN
42177,63.495,63.569,63.464,63.513,NaN
42178,63.625,63.657,63.547,63.605,NaN
42179,63.655,63.705,63.579,63.597,NaN
42180,63.612,63.636,63.549,63.625,NaN
42181,63.65,63.657,63.575,63.642,NaN
42184,63.845,63.938,63.833,63.855,NaN
42185,63.764,63.801,63.64,63.651,NaN
42186,63.679,63.685,63.55,63.605,NaN
42187,63.648,63.663,63.49,63.513,NaN
42188,63.425,63.489,63.354,63.438,NaN
42191,63.633,63.635,63.405,63.405,NaN
42192,63.307,63.48,63.305,63.46,NaN
42193,63.545,63.642,63.524,63.596,NaN
42194,63.555,63.576,63.388,63.39,NaN
42195,63.326,63.474,63.325,63.4,NaN
42198,63.468,63.525,63.404,63.517,NaN
42199,63.57,63.58,63.392,63.395,NaN
42200,63.369,63.439,63.349,63.424,NaN
42201,63.523,63.542,63.468,63.515,NaN
42202,63.51,63.515,63.455,63.474,NaN
42205,63.545,63.667,63.528,63.667,NaN
42206,63.69,63.752,63.54,63.553,NaN
42207,63.591,63.62,63.515,63.58,NaN
42208,63.665,63.803,63.639,63.767,NaN
42209,63.968,64.06,63.876,64.043,NaN
42212,64.06,64.205,63.994,64.17,NaN
42213,64.094,64.115,63.894,63.915,NaN
42214,63.873,63.936,63.822,63.905,NaN
42215,63.954,64.047,63.92,64.041,NaN
42216,64.097,64.174,63.984,64.136,NaN
42219,63.99,64.071,63.925,64.044,NaN
42220,64.088,64.091,63.745,63.751,NaN
42221,63.9,63.935,63.715,63.755,NaN
42222,63.763,63.815,63.722,63.765,NaN
42223,63.773,63.846,63.755,63.816,NaN
42226,63.82,63.917,63.737,63.87,NaN
42227,64.164,64.276,64.036,64.205,NaN
42228,64.558,64.944,64.555,64.794,NaN
42229,64.709,65.225,64.635,65.105,NaN
42230,65.207,65.305,64.96,65.007,NaN
42233,65.155,65.376,65.145,65.313,NaN
42235,65.403,65.407,65.112,65.274,NaN
42236,65.165,65.558,65.123,65.551,NaN
42237,65.735,65.912,65.695,65.832,NaN
42240,66.395,66.733,66.282,66.645,NaN
42241,66.493,66.765,65.873,66.095,NaN
42242,66.222,66.376,66.063,66.144,NaN
42243,65.93,66.145,65.862,66.045,NaN
42244,66.06,66.205,66.028,66.162,NaN
42247,66.27,66.495,66.205,66.483,NaN
42248,66.45,66.46,66.188,66.218,NaN
42249,66.29,66.313,66.123,66.195,NaN
42250,66.25,66.29,66.169,66.244,NaN
42251,66.162,66.515,66.157,66.464,NaN
42254,66.595,66.865,66.588,66.826,NaN
42255,66.755,66.793,66.535,66.547,NaN
42256,66.366,66.469,66.24,66.414,NaN
42257,66.721,66.757,66.425,66.434,NaN
42258,66.36,66.578,66.325,66.54,NaN
42261,66.405,66.495,66.305,66.33,NaN
42262,66.36,66.471,66.338,66.365,NaN
42263,66.433,66.507,66.345,66.459,NaN
42265,66.155,66.218,65.675,65.675,NaN
42268,65.882,65.882,65.618,65.745,NaN
42269,65.665,65.949,65.555,65.882,NaN
42270,66.035,66.123,65.896,65.987,NaN
42271,66.195,66.272,66.035,66.155,NaN
42275,66.085,66.15,66.015,66.046,NaN
42276,66.3,66.412,65.933,65.955,NaN
42277,65.875,65.875,65.582,65.59,NaN
42278,65.575,65.668,65.49,65.513,NaN
42282,65.255,65.332,65.2,65.3,NaN
42283,65.26,65.435,65.246,65.415,NaN
42284,65.295,65.365,64.965,64.965,NaN
42285,65.035,65.183,65.025,65.084,NaN
42286,64.905,64.92,64.725,64.735,NaN
42289,64.8,64.885,64.695,64.752,NaN
42290,64.885,65.186,64.868,65.185,NaN
42291,65.105,65.179,65.005,65.04,NaN
42292,64.75,64.871,64.72,64.824,NaN
42293,64.875,65.025,64.81,64.815,NaN
42296,64.775,64.844,64.73,64.805,NaN
42297,64.955,65.058,64.859,65.056,NaN
42298,65.095,65.225,65.085,65.127,NaN
42300,64.791,64.951,64.775,64.828,NaN
42303,64.985,65.017,64.906,64.965,NaN
42304,64.98,64.993,64.935,64.965,NaN
42305,65.074,65.091,64.915,64.927,NaN
42306,65.17,65.317,65.119,65.305,NaN
42307,65.265,65.38,65.115,65.265,NaN
42310,65.388,65.62,65.37,65.585,NaN
42311,65.48,65.714,65.415,65.655,NaN
42312,65.558,65.626,65.46,65.485,NaN
42313,65.608,65.775,65.605,65.745,NaN
42314,65.805,65.836,65.729,65.764,NaN
42317,66.415,66.499,66.311,66.446,NaN
42318,66.425,66.476,66.305,66.313,NaN
42321,66.19,66.235,66.094,66.099,NaN
42324,66.192,66.26,65.945,65.995,NaN
42325,65.94,66.085,65.905,66.035,NaN
42326,66.12,66.32,66.093,66.295,NaN
42327,66.12,66.235,66.045,66.185,NaN
42328,66.105,66.275,66.075,66.195,NaN
42331,66.285,66.478,66.265,66.478,NaN
42332,66.377,66.469,66.314,66.325,NaN
42334,66.37,66.668,66.353,66.565,NaN
42335,66.71,66.885,66.669,66.759,NaN
42338,66.83,66.868,66.625,66.668,NaN
42339,66.535,66.597,66.434,66.496,NaN
42340,66.525,66.656,66.465,66.605,NaN
42341,66.71,66.769,66.636,66.659,NaN
42342,66.925,67.005,66.685,66.688,NaN
42345,66.665,66.746,66.566,66.735,NaN
42346,66.855,66.855,66.715,66.84,NaN
42347,66.835,66.922,66.72,66.84,NaN
42348,66.87,66.87,66.715,66.72,NaN
42349,66.795,66.915,66.737,66.892,NaN
42352,67.06,67.127,66.957,67.1,NaN
42353,67.005,67.112,66.925,66.934,NaN
42354,66.905,66.926,66.709,66.725,NaN
42355,66.625,66.675,66.42,66.421,NaN
42356,66.485,66.528,66.315,66.403,NaN
42359,66.33,66.36,66.265,66.353,NaN
42360,66.31,66.347,66.274,66.33,NaN
42361,66.185,66.279,66.124,66.21,NaN
42366,66.101,66.216,66.096,66.198,NaN
42367,66.265,66.416,66.263,66.395,NaN
42368,66.441,66.475,66.369,66.388,NaN
42369,66.46,66.46,66.088,66.154,NaN
42370,66.196,66.264,66.135,66.145,NaN
42373,66.266,66.621,66.266,66.615,NaN
42374,66.5,66.659,66.424,66.596,NaN
42375,66.709,66.836,66.665,66.829,NaN
42376,66.895,66.964,66.672,66.925,NaN
42377,66.755,66.775,66.595,66.635,NaN
42380,66.918,66.921,66.703,66.813,NaN
42381,66.834,66.974,66.735,66.871,NaN
42382,66.823,66.925,66.725,66.853,NaN
42383,67.035,67.295,67.025,67.295,NaN
42384,67.295,67.705,67.25,67.605,NaN
42387,67.605,67.731,67.495,67.68,NaN
42388,67.68,67.735,67.525,67.646,NaN
42389,67.825,68.169,67.825,67.965,NaN
42390,67.885,68.1,67.821,68.025,NaN
42391,67.835,67.838,67.605,67.63,NaN
42394,67.555,67.846,67.54,67.836,NaN
42396,67.91,68.08,67.91,68.05,NaN
42397,68.145,68.257,68.015,68.225,NaN
42398,68.105,68.125,67.78,67.793,NaN
42401,67.751,67.865,67.634,67.84,NaN
42402,67.845,67.99,67.775,67.981,NaN
42403,68.203,68.26,68.034,68.073,NaN
42404,67.81,67.882,67.567,67.567,NaN
42405,67.665,67.73,67.579,67.653,NaN
42408,67.862,67.964,67.78,67.94,NaN
42409,68.13,68.219,67.895,67.904,NaN
42410,67.9,67.986,67.816,67.855,NaN
42411,67.946,68.345,67.904,68.3,NaN
42412,68.375,68.474,68.145,68.235,NaN
42415,68.195,68.195,68.005,68.06,NaN
42416,68.143,68.433,68.127,68.382,NaN
42417,68.522,68.675,68.39,68.468,NaN
42418,68.377,68.582,68.335,68.469,NaN
42422,68.645,68.692,68.501,68.605,NaN
42423,68.655,68.683,68.455,68.588,NaN
42424,68.645,68.645,68.493,68.563,NaN
42425,68.506,68.785,68.498,68.705,NaN
42426,68.705,68.787,68.632,68.632,NaN
42429,68.698,68.746,68.355,68.42,NaN
42430,68.265,68.355,67.86,67.865,NaN
42431,67.743,67.761,67.536,67.547,NaN
42432,67.44,67.451,67.281,67.34,NaN
42433,67.225,67.346,67.084,67.095,NaN
42437,67.231,67.455,67.218,67.346,NaN
42438,67.455,67.513,67.18,67.215,NaN
42439,67.19,67.245,66.987,67.067,NaN
42440,67.165,67.245,66.944,67.054,NaN
42443,66.983,67.155,66.875,67.105,NaN
42444,67.225,67.41,67.174,67.386,NaN
42445,67.335,67.455,67.215,67.235,NaN
42446,66.905,66.953,66.642,66.745,NaN
42447,66.62,66.695,66.495,66.506,NaN
42450,66.485,66.555,66.421,66.535,NaN
42451,66.585,66.835,66.52,66.72,NaN
42452,66.775,66.933,66.621,66.636,NaN
42457,66.845,66.87,66.561,66.57,NaN
42458,66.525,66.605,66.465,66.54,NaN
42459,66.485,66.499,66.317,66.385,NaN
42460,66.345,66.362,66.175,66.248,NaN
42464,66.295,66.382,66.103,66.206,NaN
42465,66.265,66.513,66.074,66.463,NaN
42466,66.395,66.715,66.375,66.66,NaN
42467,66.657,66.659,66.418,66.468,NaN
42471,66.47,66.481,66.332,66.431,NaN
42472,66.415,66.559,66.392,66.425,NaN
42473,66.345,66.665,66.315,66.645,NaN
42478,66.647,66.707,66.525,66.552,NaN
42480,66.272,66.347,66.096,66.221,NaN
42481,66.325,66.415,66.175,66.394,NaN
42482,66.51,66.603,66.465,66.484,NaN
42485,66.675,66.755,66.615,66.618,NaN
42486,66.715,66.847,66.478,66.525,NaN
42487,66.551,66.593,66.405,66.453,NaN
42488,66.38,66.552,66.375,66.521,NaN
42489,66.485,66.564,66.282,66.33,NaN
42492,66.36,66.461,66.315,66.455,NaN
42493,66.36,66.465,66.23,66.427,NaN
42494,66.63,66.653,66.499,66.555,NaN
42495,66.618,66.618,66.455,66.555,NaN
42496,66.585,66.619,66.539,66.555,NaN
42499,66.505,66.584,66.39,66.582,NaN
42500,66.692,66.74,66.603,66.679,NaN
42501,66.835,66.843,66.565,66.565,NaN
42502,66.615,66.681,66.535,66.625,NaN
42503,66.76,66.829,66.711,66.775,NaN
42506,66.85,66.915,66.724,66.805,NaN
42507,66.805,66.882,66.669,66.875,NaN
42508,66.955,66.998,66.862,66.985,NaN
42509,67.125,67.392,67.125,67.368,NaN
42510,67.445,67.501,67.315,67.448,NaN
42513,67.293,67.496,67.257,67.496,NaN
42514,67.635,67.755,67.595,67.755,NaN
42515,67.635,67.635,67.31,67.335,NaN
42516,67.325,67.386,67.138,67.177,NaN
42517,67.047,67.129,66.949,67.035,NaN
42520,67.215,67.375,67.166,67.169,NaN
42521,67.15,67.328,67.109,67.26,NaN
42522,67.245,67.464,67.116,67.453,NaN
42523,67.445,67.445,67.211,67.29,NaN
42524,67.24,67.371,67.155,67.26,NaN
42527,66.905,67.051,66.866,66.978,NaN
42528,66.907,66.938,66.722,66.775,NaN
42529,66.8,66.825,66.62,66.651,NaN
42530,66.56,66.786,66.552,66.72,NaN
42531,66.813,66.882,66.737,66.759,NaN
42534,66.99,67.185,66.983,67.14,NaN
42535,67.195,67.294,67.114,67.265,NaN
42536,67.22,67.245,67.065,67.153,NaN
42537,67.132,67.335,67.125,67.276,NaN
42538,67.25,67.25,67.04,67.085,NaN
42541,67.66,67.66,67.289,67.313,NaN
42542,67.395,67.555,67.368,67.49,NaN
42543,67.55,67.621,67.433,67.48,NaN
42544,67.435,67.435,67.237,67.251,NaN
42545,67.76,68.215,67.76,67.969,NaN
42548,68.065,68.065,67.808,67.945,NaN
42549,67.81,67.96,67.718,67.955,NaN
42550,67.795,67.846,67.608,67.685,NaN
42551,67.54,67.715,67.479,67.525,NaN
42552,67.47,67.5,67.315,67.323,NaN
42555,67.2,67.287,67.149,67.265,NaN
42556,67.305,67.514,67.305,67.455,NaN
42558,67.525,67.525,67.341,67.396,NaN
42559,67.47,67.506,67.3,67.37,NaN
42562,67.115,67.215,67.064,67.135,NaN
42563,67.145,67.224,67.103,67.184,NaN
42564,67.115,67.214,67.014,67.055,NaN
42565,67.02,67.035,66.873,66.915,NaN
42566,66.87,67.13,66.851,67.07,NaN
42569,67.155,67.21,67.05,67.195,NaN
42570,67.205,67.225,67.105,67.108,NaN
42571,67.147,67.251,67.145,67.198,NaN
42572,67.215,67.267,67.168,67.177,NaN
42573,67.185,67.207,67.078,67.081,NaN
42576,67.184,67.358,67.172,67.354,NaN
42577,67.425,67.425,67.252,67.275,NaN
42578,67.325,67.345,67.138,67.146,NaN
42579,67.07,67.105,66.998,67.035,NaN
42580,67.04,67.093,66.955,66.995,NaN
42583,66.765,66.784,66.696,66.744,NaN
42584,66.776,66.782,66.7,66.74,NaN
42585,66.745,67.014,66.7,66.993,NaN
42586,66.835,66.991,66.835,66.919,NaN
42587,66.918,66.918,66.745,66.776,NaN
42590,66.845,66.855,66.71,66.845,NaN
42591,66.836,66.981,66.835,66.843,NaN
42592,66.68,66.785,66.668,66.715,NaN
42593,66.835,66.912,66.815,66.844,NaN
42594,66.79,66.889,66.78,66.888,NaN
42598,66.855,66.927,66.744,66.765,NaN
42600,66.865,66.865,66.751,66.81,NaN
42601,66.955,67.061,66.906,67.06,NaN
42604,67.177,67.239,67.153,67.186,NaN
42605,67.12,67.142,67.037,67.059,NaN
42606,67.145,67.156,67.086,67.1,NaN
42607,67.093,67.109,67.014,67.055,NaN
42608,67.005,67.075,66.981,67.059,NaN
42611,67.14,67.211,67.135,67.176,NaN
42612,67.12,67.123,67.024,67.03,NaN
42613,67.093,67.093,66.961,66.964,NaN
42614,67.045,67.074,66.935,66.96,NaN
42615,66.825,66.861,66.811,66.825,NaN
42619,66.54,66.567,66.49,66.525,NaN
42620,66.338,66.399,66.326,66.368,NaN
42621,66.478,66.491,66.389,66.422,NaN
42622,66.555,66.759,66.528,66.676,NaN
42625,66.918,66.959,66.855,66.925,NaN
42627,66.995,67.037,66.817,66.895,NaN
42628,66.877,67.075,66.82,67.025,NaN
42629,66.875,67.035,66.84,66.985,NaN
42632,66.935,66.985,66.865,66.968,NaN
42633,66.945,67.065,66.94,67.015,NaN
42634,66.995,67.136,66.983,67.021,NaN
42635,66.865,66.89,66.666,66.666,NaN
42636,66.705,66.733,66.623,66.654,NaN
42639,66.765,66.785,66.605,66.612,NaN
42640,66.51,66.529,66.435,66.486,NaN
42641,66.445,66.495,66.435,66.465,NaN
42642,66.44,66.915,66.427,66.855,NaN
42643,66.805,66.815,66.565,66.615,NaN
42646,66.53,66.589,66.453,66.58,NaN
42647,66.522,66.604,66.395,66.46,NaN
42648,66.62,66.62,66.505,66.509,NaN
42649,66.565,66.7,66.565,66.7,NaN
42650,66.735,66.865,66.68,66.685,NaN
42653,66.565,66.605,66.528,66.534,NaN
42656,66.815,66.961,66.755,66.935,NaN
42657,66.835,66.89,66.704,66.715,NaN
42660,66.82,66.895,66.757,66.89,NaN
42661,66.785,66.795,66.668,66.728,NaN
42662,66.675,66.765,66.655,66.677,NaN
42663,66.685,66.828,66.685,66.81,NaN
42664,66.905,66.945,66.835,66.89,NaN
42667,66.918,66.92,66.825,66.853,NaN
42668,66.935,66.935,66.823,66.825,NaN
42669,66.795,66.845,66.755,66.832,NaN
42670,66.925,66.925,66.85,66.868,NaN
42671,66.9,66.9,66.757,66.779,NaN
42675,66.698,66.765,66.675,66.72,NaN
42676,66.796,66.865,66.707,66.72,NaN
42677,66.728,66.775,66.665,66.75,NaN
42678,66.735,66.765,66.703,66.705,NaN
42681,66.737,66.76,66.675,66.737,NaN
42682,66.705,66.721,66.612,66.62,NaN
42683,66.82,66.925,66.405,66.435,NaN
42684,66.415,66.647,66.336,66.625,NaN
42685,67.105,67.255,66.955,67.246,NaN
42689,67.575,67.825,67.575,67.743,NaN
42690,67.657,67.965,67.615,67.95,NaN
42691,67.88,67.935,67.765,67.826,NaN
42692,68.065,68.19,68.032,68.136,NaN
42695,68.11,68.275,68.082,68.165,NaN
42696,68.11,68.265,68.093,68.255,NaN
42697,68.375,68.58,68.375,68.565,NaN
42698,68.755,68.865,68.59,68.748,NaN
42699,68.725,68.725,68.368,68.468,NaN
42702,68.465,68.797,68.438,68.775,NaN
42703,68.735,68.76,68.619,68.655,NaN
42704,68.685,68.689,68.365,68.389,NaN
42705,68.483,68.509,68.311,68.346,NaN
42706,68.278,68.385,68.209,68.225,NaN
42709,68.165,68.267,68.126,68.22,NaN
42710,68.129,68.153,67.865,67.9,NaN
42711,67.841,67.975,67.632,67.635,NaN
42712,67.493,67.535,67.325,67.355,NaN
42713,67.5,67.635,67.405,67.418,NaN
42717,67.46,67.547,67.43,67.54,NaN
42718,67.53,67.585,67.431,67.445,NaN
42719,67.765,67.87,67.715,67.835,NaN
42720,67.825,67.86,67.734,67.771,NaN
42723,67.805,67.875,67.71,67.873,NaN
42724,67.86,68.065,67.809,68.041,NaN
42725,67.939,67.959,67.843,67.914,NaN
42726,67.84,68.034,67.835,67.99,NaN
42727,67.933,67.942,67.772,67.825,NaN
42730,67.815,67.856,67.733,67.736,NaN
42731,67.836,68.076,67.819,68.058,NaN
42732,68.105,68.246,68.105,68.24,NaN
42733,68.213,68.215,68.061,68.1,NaN
42734,67.965,67.995,67.854,67.925,NaN
42737,67.965,68.229,67.938,68.228,NaN
42738,68.121,68.345,68.052,68.33,NaN
42739,68.295,68.295,68.045,68.045,NaN
42740,67.885,67.987,67.764,67.961,NaN
42741,67.855,68.037,67.802,67.963,NaN
42744,68.162,68.255,68.145,68.204,NaN
42745,68.085,68.189,67.985,68.183,NaN
42746,68.245,68.358,68.175,68.33,NaN
42747,68.145,68.155,67.95,68.084,NaN
42748,68.171,68.265,68.138,68.156,NaN
42751,68.257,68.266,68.088,68.095,NaN
42752,68.063,68.139,67.953,67.96,NaN
42753,67.94,68.078,67.894,68.075,NaN
42754,68.172,68.265,68.115,68.13,NaN
42755,68.046,68.235,68.028,68.183,NaN
42758,68.021,68.226,68.021,68.215,NaN
42759,68.087,68.171,68.076,68.145,NaN
42760,68.176,68.189,68.052,68.076,NaN
42762,68.228,68.229,68.025,68.035,NaN
42765,68.04,68.08,67.933,67.948,NaN
42766,67.844,67.889,67.793,67.865,NaN
42767,67.645,67.683,67.465,67.474,NaN
42768,67.424,67.509,67.373,67.374,NaN
42769,67.345,67.42,67.286,67.319,NaN
42772,67.218,67.233,67.147,67.219,NaN
42773,67.294,67.441,67.289,67.41,NaN
42774,67.371,67.375,67.185,67.189,NaN
42775,67.047,67.065,66.845,66.85,NaN
42776,66.82,66.985,66.765,66.885,NaN
42779,66.905,67.035,66.905,67.015,NaN
42780,66.964,66.98,66.904,66.919,NaN
42781,66.925,66.951,66.886,66.907,NaN
42782,66.953,67.086,66.914,67.073,NaN
42783,67.115,67.151,66.984,67.02,NaN
42786,67.052,67.055,66.895,66.925,NaN
42788,66.956,67.006,66.876,66.968,NaN
42789,66.95,66.95,66.787,66.825,NaN
42793,66.735,66.771,66.647,66.707,NaN
42794,66.76,66.815,66.685,66.69,NaN
42795,66.788,66.892,66.759,66.826,NaN
42796,66.756,66.785,66.685,66.71,NaN
42797,66.881,66.885,66.793,66.805,NaN
42800,66.757,66.767,66.692,66.715,NaN
42801,66.671,66.695,66.59,66.672,NaN
42802,66.621,66.737,66.62,66.701,NaN
42803,66.816,66.86,66.707,66.715,NaN
42804,66.725,66.725,66.555,66.605,NaN
42808,66.201,66.245,65.775,65.817,NaN
42809,65.765,65.785,65.415,65.695,NaN
42810,65.397,65.515,65.235,65.411,NaN
42811,65.455,65.653,65.455,65.475,NaN
42814,65.393,65.472,65.308,65.36,NaN
42815,65.397,65.444,65.219,65.28,NaN
42816,65.571,65.571,65.375,65.442,NaN
42817,65.397,65.567,65.382,65.53,NaN
42818,65.49,65.525,65.385,65.415,NaN
42821,65.245,65.259,65.032,65.045,NaN
42823,65.094,65.094,64.88,64.911,NaN
42824,64.885,64.991,64.875,64.919,NaN
42825,64.92,64.98,64.795,64.85,NaN
42828,64.77,65.084,64.765,65.026,NaN
42830,65.075,65.172,64.875,64.882,NaN
42831,65.052,65.056,64.505,64.534,NaN
42832,64.66,64.695,64.155,64.28,NaN
42835,64.32,64.58,64.32,64.565,NaN
42836,64.657,64.689,64.427,64.5,NaN
42837,64.623,64.734,64.535,64.671,NaN
42838,64.403,64.481,64.263,64.411,NaN
42842,64.433,64.515,64.287,64.515,NaN
42843,64.507,64.642,64.475,64.629,NaN
42844,64.605,64.624,64.505,64.578,NaN
42845,64.672,64.722,64.559,64.56,NaN
42846,64.642,64.669,64.547,64.611,NaN
42849,64.505,64.54,64.425,64.438,NaN
42850,64.42,64.42,64.214,64.272,NaN
42851,64.172,64.172,63.93,64.115,NaN
42852,64.05,64.165,63.975,64.154,NaN
42853,64.124,64.385,64.115,64.245,NaN
42857,64.131,64.23,64.125,64.213,NaN
42858,64.132,64.17,64.104,64.149,NaN
42859,64.195,64.24,64.168,64.175,NaN
42860,64.229,64.385,64.225,64.375,NaN
42863,64.251,64.325,64.195,64.305,NaN
42864,64.421,64.7,64.42,64.626,NaN
42866,64.504,64.576,64.338,64.376,NaN
42867,64.326,64.376,64.257,64.31,NaN
42870,64.108,64.16,64.028,64.061,NaN
42871,64.059,64.154,64.03,64.078,NaN
42872,63.99,64.157,63.983,64.156,NaN
42873,64.374,64.915,64.322,64.845,NaN
42874,64.755,65.022,64.595,64.638,NaN
42877,64.517,64.632,64.439,64.549,NaN
42878,64.642,64.897,64.632,64.89,NaN
42879,64.914,64.955,64.728,64.74,NaN
42880,64.53,64.645,64.48,64.623,NaN
42881,64.565,64.632,64.425,64.445,NaN
42884,64.513,64.59,64.454,64.495,NaN
42885,64.645,64.698,64.594,64.665,NaN
42886,64.53,64.576,64.495,64.511,NaN
42887,64.518,64.555,64.422,64.478,NaN
42888,64.358,64.506,64.339,64.441,NaN
42891,64.326,64.391,64.29,64.365,NaN
42892,64.32,64.449,64.315,64.427,NaN
42893,64.483,64.515,64.299,64.334,NaN
42894,64.382,64.425,64.205,64.213,NaN
42895,64.285,64.332,64.168,64.254,NaN
42898,64.37,64.46,64.314,64.444,NaN
42899,64.444,64.489,64.332,64.34,NaN
42900,64.353,64.364,64.234,64.295,NaN
42901,64.265,64.544,64.24,64.535,NaN
42902,64.668,64.737,64.4,64.429,NaN
42905,64.362,64.429,64.319,64.427,NaN
42906,64.515,64.529,64.414,64.502,NaN
42907,64.635,64.675,64.471,64.522,NaN
42908,64.544,64.596,64.453,64.595,NaN
42909,64.57,64.59,64.424,64.517,NaN
42913,64.42,64.54,64.403,64.534,NaN
42914,64.559,64.63,64.505,64.551,NaN
42915,64.455,64.644,64.444,64.629,NaN
42916,64.719,64.835,64.578,64.579,NaN
42919,64.657,64.903,64.634,64.875,NaN
42920,64.823,64.886,64.695,64.74,NaN
42921,64.676,64.866,64.674,64.78,NaN
42922,64.755,64.805,64.715,64.776,NaN
42923,64.745,64.756,64.57,64.595,NaN
42926,64.536,64.578,64.484,64.537,NaN
42927,64.457,64.593,64.455,64.593,NaN
42928,64.558,64.579,64.486,64.54,NaN
42929,64.404,64.472,64.395,64.444,NaN
42930,64.442,64.481,64.435,64.445,NaN
42933,64.349,64.397,64.335,64.353,NaN
42934,64.335,64.369,64.313,64.334,NaN
42935,64.346,64.349,64.275,64.282,NaN
42936,64.338,64.459,64.325,64.43,NaN
42937,64.379,64.39,64.306,64.319,NaN
42940,64.416,64.463,64.311,64.34,NaN
42941,64.412,64.418,64.345,64.381,NaN
42942,64.43,64.449,64.353,64.369,NaN
42943,64.188,64.207,64.064,64.11,NaN
42944,64.2,64.244,64.12,64.153,NaN
42947,64.123,64.245,64.05,64.188,NaN
42948,64.104,64.145,64.056,64.08,NaN
42949,64.121,64.135,63.596,63.703,NaN
42950,63.665,63.708,63.564,63.694,NaN
42951,63.666,63.727,63.575,63.583,NaN
42954,63.7,63.841,63.653,63.81,NaN
42955,63.751,63.789,63.62,63.633,NaN
42956,63.788,63.846,63.715,63.836,NaN
42957,63.958,64.084,63.888,64.08,NaN
42958,64.243,64.27,64.116,64.138,NaN
42961,64.005,64.142,63.935,64.121,NaN
42963,64.278,64.326,64.138,64.153,NaN
42965,64.175,64.175,64.081,64.146,NaN
42968,64.068,64.157,64.015,64.139,NaN
42969,64.085,64.141,64.061,64.103,NaN
42970,64.043,64.14,64.043,64.115,NaN
42971,64.063,64.089,64.021,64.034,NaN
42975,63.873,63.928,63.856,63.915,NaN
42976,63.966,64.035,63.929,64.022,NaN
42977,63.972,64,63.88,63.991,NaN
42978,64.052,64.058,63.892,63.906,NaN
42979,63.929,64.049,63.877,64.03,NaN
42982,63.956,64.175,63.94,64.05,NaN
42983,64.09,64.159,64.084,64.134,NaN
42984,64.2,64.259,64.106,64.106,NaN
42985,64.04,64.051,63.98,64.047,NaN
42986,63.858,63.955,63.788,63.788,NaN
42989,63.866,63.932,63.841,63.931,NaN
42990,63.985,64.049,63.94,64.044,NaN
42991,63.986,64.022,63.968,63.998,NaN
42992,64.166,64.166,64.064,64.123,NaN
42993,64.141,64.141,64.043,64.081,NaN
42996,64.056,64.138,64.001,64.138,NaN
42997,64.16,64.331,64.131,64.329,NaN
42998,64.255,64.429,64.252,64.271,NaN
42999,64.517,64.84,64.449,64.796,NaN
43000,64.964,65.153,64.759,64.796,NaN
43003,64.832,65.175,64.728,65.123,NaN
43004,65.256,65.445,65.155,65.445,NaN
43005,65.373,65.752,65.346,65.709,NaN
43006,65.843,65.889,65.495,65.509,NaN
43007,65.344,65.46,65.237,65.276,NaN
43011,65.626,65.634,65.466,65.5,NaN
43012,65.353,65.385,64.951,65.01,NaN
43013,65.097,65.191,64.974,65.142,NaN
43014,65.211,65.391,65.207,65.369,NaN
43017,65.332,65.41,65.272,65.359,NaN
43018,65.282,65.374,65.203,65.284,NaN
43019,65.234,65.315,65.126,65.14,NaN
43020,65.138,65.161,65.041,65.088,NaN
43021,64.956,64.957,64.873,64.929,NaN
43024,64.698,64.77,64.69,64.72,NaN
43025,64.821,65.043,64.82,65.025,NaN
43026,64.983,65.157,64.961,65.04,NaN
43031,65.094,65.112,64.984,65.017,NaN
43032,64.963,65.097,64.896,65.067,NaN
43033,65.151,65.191,64.89,64.897,NaN
43034,64.78,64.916,64.73,64.823,NaN
43035,65.035,65.105,64.966,65.05,NaN
43038,64.901,64.948,64.795,64.851,NaN
43039,64.836,64.846,64.726,64.746,NaN
43040,64.686,64.688,64.507,64.597,NaN
43041,64.529,64.675,64.479,64.611,NaN
43042,64.573,64.635,64.525,64.547,NaN
43045,64.683,64.744,64.659,64.68,NaN
43046,64.641,65.065,64.61,65.03,NaN
43047,65.13,65.162,64.93,64.957,NaN
43048,64.953,65,64.853,64.942,NaN
43049,65.076,65.184,64.999,65.168,NaN
43052,65.356,65.511,65.261,65.429,NaN
43053,65.317,65.552,65.287,65.419,NaN
43054,65.412,65.412,65.165,65.21,NaN
43055,65.298,65.39,65.127,65.323,NaN
43056,64.672,65.076,64.671,65.015,NaN
43059,65.009,65.124,64.978,65.09,NaN
43060,65.1,65.119,64.885,64.894,NaN
43061,64.778,64.957,64.713,64.925,NaN
43062,64.809,64.889,64.57,64.575,NaN
43063,64.596,64.748,64.593,64.7,NaN
43066,64.722,64.829,64.489,64.502,NaN
43067,64.545,64.608,64.36,64.411,NaN
43068,64.485,64.51,64.28,64.32,NaN
43069,64.539,64.621,64.416,64.459,NaN
43073,64.545,64.545,64.285,64.374,NaN
43074,64.299,64.461,64.22,64.385,NaN
43075,64.415,64.545,64.395,64.519,NaN
43076,64.514,64.604,64.498,64.57,NaN
43077,64.55,64.585,64.445,64.457,NaN
43080,64.45,64.455,64.317,64.37,NaN
43081,64.447,64.524,64.394,64.395,NaN
43082,64.545,64.546,64.427,64.44,NaN
43083,64.326,64.356,64.248,64.345,NaN
43084,64.155,64.168,64.011,64.045,NaN
43087,64.195,64.72,64.085,64.235,NaN
43088,64.22,64.222,63.941,64.035,NaN
43089,64.016,64.131,64.004,64.114,NaN
43090,64.019,64.134,64.011,64.063,NaN
43091,64.059,64.085,64.019,64.043,NaN
43095,64.019,64.119,64.019,64.079,NaN
43096,64.084,64.179,64.082,64.153,NaN
43097,64.15,64.274,64.073,64.08,NaN
43098,64.082,64.082,63.785,63.871,NaN
43101,63.86,63.864,63.636,63.675,NaN
43102,63.666,63.773,63.434,63.481,NaN
43103,63.54,63.576,63.454,63.535,NaN
43104,63.605,63.615,63.37,63.41,NaN
43105,63.36,63.421,63.316,63.371,NaN
43108,63.348,63.505,63.246,63.505,NaN
43109,63.498,63.73,63.426,63.716,NaN
43110,63.678,63.841,63.551,63.597,NaN
43111,63.65,63.824,63.641,63.665,NaN
43112,63.634,63.722,63.477,63.629,NaN
43115,63.435,63.496,63.331,63.492,NaN
43116,63.608,64.111,63.59,64.043,NaN
43117,64.142,64.142,63.771,63.89,NaN
43118,63.846,63.946,63.742,63.86,NaN
43119,63.69,63.865,63.629,63.845,NaN
43122,63.864,64,63.715,63.87,NaN
43123,63.911,63.915,63.744,63.779,NaN
43124,63.722,63.722,63.623,63.693,NaN
43125,63.531,63.641,63.455,63.542,NaN
43129,63.593,63.62,63.483,63.587,NaN
43130,63.727,63.788,63.595,63.61,NaN
43131,63.648,63.749,63.564,63.586,NaN
43132,63.678,64.022,63.557,64.022,NaN
43133,64.108,64.194,63.722,64.065,NaN
43136,64.199,64.228,64.013,64.065,NaN
43137,64.418,64.435,64.097,64.25,NaN
43138,64.168,64.317,64.009,64.285,NaN
43139,64.355,64.384,64.153,64.256,NaN
43140,64.438,64.438,64.29,64.397,NaN
43143,64.276,64.334,64.235,64.313,NaN
43145,64.233,64.233,64.045,64.086,NaN
43146,63.975,63.984,63.869,63.91,NaN
43147,63.873,64.23,63.814,64.215,NaN
43151,64.547,64.858,64.412,64.79,NaN
43152,64.938,64.942,64.707,64.772,NaN
43153,65.07,65.104,64.956,65.045,NaN
43154,64.955,64.955,64.688,64.729,NaN
43157,64.725,64.834,64.627,64.795,NaN
43158,64.802,64.961,64.757,64.885,NaN
43159,65.073,65.314,65.045,65.177,NaN
43160,65.243,65.25,65.104,65.165,NaN
43164,65.099,65.16,64.909,65.112,NaN
43165,64.968,65.12,64.918,64.959,NaN
43166,64.881,65.006,64.868,64.889,NaN
43167,64.918,65.147,64.897,65.147,NaN
43168,65.14,65.191,65.051,65.165,NaN
43171,64.957,65.066,64.957,65.043,NaN
43172,64.952,65.007,64.841,64.892,NaN
43173,64.87,65.059,64.832,64.832,NaN
43174,64.92,64.981,64.804,64.931,NaN
43175,64.99,64.993,64.853,64.94,NaN
43178,65.03,65.183,65.004,65.177,NaN
43179,65.215,65.244,65.159,65.196,NaN
43180,65.215,65.229,65.192,65.207,NaN
43181,65.153,65.157,65.022,65.106,NaN
43182,65.19,65.206,64.979,65.014,NaN
43185,64.918,64.946,64.804,64.868,NaN
43186,64.757,64.993,64.729,64.97,NaN
43187,64.88,65.297,64.88,65.177,NaN
43193,65.089,65.132,64.984,65.011,NaN
43194,64.968,65.18,64.904,65.146,NaN
43195,65.005,65.125,64.949,64.963,NaN
43196,64.94,65.036,64.93,64.976,NaN
43199,64.868,65.06,64.846,65.028,NaN
43200,64.891,65.03,64.888,64.993,NaN
43201,64.99,65.309,64.963,65.309,NaN
43202,65.33,65.45,65.24,65.256,NaN
43203,65.285,65.295,65.186,65.211,NaN
43206,65.328,65.507,65.325,65.493,NaN
43207,65.457,65.694,65.415,65.645,NaN
43208,65.725,65.785,65.596,65.662,NaN
43209,65.806,65.851,65.726,65.795,NaN
43210,66.063,66.108,65.987,66.108,NaN
43213,66.18,66.49,66.142,66.48,NaN
43214,66.411,66.461,66.291,66.388,NaN
43215,66.495,66.904,66.495,66.895,NaN
43216,66.858,66.909,66.695,66.755,NaN
43217,66.816,66.856,66.653,66.661,NaN
43222,66.721,66.779,66.639,66.662,NaN
43223,66.653,66.656,66.525,66.644,NaN
43224,66.649,66.918,66.625,66.87,NaN
43227,66.824,67.181,66.785,67.141,NaN
43228,67.15,67.281,66.986,67.081,NaN
43229,67.379,67.479,67.239,67.275,NaN
43230,67.338,67.436,67.236,67.319,NaN
43231,67.17,67.382,67.114,67.332,NaN
43234,67.274,67.627,67.215,67.515,NaN
43235,67.684,68.142,67.463,68.108,NaN
43236,68.131,68.131,67.756,67.795,NaN
43237,67.656,67.794,67.578,67.698,NaN
43238,67.808,68.071,67.764,68.009,NaN
43241,68.132,68.157,68.02,68.124,NaN
43242,68.029,68.086,67.934,68.046,NaN
43243,68.172,68.453,68.157,68.424,NaN
43244,68.332,68.424,68.293,68.345,NaN
43245,68.28,68.285,67.711,67.771,NaN
43248,67.493,67.532,67.296,67.429,NaN
43249,67.695,67.994,67.641,67.873,NaN
43250,67.829,67.904,67.426,67.436,NaN
