39602,511.5,526,511.5,519.7,2628
39603,516,532.6,515,529.8,3325
39604,529,537,528,533.5,2980
39605,536,550,535.5,545.7,2048
39606,543.5,546,543.5,545.8,124
39608,546,548.3,538,540.9,1524
39609,540.5,547.4,531.8,533.7,1619
39610,534.4,545,532.1,543,1687
39611,541.5,550,535.5,548.7,1994
39612,547.5,547.8,539.8,543.3,1074
39613,543,543,541.7,541.9,16
39615,540.7,557.7,540.7,552.6,1912
39616,553.1,559.5,550.3,551.5,1562
39617,552.4,568.3,552.4,566.9,1787
39618,570.3,574.7,544.2,555.1,3237
39619,551.7,568.8,551.2,561.2,1157
39622,564.5,573.7,563.1,571.6,1324
39623,571,574,558.7,559.9,1584
39624,561,562.3,545.1,551.2,1718
39625,551,559.5,538.1,557.5,3082
39626,562.4,574.6,562.4,573.1,1712
39627,571,571,567.2,568.4,83
39629,572.2,577.6,567.6,573.8,1392
39630,574.8,590.7,574.7,587.3,1878
39631,588,591.8,569.5,576.6,3099
39632,585,586.4,576.5,584.8,1634
39633,585.5,588,583.5,584.6,350
39634,585.9,586.6,585.9,586.5,16
39636,586.4,586.4,557.3,566.6,2968
39637,564.9,564.9,536.3,539.5,2683
39638,533,538.8,518,520.7,3320
39639,519.5,530.7,512.5,523.2,3845
39640,526.9,542.6,512,513.9,4417
39641,512.4,512.4,508,511.6,123
39643,515,521.1,505.1,511.9,2417
39644,513.2,523.7,491.4,493.7,2782
39645,496.4,496.9,479.5,488.6,1966
39646,492.8,495,446.5,452.6,4177
39647,450.6,465,449,450.7,864
39650,461,465.6,445,453.3,2377
39651,451,454,426.1,430.7,3078
39652,430,439.1,417.2,428,4005
39653,421.8,422.8,387.6,394.4,5418
39654,401.5,406.6,383,385.3,3716
39655,385.2,386.7,384.3,385,54
39657,388.9,398.4,388.7,391.8,2230
39658,393.5,396.9,382,391.4,3455
39659,387.1,394.7,374.1,392.5,4645
39660,394.6,398,386.7,388.3,3410
39661,388.2,401.2,379.3,397.7,3893
39662,397.7,398.5,397.5,397.9,26
39664,399.9,404.2,367.8,369.9,5106
39665,366.1,378.8,355.1,370.7,5642
39666,371,377.4,361.5,372.4,3681
39667,371.1,382.9,358.4,360.7,4843
39668,361,362.3,346.4,354,3058
39669,352,352,348.4,349.7,57
39671,352.1,358,344.7,349,2661
39672,352.9,361.2,351,354.1,2612
39673,357.6,374.6,344,371.4,4022
39674,368.5,372.2,344.2,352.2,3415
39676,347.4,352.9,347.4,350.5,46
39678,346.5,350.9,341.9,348.3,1357
39679,344,357.9,336.1,344.4,2399
39680,351.7,357.5,346,351.4,1159
39681,359.8,371.5,354.9,363.1,3874
39682,364,366.9,344.7,346.2,2502
39683,345.9,346.7,344.4,346.2,61
39685,350,351.3,340.1,346,2892
39686,349.1,371.7,349.1,370.5,5044
39687,372.7,385.3,369.3,373.1,5374
39688,373.2,384.4,340.4,348.7,7794
39689,351,363.4,351,354.7,4578
39690,353,355.3,352.7,355.1,90
39692,353,353,333,336,5026
39693,335.8,336.9,322.6,324.5,6732
39694,320.1,323.9,314.5,322.3,3879
39695,324,325.6,315,322,4440
39696,323.9,334.9,323,330.5,4833
39697,333.5,333.5,331.7,332,83
39699,337.9,342.8,328.1,338,5098
39700,336.1,338.6,322,337.5,5400
39701,337.6,342.5,330.2,338.2,5183
39702,342,346,332.1,333.3,5517
39703,331.5,349.8,329.4,337.2,5887
39704,337.5,343.9,337.2,341.5,180
39706,342,355.2,328.8,349.5,5949
39707,347,351.8,336,341.4,5459
39708,342.3,369,341.5,364.1,4893
39709,369,385.7,345,352.2,4754
39710,354,358.9,344,347.3,1793
39713,353.2,359.5,349.4,358.1,3469
39714,361.4,376.9,360.1,373.7,4248
39715,377,383.5,362,363.3,4226
39716,364,375,354.1,367.9,6534
39717,372.9,372.9,350.8,356.8,5215
39718,356.9,356.9,355.5,356.2,64
39720,355.8,355.8,339,344.3,4571
39721,336.4,356.5,335.1,354.5,3214
39722,354,368.7,349.9,365.7,4165
39724,358.1,358.1,346.2,348.2,2912
39725,348.1,349,346.1,348.4,94
39727,345.5,347.6,333,334,3031
39728,334,337.5,326.5,328.2,2844
39729,327,330.4,317,328.2,2669
39730,329.2,332.6,322,330.5,1877
39731,327,335.5,319.3,328,1732
39732,324.1,325.4,322,324.4,86
39734,320.1,327.4,318.5,323.2,1214
39735,324.8,329,321,326.3,1417
39736,324.5,327.3,321.9,324.1,789
39737,321.3,336.8,315,333.2,2081
39738,335.7,342,330.3,339.2,1438
39739,336,337,334.6,335.9,32
39741,336.5,346.2,330,332.2,1133
39742,348,349.4,343.1,348.2,907
39743,350,355.7,347.6,349.8,1120
39744,347.6,348.7,331.1,333.9,1288
39745,336.6,336.6,323.5,324.1,862
39746,324,324.9,323.7,324.2,18
39748,319.1,321.5,312.5,318.9,853
39749,322,322,315.5,316.7,86
39750,327.4,341.3,322.1,339,812
39751,339.5,339.9,316.1,320.3,1421
39752,316,324,316,321.6,NaN
39753,324,333,324,331.2,86
39755,331,334.5,318.5,326,906
39756,329.2,347.7,328.7,344.4,2052
39757,341.2,348.9,337.1,344.9,1535
39758,346,350.3,331.1,336.6,2973
39759,335.4,335.5,324,328.3,1407
39760,327.1,328.4,327.1,328,30
39762,333,345.5,332.4,342,2374
39763,346,347.8,329.2,331.6,2279
39764,332,335.8,318.6,322.4,2996
39765,320.6,320.6,306.5,308,3127
39766,310.7,316.8,298.7,306.2,2764
39767,310.5,310.5,308.1,308.9,102
39769,308,321.3,308,319.7,3254
39770,324.1,332,318.8,326.4,4531
39771,325.1,340.5,321.3,339,3906
39772,339,344.9,316.5,321.6,2691
39773,321.7,331,319.1,327.6,1903
39774,328.6,330.7,327.1,330.2,71
39776,329.3,338.2,328.7,336.6,1957
39777,338,340.5,318.3,319.4,2942
39778,320.2,339.7,314.2,338.3,4081
39780,337.3,340,316.5,324.3,3293
39781,325.9,325.9,323.8,324.4,46
39783,324.9,337.4,321.6,336.1,3186
39784,335,335,321.4,325.5,3802
39785,323.8,326,316,320.4,3051
39786,317,320,301.2,303.7,4865
39787,299,299,285.3,287.6,3277
39788,287.2,288.9,286,287.7,63
39790,284.1,284.6,272,274.8,5003
39791,277,279.7,269.6,275.7,4095
39792,277.2,282.1,271.1,276.9,3590
39793,276.8,281,266.6,273.2,4686
39794,271,271,265.4,267.9,1763
39795,269.7,269.7,265.6,267.6,34
39797,269.5,278.3,265.2,271.1,2470
39798,269.3,276.4,267.6,274.8,2279
39799,274,278,262,263.3,2330
39800,261.5,269,258.1,261.9,3142
39801,261.8,268.4,257,264.6,1975
39804,261,261,251.4,254,2242
39805,258.5,276.9,257,275.7,3533
39806,280.4,284.3,266,281.9,4622
39808,279.5,287.5,276.1,280.8,3225
39809,282.5,285.4,282.5,284.5,51
39811,289,295.9,286.1,291.6,2556
39812,292.6,294.4,280.5,284.1,3478
39813,284.5,284.5,267.2,270.7,2900
39814,272.8,275.2,270,274.2,530
39815,275.2,290.7,268.8,290,3929
39816,290.7,294.5,289.2,290.5,137
39818,289.9,294.8,283.9,288.7,4043
39819,292,303.8,287.4,290.3,5223
39820,291,296.3,284,286,3800
39821,286.5,294.9,272.6,274.7,6228
39822,277,277,264.1,265.7,2568
39823,268.1,269.3,267.6,268.4,59
39825,268.6,277,263.3,274.4,3708
39826,271.7,271.7,258.3,259.1,3991
39827,255,256,245,246.7,3808
39828,242,246.7,234,235.7,3735
39829,238.7,242.9,233.1,235.6,3791
39830,234.8,234.8,231.1,231.7,165
39832,229.6,232.5,227.5,229.3,1467
39833,229,234.2,223.6,229.5,2714
39834,230.8,238.9,227.9,235.9,4025
39835,236.3,236.7,222.4,225.5,4405
39836,227.5,230.6,218.3,221.7,4342
39837,220.5,222.4,219.9,221.3,176
39840,221.1,223.9,217.3,219.1,3223
39841,219,225.8,214.5,216.2,4738
39842,217,224,215,218.6,4751
39843,220,227.8,215.7,218.1,4535
39844,216,217.9,216,217.4,199
39846,216,228,210.5,226.2,7623
39847,225.7,231,214,217.5,8194
39848,219,229.6,219,227.6,7343
39849,226.4,231.2,220.5,229.8,7276
39850,229.2,229.3,221.2,227.9,4648
39851,229.4,234.2,229.4,233.3,601
39853,231.2,236.8,226.3,232.9,6532
39854,233,236.9,225.4,226.7,5446
39855,224.1,231,217.7,225.5,6141
39856,224.9,226,213.3,219.2,5030
39857,219.8,220.9,214.6,217.2,4267
39858,217.2,217.2,216.2,216.4,150
39860,214.7,214.7,208.9,209.6,1977
39861,210.6,213.7,208.8,211,2784
39862,208.2,208.6,201.8,205.7,3966
39863,210.8,212.5,198.6,202.5,6563
39868,202.6,208,201.5,205.4,3778
39869,207.8,210.6,202.6,203.4,4907
39870,204.1,208.3,204,206.9,6221
39871,207,219.3,201.6,217.2,7732
39872,215.5,215.5,213.5,214.9,283
39874,218.8,225.9,213.3,214.2,6836
39875,215.6,224.8,215.6,219.8,6079
39876,224.9,224.9,212.9,218.5,6366
39877,219.4,226.8,213.5,215,8963
39878,213.7,214.8,203.2,204.5,9581
39879,204,204.5,202.5,203.8,402
39881,202.9,206.4,198.5,201.7,9275
39882,201.6,205,198.2,199.7,8947
39883,200.8,202.6,197.2,198.3,5287
39884,197.8,204.8,195.6,201.9,9554
39885,204.3,208.4,201.3,205.9,7973
39886,204.5,204.5,202.5,203.9,359
39888,202.5,202.9,194.8,198.4,11862
39889,198.4,200.7,194,197,8257
39890,197.2,198.3,190.2,191.2,7345
39891,189.5,210.2,185.1,209.5,14841
39892,208.2,217.9,206,211.3,6698
39895,217.5,223.9,217.5,221.7,6225
39896,221.9,226.8,218.3,224.9,7526
39897,225.9,226.5,220.3,223.5,6327
39898,223.3,226.2,203.4,203.8,13694
39899,203.6,205.6,192.7,194.4,13166
39900,193,193.9,191.6,193.8,384
39902,192.1,196.2,190.2,194.3,9398
39903,195.4,195.7,186.5,190.9,9443
39904,191.4,192.5,186,189,11840
39905,188.1,196,183.5,192,23527
39906,192.9,193.7,187.7,192.2,13611
39907,192.2,192.2,191.5,191.9,288
39909,192,193.8,185.4,186.8,12781
39910,186.5,187.2,180.7,181.1,13223
39911,181.2,183.5,178.7,183.1,11602
39912,182.1,189.3,178.6,179.7,15126
39914,180.5,180.6,179.9,180.4,455
39916,180.2,182,175.8,181.3,11110
39917,181,184.2,179.7,183.2,9466
39918,184.5,186,180.6,183.5,13701
39919,183.3,184.1,177,179.3,13790
39920,180.2,188.4,176.8,187.8,16712
39921,187.4,187.9,186.5,186.7,779
39923,185,188.1,176.6,177.8,13146
39924,188.5,188.9,182.5,185.2,15447
39925,185.5,185.9,183,183.9,10643
39926,183.7,184.3,176.5,177.1,16177
39927,175.5,177.6,170.1,170.5,16889
39928,170,170,168.5,169.1,1122
39930,168.4,170.7,165.5,168.9,13743
39931,169.5,174.1,168.5,172.6,15226
39932,174,177.3,172.1,173.9,14201
39934,171,179.9,170.2,179.2,16089
39935,177.5,178.2,177.5,177.9,473
39937,178.5,185,174.6,184.6,21789
39938,183.8,183.8,177.2,178.4,18207
39939,178.5,192.3,178.5,191.3,24801
39940,192.3,202.8,188.2,198.3,35430
39941,200,210.2,200,209.8,28802
39944,209,216.2,208.3,212.9,34855
39945,214,221.4,211.7,216.3,38826
39946,217.6,226.8,216.7,220.6,35509
39947,220.1,220.1,206.1,211.9,43957
39948,212.3,213.4,204.6,205.2,22220
39949,204,204.4,202.8,203.5,724
39951,199,203.2,195.4,196.9,28241
39952,198,201.3,186.3,187.8,23630
39953,187,189.5,182,187.2,16464
39954,193.9,195.8,178.8,179.7,32335
39955,178.2,178.5,171,172,22923
39956,172.4,172.4,171.6,171.9,851
39958,172.1,174.4,170.5,170.7,7345
39959,171.1,175,169.2,172.6,24137
39960,173.1,176.8,171.1,173.8,28204
39961,174.5,189,171.7,188.4,52412
39962,188.4,194.6,181.1,182.3,45747
39963,183,185,183,184.8,1484
39965,184,194.1,182.2,192.4,46543
39966,192.4,201.9,192.4,194.8,50379
39967,193.9,195.6,177.3,178.1,55773
39968,179,183.4,168.9,180.1,68650
39969,180.9,188.4,176.7,185.7,60023
39970,184.5,184.9,184.1,184.4,1463
39972,183.6,184,176.2,177.7,44211
39973,178,182,174.6,176.3,45474
39974,177.7,183.1,175.2,176.1,47950
39975,177.1,191.9,175.5,187.8,73904
39976,188,189.6,179.1,184,55137
39977,184.7,186.1,184.5,185.6,942
39979,185,201.3,183.6,197.3,59935
39980,198,209.1,195.3,196.2,64762
39981,197.5,205.7,195,203.2,52096
39982,204.3,209,196.2,198.9,48902
39983,197.1,200.3,194.6,195.6,20584
39986,204.5,207.9,196.7,197.8,51683
39987,198.1,201.6,193.6,195.8,55770
39988,196.3,198.1,189.1,190.2,50174
39989,191,197.8,190.5,194.8,69870
39990,195.7,196.5,190.6,194.9,44886
39991,195.7,199.4,195.7,198.8,5261
39993,197.1,197.9,192,192.4,45152
39994,191.9,192.8,184.7,186,52370
39995,186.7,188.3,182,183.8,49818
39996,183.3,184.2,179,180.1,48615
39997,179.9,180.2,173.5,173.9,21979
39998,173.4,175.4,173,174.9,1920
40000,173.7,173.9,166.1,169.9,67008
40001,170.3,172.2,167.7,169.4,47668
40002,167.6,168.6,165.1,167.6,42124
40003,168,171,165.3,166,51185
40004,166,167.5,165.3,165.9,26277
40005,165.7,165.8,165.4,165.6,973
40007,165.3,165.3,159,159.4,41009
40008,160,168.5,160,166.8,47291
40009,168,171.8,159.3,159.9,52631
40010,159.1,178.4,158.2,177.2,90508
40011,177.2,183.7,173,183.2,67521
40012,182.7,182.7,179.3,179.5,3238
40014,179,182.5,170.3,177.7,37010
40015,185.7,188.9,183.2,186.9,54514
40016,187.3,196.5,184.8,194.7,69283
40017,194,197,181.4,182.8,89562
40018,182.8,186.7,179.5,186.1,57231
40019,186.6,186.6,185.8,186.2,1141
40021,185.5,185.8,180.8,183.9,42838
40022,184.5,185.8,176.3,177.8,52171
40023,178.8,179.3,169.8,171.9,51693
40024,172.7,182.2,171.3,181.7,78869
40025,181.9,181.9,172.7,174.6,58490
40026,175.4,175.7,173.5,174.9,1728
40028,174.9,192.5,174.3,191.8,1.047e+05
40029,191,193.4,185.2,189,71104
40030,188.3,195.2,187.8,193.3,55773
40031,193.7,194.3,179.6,182.7,65371
40032,182.1,184.5,177,177.7,48244
40033,177.2,178,176.6,177.7,2147
40035,178.6,180.9,175.1,175.9,41509
40036,176.6,180.4,170.7,173.1,51051
40037,172.5,174.7,168.2,169.9,51528
40038,170.4,171.9,163.1,164.2,75174
40039,163.2,165.3,159.6,160.1,39200
40042,158.5,161.3,153.8,154.4,44779
40043,156,158.2,152.4,153,34643
40044,152,156.1,149.6,153.3,42246
40045,152.5,154.5,142.6,143.8,73972
40046,165.9,165.9,157.6,159.1,52399
40047,158,158.8,157.1,157.6,2946
40049,156.4,165.7,155.6,162.7,57237
40050,163.2,165,158.5,160.6,43796
40051,161.4,162.9,158.7,160.2,30817
40052,161.2,161.8,152.7,155.1,56656
40053,156.2,157.7,148.5,150.2,54804
40054,149,149.1,148.2,148.6,2953
40056,148.7,150.8,144.4,147.5,42326
40057,146.5,148.5,140.4,141.3,58091
40058,141.8,142.9,135.7,136.3,55376
40059,135.6,135.6,124,125.3,70098
40060,124.5,132.4,118.6,129.1,76214
40061,129.6,136.1,129.6,135.8,4683
40063,134.3,136.5,129.6,130,36662
40064,130.1,140.5,130.1,136.3,88626
40065,137.3,145.4,136.5,140.4,75097
40066,139,152.2,133.6,149.3,85621
40067,149.1,163.9,142.6,146.9,93135
40068,146.9,147.2,144.8,146.1,2152
40070,145.5,163.6,143.7,159.1,1.0343e+05
40071,162.4,173.4,162.4,167.3,1.282e+05
40072,166.9,177.3,165.6,172.1,78210
40073,174.8,182.4,170.6,173.6,1.0854e+05
40074,170.7,181.4,167.4,179.7,75461
40075,179.3,181,179.3,180.3,2686
40077,179,183.3,171.3,178.9,65230
40078,178.1,179.3,168.7,169.7,66358
40079,171.5,189,171.5,187.4,83369
40080,187.1,192.9,179.9,191.6,56239
40081,192.6,193.9,182,186.1,41684
40085,232.5,239.2,222.1,237.7,78937
40086,237.3,237.3,227.2,231,64416
40087,229.5,230.7,213.6,214.9,73638
40089,214.2,226,214.2,225.8,6001
40091,227,238.4,222.2,235.5,84421
40092,236.3,240.3,224.2,227,77118
40093,227.7,238,226,226.8,64528
40094,227.5,234.5,223.6,230.4,73266
40095,231.3,232.3,222.5,224,46664
40096,224.8,224.8,222.5,223,1452
40098,224.5,229.8,224.1,227.8,44327
40099,229,229.6,210,210.8,60876
40100,212,215.8,204.2,205.6,61256
40101,205.5,212,201.5,207.7,60409
40102,208.1,226.2,206.1,225,57583
40103,223.6,223.6,221.4,221.7,2653
40105,222.7,227,216.4,223.8,37031
40106,224.6,240.9,224.6,240.1,58263
40107,241,246,235.5,243.1,60659
40108,240.1,243.8,229.5,230.5,69985
40109,232.2,235,223.3,224,40894
40110,223.4,224.2,222.4,223,751
40112,220.2,222.1,209,212.4,41771
40113,211,215.4,209.5,213,27363
40114,249.3,252.6,241.7,244,33875
40115,242,242.3,234.8,238.2,46824
40116,240.1,247.7,235.1,236.8,45484
40117,237.1,238.3,236.6,238,648
40119,239,239.7,229,229.7,39383
40120,228.6,234.4,226.2,231.3,34604
40121,231.7,235.2,224.8,225.8,31333
40122,224.5,224.5,223.1,224.1,1278
40123,223.9,225.4,214.6,216.4,36459
40124,216.3,216.5,215.5,215.9,725
40126,216.5,217.3,208.6,213.4,41708
40127,214.3,215.8,207.2,209.6,36437
40128,209,211.9,206.2,210,42166
40129,210.4,210.4,204.2,208.7,33258
40130,208,208,200.3,202.1,53769
40131,204.1,204.5,203.1,203.4,821
40133,203.8,213.5,203,212.1,39015
40134,214,219.2,209.2,210.2,47430
40135,210.8,211.8,198,199,46381
40136,198,203.8,194.5,200,45629
40137,201.8,206.3,197.5,204.6,38764
40138,205.5,207.7,205.5,207.2,1779
40140,207.9,212.8,205.4,206.8,37164
40141,224,225,218.3,223.3,35195
40142,222.1,237.2,221.5,236,58215
40143,238,243,236.3,242.3,16448
40144,242,246.5,227.8,243.2,61719
40147,241.2,241.2,225.3,226.1,50917
40148,225.1,226.4,217,225.6,53389
40149,222.5,222.9,209.2,210.4,45602
40150,211.2,213.3,205.7,206.6,41832
40151,206.5,217.9,206.5,216.6,36360
40152,216.1,216.1,214.5,215.1,1262
40154,216.7,233.5,216.7,232.5,56936
40155,233.5,241.5,232.2,238.5,47538
40156,241.1,243.7,232.8,234.6,40586
40157,233,248.7,226.4,246.2,61169
40158,245,251.3,242.2,244.4,37004
40159,242.6,243.7,241,241.6,1414
40161,242.5,252.6,242.5,243.6,49018
40162,245.5,256.4,245.5,255.3,44633
40163,255.5,259.8,252.3,257,40018
40164,255.8,275.7,255.8,273.7,47355
40165,273.1,277.4,268.5,269.6,33871
40166,271.6,272.7,271.5,272.3,794
40168,273.4,277.8,263.8,265.4,43619
40169,267,269.9,259.1,266.1,40240
40170,268.5,273,262.1,271.6,36641
40171,272.5,278.8,261.8,264,42276
40176,278.9,281.6,274.8,276.6,29171
40177,275.6,277.8,269.3,271.8,34724
40178,270.1,273.6,258.1,259.5,35624
40179,260.2,261.1,260.2,260.8,1284
40180,261.3,261.4,260,261.1,405
40182,261.5,272.9,261.5,270.6,40528
40183,269.3,270.9,262.6,263.6,38687
40184,262.9,275.8,262,274.7,56258
40185,275.2,279.4,264.3,266.2,84504
40186,267.5,268.8,257.4,260.8,44173
40187,261.4,263,261.4,262.3,875
40189,260.8,260.8,245.2,246.7,51773
40190,247,256.2,245.4,255.1,53478
40191,256,263.5,249.2,261.8,50219
40192,263,264.8,251.3,252.1,50789
40193,253.5,262.9,253.1,261.9,38102
40194,260.9,261.6,260.8,261.3,632
40196,260.2,260.2,254.6,255.8,14230
40197,255.7,260,250.2,259.4,39953
40198,259,259,252.5,254.1,27406
40199,254.7,262.9,253,258.2,42051
40200,259,271.7,259,269.9,32807
40201,269.8,271.4,268.9,270.8,1504
40203,270.1,270.4,262.5,264.8,30632
40205,264.6,264.6,242.4,243.9,39504
40206,243.1,245.7,236.3,241.2,39385
40207,240.4,245.3,238.2,239.3,23652
40208,238.7,240.1,238.6,239.6,436
40210,242.7,251.9,242.7,250.6,28376
40211,251.6,255.8,249.2,253.5,29892
40212,252.2,256.4,249.7,254,23421
40213,252.4,254.1,244.1,248.2,27218
40214,250.7,261.8,250.7,255.7,27138
40215,257.8,259.1,257.7,258.2,912
40217,259.4,266.7,255.6,256.7,24677
40218,255.4,255.4,245.4,248.4,30898
40219,249.6,251.1,244.7,247.7,23869
40220,248.2,251.9,245.5,246.5,20274
40221,246.7,257.9,242.1,255.7,30546
40222,254.4,254.4,253.2,254,715
40224,254.6,254.8,253,254.2,5003
40225,254.9,257,247.4,248.5,23223
40226,247.2,249.7,243.4,247.4,19286
40227,248.5,249.5,239.2,240.2,25028
40228,240.2,240.2,231.5,233.4,17794
40229,233.3,234.8,231.6,233.3,745
40231,230.5,230.5,223.3,225.1,16662
40232,226.4,227,222,222.9,14765
40233,225.2,229,223.1,225.8,16617
40234,225.9,226.5,221.1,223.6,24016
40235,223.7,224.9,220.1,220.7,18456
40236,221.4,221.4,220.3,220.9,690
40238,220.2,225,216,217,17167
40239,216.6,218.9,214.6,217,21285
40240,217.5,219.6,215.2,219,18441
40241,219.4,222.4,210.2,211.3,31527
40242,211,211.7,208.4,208.9,17872
40243,209.2,210.7,209.1,210.5,1046
40245,208.7,208.7,203.5,206.7,22217
40246,206.7,210.7,206,206.5,24031
40247,205.6,206.2,202.7,204.8,17581
40248,206,209.9,202,203.2,29491
40249,202.7,203.9,201.3,202.6,15239
40250,201.6,201.6,200.2,200.6,2322
40252,200.4,203.8,198.3,202.5,17831
40253,201.1,202.3,197.2,198.5,15571
40254,198.5,199,195,195.6,13095
40255,194.7,195.5,184.6,186.7,36451
40256,186.2,189.4,184.6,188.7,22604
40257,189,189.5,188.7,189.2,865
40259,188,190.4,185,188,15617
40260,187.4,190.1,185.4,188.9,19277
40261,187.7,189.3,185.6,188.1,11336
40262,187.5,187.5,179.5,180.8,28461
40263,181,181.3,178.6,179.2,20786
40266,178.6,182.6,176.7,179.5,25158
40267,177.3,180.8,174.8,178.9,25719
40268,180.7,184.5,175.5,177.6,30936
40269,176.8,187,172.2,185.8,49963
40271,185.5,186.2,184.9,186,1367
40273,185.1,191.5,179.3,191,45093
40274,191.8,193.3,181.7,182.8,49924
40275,182.6,186.8,179.6,181.3,37473
40276,181.1,183.2,172.2,174.6,50834
40277,175.1,182.3,174.8,181.4,36224
40278,181.1,181.9,180.8,181.1,859
40280,181.7,186.6,175.8,177.2,51785
40281,177.9,184.3,176.5,183.6,43514
40282,185.5,189.5,182.6,187.7,35429
40283,186.2,187.5,176.8,177.3,45777
40284,178.2,182.9,177.2,181.8,27038
40285,180.6,181.5,180.5,181.3,688
40287,181.3,182.6,174.8,175.3,27865
40288,176.2,177.9,173.1,176.2,25920
40289,176.8,180.3,175.2,178.1,28099
40290,177.2,185.5,175.7,183.8,36153
40291,183.6,191.2,181.3,190.4,32490
40292,189.3,189.8,188.1,189.2,1478
40294,189.5,193,185.2,189.2,33104
40295,188.4,190.8,186.3,189,23909
40296,193.6,198.4,192.2,195.8,26147
40297,195.1,196.3,178.2,178.7,59655
40298,179.4,181.6,175.5,176,25306
40301,176.3,179.5,174.2,178.9,24611
40302,178.6,181.9,178.1,180.9,23363
40303,182,183.7,178.4,179.5,17526
40304,180.5,185.7,176,178.1,28754
40305,179.3,182.8,179,181.2,15204
40306,181.8,182.7,181.8,182.4,547
40308,182.5,190.8,181.6,189.2,20621
40309,189.1,191.2,186.3,187.4,18385
40310,187.6,193.9,184.1,193,17018
40311,192.5,199.2,188.2,196.6,31583
40312,195.6,197.7,193.1,197,14978
40313,196.6,197.2,196.5,196.9,339
40315,197.6,201.6,196.1,200.4,16634
40316,202,205.3,197.3,199.5,20938
40317,198.1,201.9,193.1,194.2,17882
40318,193,198.4,190.2,193.6,25888
40319,193.3,196.3,189.5,190.1,16442
40320,190.2,190.8,189.3,190.1,463
40322,189.1,190.8,186.9,187.4,14368
40323,188.9,191.8,188.3,190.9,13536
40324,196.5,204.9,196.5,200.9,18656
40325,199.9,202,195.2,201.2,25867
40326,201.9,205.9,199,203.4,28373
40327,203.1,204,202.3,203.5,369
40329,203,204.1,202.7,203.8,4113
40330,204.4,208.9,201.1,202.3,28856
40331,202.3,207.5,200.1,206.6,23121
40332,207.7,219,205.6,218.6,34974
40333,219.6,235.4,217.5,233.5,36021
40334,232.1,232.1,228.7,229.7,1678
40336,229.2,231.6,220.6,229.1,31781
40337,230.9,234.7,223.7,226.4,34326
40338,224.4,227.5,219.8,220.8,23000
40339,221.9,225.8,217.1,218.4,37655
40340,219.2,225.9,219.2,222,23293
40341,223,225,223,223.6,926
40343,224.1,232.5,224.1,231.2,27033
40344,232,240.8,232,237.5,36246
40345,238.6,241.8,231,233,30270
40346,234,239.5,231,235.9,35057
40347,237.9,239.2,230.5,231.4,26956
40348,232,232.5,231.4,232.3,464
40350,231.5,237,222.1,223.4,35181
40351,224.9,225.3,216.4,217.2,34728
40352,218.5,227,218.5,222.7,34642
40353,222,225.8,218,219.5,32447
40354,219.9,225.6,219.9,224.4,18134
40357,226.6,227.1,220,222,21657
40358,221.2,221.5,213.8,215,29307
40359,214.3,217.2,209.8,214,30488
40360,215.5,232.2,213.2,230.6,50159
40361,230.6,230.6,217.8,221.2,37932
40362,222.4,222.4,220.2,220.5,649
40364,222.3,228,222.3,226.6,11963
40365,226,231,221.5,223.2,35913
40366,222.2,226.3,215.4,216.2,42642
40367,216.8,217.7,205.5,207.3,44936
40368,207.5,208.3,204.1,205.9,32072
40369,206,207,206,206.7,1114
40371,207,209.5,204.7,208,31266
40372,208,209.8,203.4,205.1,39502
40373,204.8,205.2,202.4,203.3,29951
40374,203,216.4,201.1,215.6,72947
40375,215.7,218.9,211.5,212.1,38755
40376,213,214.6,213,213.6,1304
40378,214.2,215.3,210.8,212.8,31671
40379,213.5,217.8,211.5,213.6,45409
40380,215.4,219.7,212.6,213.4,50188
40381,213.4,221.3,212.8,217.1,58377
40382,217.5,218.5,214.6,216.2,27820
40383,216.1,216.1,214.1,215.5,1022
40385,214.4,217.3,212.1,216.4,23660
40386,216.9,219,215.1,216.6,19460
40387,218.3,228.8,218.3,222.3,56151
40388,221.9,227.8,221.2,224.9,67939
40389,225.4,227.7,224.1,225.9,31205
40390,226.8,228.7,226.7,227.2,1348
40392,228.1,232,218.1,218.8,60435
40393,219.8,223.8,215.2,216,55631
40394,216.8,220.5,214.6,219.9,39753
40395,219.6,223,211.7,213.4,67486
40396,214,215.2,207.4,208.1,38886
40397,208,208,207.1,207.5,1781
40399,207.4,209.2,198.3,199,55128
40400,199.9,204.4,199.6,201.3,50713
40401,202,205.3,200.1,202.9,46163
40402,203.3,205.2,200.5,202.2,46670
40403,202.2,203.4,201,202.1,23228
40404,202.6,202.9,202.3,202.4,667
40406,202.9,203.9,196.3,197.7,35068
40407,197.7,201.9,195.8,201.1,40581
40408,200.9,201.2,195.9,197.3,32771
40409,197.8,204.1,193.6,195.8,51504
40410,195.3,195.7,192.7,193.7,24190
40411,193.4,193.4,192.7,193,1009
40413,192.5,193,188.7,190,33840
40414,190.7,192.2,189.1,189.6,20610
40415,189.8,190.2,181.2,182.1,32875
40416,182.6,183.6,177.3,178.9,39432
40417,182.6,184.2,176.5,178.7,36835
40418,177.5,177.5,176.3,176.6,2328
40420,176,185.6,175.3,183.1,57379
40421,182.3,184.4,177.3,182.2,48327
40422,181.5,183,175.9,177.6,66531
40423,178.3,180.9,174.3,177.9,62941
40424,177.9,182.4,177.6,181.7,42103
40425,182.4,183.8,182.4,183.7,2938
40427,183.2,184.2,181.6,182.2,12304
40428,182.5,183.8,177.8,181.3,54037
40429,182.1,184,178.8,179.9,40611
40430,179.5,180.3,173.7,174.9,64126
40431,175.5,183.4,175.5,180.1,56746
40434,179.8,184.5,178.3,183,63257
40435,183,187.2,178.7,181,66439
40436,181.6,188.8,181.6,186.3,65613
40437,186.2,190.7,178.8,189.1,1.1105e+05
40438,188.6,188.9,184.2,185.9,52388
40439,184.6,184.6,184.3,184.4,1732
40441,183.9,183.9,174.6,176.5,63367
40442,175.9,183.2,174.7,181.3,78394
40443,180.3,182.7,178.5,180.4,44455
40444,181,187.3,181,183.8,70275
40445,183.7,183.7,175.2,176.2,51583
40446,175.5,175.9,174.6,174.7,2143
40448,174.2,174.2,168,169.1,45041
40449,178.4,182.5,178.4,181.3,60676
40450,180.6,180.6,177.2,179,47214
40451,179.6,181.5,172.5,174.1,70675
40452,173.7,174.6,170.3,171,44693
40455,170.9,170.9,166.3,167.2,50275
40456,167.5,169.5,166.3,167.5,37565
40457,168.4,173.5,168.1,172.9,49519
40458,172.7,173.4,164.2,164.9,62302
40459,164.1,164.6,160.4,161.9,43697
40460,162.8,162.8,162.2,162.5,1448
40462,163,164.3,161.2,161.4,35206
40463,161,162.3,159.3,161.3,41157
40464,161.8,168.5,161.8,164.5,62439
40465,164,167.3,159.5,164.8,68853
40466,164.1,164.1,157,157.8,46531
40467,157.2,157.2,155.1,155.7,2623
40469,155,157.2,152.8,153.5,40827
40470,152.6,157.9,152.6,156.1,41101
40471,156.6,160.3,156.6,159.2,40957
40472,158.6,158.6,149.6,150.5,66214
40473,151,151.7,147.1,148.5,36251
40474,149,149,147.1,147.2,2222
40476,147,147.9,144.7,147.3,34283
40477,148.4,151.5,144.7,147,50021
40478,168.5,173.9,167.9,170,41522
40479,169.8,172.6,164.8,171.5,78856
40480,171.5,181,171.5,180,75349
40481,180.5,190.8,180.5,187.9,14117
40483,187.6,188.1,172.3,173,73851
40484,172.1,175.7,167.7,172.4,77096
40485,172.9,174.4,169.7,171.3,40648
40486,171.2,173.1,166.1,170.1,45667
40487,170.3,174.9,170.3,174.2,8170
40488,174.8,174.8,172.6,173.2,1068
40490,174.7,182.8,174.7,181.7,36277
40491,182.2,187.7,181.2,185.6,48524
40492,185.9,189.7,181.7,182.2,44695
40493,182.7,184,175.5,176,32850
40494,176,177.3,172.5,173.1,31760
40495,173,174,172.3,173.5,1561
40497,172.5,174.3,168.8,172.2,37772
40498,173.4,178.5,173.4,175.7,38751
40499,175.5,183.3,175.5,180.8,32773
40500,181.8,183.7,175,177.7,41189
40501,178.6,189.8,178.6,189,44690
40502,189.5,192.8,189.5,190.4,3006
40504,191.4,193.2,187.7,192.2,38551
40505,193.2,194.7,187.7,192.9,27318
40506,203.7,208,200.5,207.2,45433
40507,206.6,206.6,200.3,202.1,17254
40508,202,206.9,201.5,204.1,30385
40509,203.8,204.8,203.2,203.9,1256
40511,204.2,207.8,193.5,194.8,55126
40512,195.3,197.1,191.3,193.8,41378
40513,194.6,197.2,191.2,196.4,46971
40514,196.4,200.5,191.4,192.4,55619
40515,193.4,199,193.4,195,36370
40516,195.4,196,194.6,195.7,1087
40518,196.2,203.5,196.2,202.1,50623
40519,203,205,199.3,200.1,35623
40520,199,207.9,198.3,207.1,43108
40521,207.8,210.7,203.1,203.8,59013
40522,203.1,203.1,197.2,201.5,44728
40523,200.9,201.4,200.4,201.1,1290
40525,201.8,206,195.7,199.3,56632
40526,199.5,200.3,193,193.6,39827
40527,193,195.2,191.2,192.9,33869
40528,193.5,194.1,184.4,185.1,48836
40529,184.1,187.6,180.3,187,31779
40530,186,187,184.3,186.1,1259
40532,185.7,189.9,183,189.4,34085
40533,190,192.3,185.9,186.7,37680
40534,185.9,186,180.4,185.4,47658
40535,185.4,188,182.3,184.7,43491
40536,184.1,184.1,183,183.6,6047
40539,183.4,183.4,180.1,180.5,31520
40541,195,196,192,193.8,45712
40542,194.6,197.7,192.7,193.6,45648
40543,194.2,199.9,194.2,197.8,23522
40544,197.5,198.9,197.5,198.8,1448
40546,199,208.7,199,208.3,69383
40547,209,213.1,207.6,210.6,61684
40548,210.1,210.9,203.6,205,56845
40549,205.5,211.3,200.8,202.3,79260
40550,201,202.9,197.6,200,45924
40551,200.8,202.7,200.2,201.5,787
40553,201,203.5,197.6,199.5,45675
40554,200.1,203,197,202.4,47047
40555,202.2,206.8,201.2,202.8,53726
40556,202.6,203.7,199,200.7,50257
40557,200.4,204.7,199.6,203.9,30828
40558,204.7,204.9,203.6,203.8,967
40560,204.5,207.4,204.1,206.7,15657
40561,207.3,207.3,200.2,201.7,43879
40562,201.2,206.5,201.2,206.2,35586
40563,206.6,215.2,206.6,213.6,56214
40564,214.3,218.3,212.3,216.6,44531
40565,216.6,217.4,215.8,217.1,1663
40567,218,220,210.4,211.1,41508
40568,209.9,209.9,200.3,201.3,34520
40570,206.9,207.3,200.4,201.5,47370
40571,200.5,201.8,196.2,200.1,39438
40572,200,203.4,200,202.6,1904
40574,203.5,206.2,198.6,200.2,44580
40575,201,203.7,198.7,200.8,38583
40576,200.9,204,199.7,201.4,39371
40577,202,206.6,199.2,201.5,59213
40578,201.3,201.3,197,198.7,33906
40579,198,198.4,197.1,197.6,1374
40581,197.1,197.1,188,188.7,35506
40582,188.1,188.5,184,184.5,29483
40583,185.7,185.9,182.2,184.5,29218
40584,185.1,190,183.3,183.8,37552
40585,183.5,183.5,179.1,180.2,26340
40586,179.1,179.1,175.7,177,2727
40588,177.1,179.8,175.7,178.1,23684
40589,178.5,181.9,177.6,181.2,30513
40590,181.6,182.1,178,180.5,26138
40591,179.2,179.3,173.7,175.7,39130
40592,175.5,176.4,174,174.5,19446
40593,174.5,174.5,172.4,173,1048
40595,174.8,177.5,174,176.5,13184
40596,177.4,179.7,173.1,174.3,22375
40597,175.3,175.8,172.7,174.8,19572
40598,180.2,181.1,176,178.1,27275
40599,177.9,184.7,175.3,182.5,28459
40600,183,183.9,182.6,183.4,1605
40602,183.6,186.8,180.6,185.7,29129
40603,185.5,185.5,176,177.1,38300
40604,176.5,176.5,171.6,173.2,32914
40605,173.2,175.2,170.4,172,41374
40606,171.4,172.9,169.1,172.1,29937
40607,172.5,172.5,171.2,171.5,1141
40609,170.9,175.9,168.8,175.3,34506
40610,176,179.2,173.8,178.6,37007
40611,177.2,177.9,173.3,176.9,29560
40612,177.5,178.9,172.6,174.2,28116
40613,173.5,179,172.9,176.9,24889
40614,176.7,176.8,176,176.2,541
40616,176.8,183.2,176.8,178.9,34094
40617,178.6,181.7,173.1,178.7,43070
40618,180.4,181.7,177.1,179.3,31769
40619,179.7,187.4,178.8,186.7,35897
40620,187.3,189.8,185.1,187.2,25217
40621,187.2,188,187.2,187.7,459
40623,188.9,190.8,185.7,187.6,30588
40624,187.7,190.7,187,189.9,21826
40625,190.8,195,190.8,192.8,23607
40626,194,196.8,188.4,190.2,35643
40627,191.2,193.2,188.4,192.4,18747
40628,193.3,199.7,193.3,197.4,2771
40630,198.8,200.1,195.6,199.4,26552
40631,204.5,204.5,194,194.8,36960
40632,193.8,197.3,192.1,195.7,24131
40633,196.9,199.4,189.2,197.4,43470
40634,197.2,198.5,192.3,193.3,27597
40635,194.1,195.1,193.6,194.8,659
40637,193.9,195,189.5,192.7,33024
40638,191.7,193.4,189.4,190,24217
40639,189.1,189.3,183.7,184.3,27140
40640,184.4,185.1,179.3,180.5,34199
40641,180.1,180.9,178,179.1,24134
40642,178.9,179,176.4,177.9,2127
40644,178.3,185,178,183.2,36899
40645,182.9,184.5,181.4,182.5,28408
40646,183.1,186.8,182,185.8,31221
40647,184,190.3,181,189,37765
40648,188.3,188.7,186,187.5,20683
40651,186.5,190.4,182.8,184.2,24089
40652,184.7,190.8,184.3,188.8,27308
40653,190,193.1,189.6,191.7,24525
40654,191.9,196.7,188.6,196.1,33606
40656,196.9,198.8,196.3,197.1,1276
40658,196.7,198.1,193,194.3,21418
40659,194.2,196.6,193.2,195.2,13759
40660,199,201.6,197,198,16480
40661,198.3,206.1,197.1,205.6,30282
40662,205.2,208.5,203.2,208.1,21458
40663,208.4,210.1,207.3,208.3,2061
40665,207.9,210.7,206.5,208.2,25815
40666,208.9,211.2,208,209,21477
40667,208.4,210.4,205.8,206.5,19478
40668,205.7,205.7,194.1,194.6,29505
40669,191.9,194.8,189.4,191.1,13315
40670,190.5,193.6,190.2,192.6,590
40672,192.5,193.4,186.2,187.1,15909
40673,187.8,190.2,187.3,189.6,13755
40674,190.5,192.7,186.2,189.5,17480
40675,188.4,191.4,185.6,188.7,19896
40676,189.3,191,187,190.5,10551
40677,191.4,192.4,190.8,191.4,911
40679,191.7,195.7,189.7,195.1,18504
40680,195.2,195.8,188.5,190.3,19467
40681,189.8,191.6,188.8,190.3,15803
40682,189.6,189.6,184.5,185.1,21849
40683,184.6,190.2,183.7,189.5,19068
40684,190,192,190,191.2,1557
40686,191.5,197.9,190.9,197.3,20708
40687,196.5,198.8,193,196,22733
40688,195.5,199.3,195.5,197.5,14337
40690,198.6,207.1,198.2,204.7,32444
40691,204.3,205.9,204.3,205.3,440
40693,205.5,207.9,205.3,207.3,8326
40694,207,211.8,206.3,211.4,32246
40695,210.5,211.1,206.7,209.5,27242
40696,209,218.2,208.5,215.4,40513
40697,215.7,216.4,212.2,213.3,23214
40698,212,212,210.3,210.8,1265
40700,212,217.8,212,216.7,31798
40701,216.7,217.6,213.7,215.1,29241
40702,214.3,218,213.7,217.1,24906
40703,217,223.5,208.5,209.3,59167
40704,209.7,214.4,209.1,213.9,31564
40705,213.9,214,213.5,213.8,408
40707,214,216.2,207.7,209.6,37985
40708,208.6,208.9,204.5,205,30576
40709,204.7,207.1,203.2,205.2,26841
40710,205.8,208,198.8,199.2,39951
40711,199.2,199.9,194.3,195,24313
40712,194.5,195.7,194.3,195.5,646
40714,194.4,196.9,193,196.2,23259
40715,196,198,193.8,197.4,24040
40716,197.4,199.5,193.7,194.3,29455
40717,193.8,195.2,187.6,188.9,29053
40718,188.9,191.2,187.7,190.1,15379
40719,190.6,191.2,190.6,191,533
40721,190,191.7,188.2,191.2,17526
40722,193.7,198.2,192.7,197.2,27529
40723,197.4,197.7,193.3,195.4,24331
40724,195.4,198,189.6,196,48784
40725,195,196,193,194.5,21800
40726,194,194,193.4,193.7,629
40728,193.1,193.6,190.4,191.8,13123
40729,192.3,196.8,191,195.5,38811
40730,195.2,195.2,189.4,190.1,31481
40731,189.5,189.8,182.5,184.7,43188
40732,185.4,187.6,183.7,186.6,26145
40733,187,188.7,187,187.8,1376
40735,188.2,193.5,186.6,191.1,37483
40736,191.9,194.6,189.3,193.7,29121
40737,193.4,197,192.8,196.2,28628
40738,195.6,196.8,190.2,195.8,38876
40739,196.5,201.9,195.8,201.1,32687
40740,201.6,202.4,201.6,202.1,1038
40742,202.7,205.8,200.1,202.6,34310
40743,203.1,204,200.9,201.7,26630
40744,202,204.5,197.5,202,38416
40745,201.3,204,194.5,195.4,48919
40746,195.3,198.7,194.7,195.9,29650
40747,195.4,196,195.4,195.7,579
40749,195.5,197.9,193,194.3,34570
40750,193.8,194.4,191.1,193.4,20463
40751,192,194.3,191,191.8,32128
40752,192,192.6,187.1,187.7,40328
40753,187.6,188,184.7,184.9,21684
40754,184.6,185.4,184.5,185.1,977
40756,185.2,186.9,184.4,186.2,30315
40757,186.6,188.3,184.1,184.6,25867
40758,185,186.5,181.7,182.7,25504
40759,182.9,184.7,176.6,177.8,43023
40760,177.8,179.1,175.8,177.6,30434
40761,178.5,178.5,171.1,176.1,2987
40763,174.6,180,173,178.8,24382
40764,177.5,183.4,176.3,182,26280
40765,182,184.8,180.3,181.8,22923
40766,181.7,188,179.1,187.2,35417
40767,187,187.8,184.2,185.1,21142
40768,185.1,185.1,183.9,184.6,729
40771,184.1,184.1,177.3,178,31816
40772,178.3,180.8,176.9,179.9,27956
40773,179.5,182.9,175.5,179.7,32812
40774,180.3,182.4,179.7,181.1,16987
40775,181.3,181.3,180,180.8,759
40777,179.6,180.1,176.4,179.2,16802
40778,178.8,183.4,177.2,181.8,20656
40779,182.3,185.3,180.8,181.3,23492
40780,181.2,183.7,178.2,181.2,22580
40781,181.1,182.7,179.2,182.1,10965
40782,182.2,182.7,181.8,182.1,909
40784,181.2,181.3,177,177.8,29993
40785,177.1,180,175.1,179.7,28287
40786,179.9,186.7,179.7,185.6,30786
40787,186.4,189.9,182.8,184.3,39954
40788,184.7,186.2,178.5,179.6,26147
40789,179.1,179.4,178.1,179.1,1121
40791,178.8,180.9,178.1,178.5,16580
40792,179,182,178.5,181.2,27664
40793,181.6,186.9,180.7,185.2,35139
40794,183.6,186.7,182,185.3,43579
40795,184.2,186.2,181.5,184.3,28607
40796,183.6,184.3,183.5,184,496
40798,183.8,185.8,182.3,185.2,31433
40799,184.5,191.4,182.9,189.9,42037
40800,190.2,195.4,188.8,194.3,33086
40801,194.6,194.8,185.4,185.8,60399
40802,185,185.1,180.1,180.8,29148
40803,181,182,181,181.8,1009
40805,181.5,185.2,180.5,184.7,25942
40806,185.2,185.5,182.6,183.7,20757
40807,183.1,183.7,180.7,181.1,20881
40808,181.5,187,180.7,184.7,37261
40809,186,186.3,182.7,183.1,14420
40810,184,184,182.4,183,654
40812,183.5,188.5,182.1,188.1,14453
40813,187.8,189.4,185.6,186.4,12976
40814,190,191.5,187.9,188.3,14030
40815,187.7,189,182,187.5,30794
40816,186,187.4,183.6,184.4,13296
40817,184,184,182.4,182.5,1304
40819,182.2,183.5,178.8,179.5,20340
40820,180,181.6,178.8,179.7,17146
40821,180.4,183.1,178,178.2,19014
40822,178,179.5,173.7,176.7,31002
40823,177.6,177.6,171.9,172.3,25383
40824,172,172.6,170.4,172.3,1606
40826,171.7,174.6,170.4,173.4,27287
40827,173.7,178.8,173.7,177.9,36698
40828,177.6,179.4,172.1,172.8,39104
40829,172.1,175.6,170.5,174.1,55910
40830,174,183.6,173.1,181.5,55594
40831,182.1,182.3,181,181.7,1140
40833,182,185.2,179,181.1,48592
40834,181.4,182.6,175.6,176.2,33305
40835,176.1,179.4,175,178.5,30870
40836,177.5,186.6,177.3,182.6,49850
40837,182.1,182.6,177.3,182,29771
40838,181.3,182.9,181.3,181.9,614
40840,181.9,183.7,178.6,179,20525
40841,179.5,183.6,177.8,181.4,18951
40843,190.5,190.5,183.8,188.1,36866
40844,187.5,192.7,186.1,192.3,33856
40845,192,192.4,190.2,190.5,4061
40847,191.4,194.1,189.2,191.8,43293
40848,191.8,194.7,187.4,189.5,50889
40849,188.7,188.8,185.3,187.1,35963
40850,187.2,190.3,185.6,186.6,89845
40851,187.5,190.3,187,187.5,48225
40852,187.8,188,185.5,186.6,5104
40854,186.1,186.1,181.8,184.9,34875
40855,184.4,185.5,182.7,184.5,35069
40856,184.5,189.2,184.5,185.4,53625
40857,185.9,187.9,184,186.5,39576
40858,186.5,186.5,180.5,181.9,55125
40859,181.5,181.5,179.5,180.1,3199
40861,179.8,179.8,176.2,177.1,34142
40862,176.8,177.5,174.3,174.8,36445
40863,174.6,175.8,171.7,172.4,43443
40864,171.9,177.8,170.6,174.6,67088
40865,175.5,177.5,170.8,171.9,51628
40866,171.2,172.6,171,172.5,1498
40868,172.3,180.4,171.8,179.3,57439
40869,178.6,181.5,177.1,178.2,43529
40870,178,183,176.4,180.3,50883
40871,181.3,181.7,178.2,179.6,16748
40872,179.9,184.1,179.8,183.2,22389
40875,191.5,194.8,185.9,186.5,52822
40876,185.8,189.5,185.3,188,44898
40877,188.5,191.4,185.1,187.7,47318
40878,187.2,190.8,183.5,188.4,65328
40879,188.3,189.4,184.2,184.8,39570
40880,184.7,187.6,184.4,185.4,8169
40882,185,185.1,178,178.3,46152
40883,178.7,181.3,176.7,180.2,47280
40884,180.7,181.3,177.6,178.1,33493
40885,178,184.3,177.4,182.4,65312
40886,181.9,181.9,173.8,174.9,71316
40887,174.9,175.3,174.1,175.1,2132
40889,174.5,174.6,170.6,174.2,49291
40890,174.5,176.3,173.2,175.6,46980
40891,175.4,176.2,171.4,171.9,46509
40892,171.6,172,167.1,168.9,70292
40893,168.4,168.4,163.5,165.4,52034
40894,166,166,165,165.8,1683
40896,165.2,165.9,162.5,165.5,35439
40897,166,167.1,164,164.4,37729
40898,165,169,164,168.5,48683
40899,167.6,169.4,164.4,165.9,51074
40900,166.2,167.9,165.1,166.3,26409
40901,165.5,165.8,164.9,165.6,1379
40903,165.3,166,164.6,164.8,5952
40904,164.5,168,162.7,163.5,41575
40905,170,172,168.5,169.7,36828
40906,169.1,170.9,162.3,163.6,54731
40907,163.1,164.5,160.7,162.1,37427
40908,161.6,161.7,161,161.5,2476
40910,161.4,161.9,160.4,161.6,6122
40911,161.4,165,157.6,160.2,76030
40912,159.9,165.1,159.9,164.4,65702
40913,164.4,165.8,157.7,158.1,86997
40914,158.3,163,157.5,162.4,66820
40915,162.9,163.1,162.6,162.8,1572
40917,162.2,162.2,157.8,159.6,53376
40918,159.4,159.5,151.3,152.5,85115
40919,151.6,151.7,143.3,143.9,83313
40920,142.7,144.9,138.2,138.7,89513
40921,138.9,141.3,136.7,138.4,56960
40922,137.5,137.5,136.1,136.5,3292
40924,136.3,136.3,130.8,131.5,39734
40925,130.8,132.3,124.6,126,78044
40926,125.8,129,124.3,125.1,69298
40927,125,125,118,118.6,73762
40928,118.1,119.4,115.7,117.7,71030
40929,118,118.1,116.8,117.6,2686
40931,117.2,126.9,112.3,124.5,1.1871e+05
40932,124.9,133.1,124.9,128.8,1.0696e+05
40933,129,137,129,134.2,41580
40935,136.6,137.3,130.4,134.9,97339
40936,135.4,138.6,135.4,137,3601
40938,138.3,141.6,136.1,138.2,85663
40939,137.5,137.5,124.6,125.4,1.0006e+05
40940,124.2,124.2,117.6,119.5,92318
40941,119.5,125.7,116.3,124.3,1.1011e+05
40942,124.7,126.1,120.2,121.8,80030
40943,122.2,122.9,122,122.6,1835
40945,121.7,126.4,120.3,124.4,97588
40946,124.5,130,121.6,122.1,1.0582e+05
40947,121.8,124.4,118.7,123,88981
40948,122.4,127.9,119.7,123,1.0663e+05
40949,123.4,126.3,122.5,123.9,52849
40950,124,124.1,123.5,123.8,1128
40952,123.1,123.1,118.8,120.8,78058
40953,121,127.4,121,125.8,91787
40954,125.8,127.1,119.6,120.2,85576
40955,120.4,127.9,120.1,126.8,1.0165e+05
40956,126.5,135.2,124.9,133.9,1.0076e+05
40957,133.6,134.3,132.8,133.9,1725
40959,133,133,128.5,129,25888
40960,129.6,130.8,127.1,128.4,68436
40961,129.8,130,126.1,128.2,53858
40962,128.3,132.7,126.4,128,79098
40963,127.5,129.5,123.3,123.6,52342
40966,133.5,136.7,131,132,76813
40967,131.1,131.1,125,125.3,72995
40968,125.8,129.6,124.1,128.7,64702
40969,128.7,129.1,121.7,122.9,73316
40970,123.4,125.6,123.1,124.8,51876
40971,124.6,124.8,123.6,124.4,1781
40973,123.5,123.5,118.8,119.3,54791
40974,119.3,122.4,118.6,120.7,52797
40975,120.1,120.1,116.3,117.3,48393
40976,117,117.7,113.3,114,49661
40977,114.4,116.8,113.7,115.8,57815
40978,116,116.2,115.7,116,1582
40980,115.5,115.5,112.9,113.4,49010
40981,113.8,115.1,111.1,112.3,63302
40982,112.8,118.1,112.8,116.7,1.0582e+05
40983,116.8,118,113.4,115.5,77718
40984,115.1,117.5,113.7,116.9,62542
40985,117.3,117.8,116.5,117.1,1793
40987,117,120.5,115.3,118.8,74346
40988,118.5,120.2,117.8,119.2,59438
40989,118.8,119.2,117.2,118.5,42816
40990,118.8,122,116.1,118.1,82048
40991,117.8,119.4,116.7,117.9,47428
40992,117.6,117.6,116.8,117.4,2260
40994,117.6,119,113.9,114.8,51893
40995,114.3,114.3,110.8,111.4,73285
40996,119,119.5,117.1,119.1,57330
40997,118.9,118.9,111.9,112.2,84636
40998,112,112,109.4,110.9,94068
40999,110.5,110.5,109.7,110.2,3660
41001,110,110.5,106.6,110.1,82288
41002,110.1,112.8,108.6,111.1,82215
41003,111.9,113.5,111.6,112.3,62905
41004,112,112,107.6,109,76815
41006,108.6,109.1,108.2,109,2595
41008,108.8,109.2,107,108.3,56302
41009,108.6,109.9,106.2,106.5,62134
41010,106.1,106.5,103.8,104.2,60518
41011,103.8,106.8,102,102.6,98150
41012,102.4,103.4,101.4,103.1,53885
41015,103.4,105.2,102.7,104.7,55713
41016,104.5,104.6,101,101.5,62803
41017,101.2,103.6,100.6,103,68064
41018,102.5,102.9,99.8,100.2,73130
41019,100,101.1,99.5,100.7,48291
41020,100.9,101,100.5,100.7,2867
41022,101,106,101,104.8,1.0141e+05
41023,105,107,104.1,104.5,65917
41024,104.9,107.1,103.6,106.4,62090
41025,113.9,120,113.9,116.8,1.2868e+05
41026,116.5,116.5,112.1,115.7,74480
41027,116.3,117.2,116.1,116.7,2620
41029,116.3,121.3,114.5,120.7,1.0026e+05
41030,121.4,126,121.4,124.8,94721
41031,125.9,127.4,119.8,121.3,99482
41032,121,128.3,121,127.3,1.1737e+05
41033,127.4,128.7,121.2,123.4,1.0034e+05
41034,123,123,122.5,122.7,1667
41036,123.1,125.7,122.8,124.1,81234
41037,124.3,125.9,122.2,124.8,66191
41038,126,135.7,126,133.9,1.3802e+05
41039,133.4,134.7,128.9,133.4,1.4867e+05
41040,133.4,136,131.8,134.1,95828
41041,134.4,134.5,134,134.2,1710
41043,134.7,136.4,130.9,131.6,88092
41044,131.1,135.2,130.2,134.7,85482
41045,135,142.5,135,142,1.0393e+05
41046,142.8,146.1,136.7,138.3,1.1845e+05
41047,139.8,148.1,139.8,147.1,1.0803e+05
41048,147.5,151.5,147.5,150.7,6211
41050,149.5,150.4,145.2,146.8,81347
41051,146.6,151,142.9,150.3,1.0733e+05
41052,150.6,154.8,146.8,153.8,98620
41053,153.3,153.8,147.3,148.7,91285
41054,148.2,148.2,140.6,141.9,60374
41058,142.8,146.3,140.4,144.2,90400
41059,144.1,144.1,136.3,138.6,1.208e+05
41060,138.3,141.3,134.4,140.2,98597
41061,139.5,139.5,129.4,131.1,72675
41062,130.5,130.5,127.6,127.9,4018
41064,129.6,135.5,128.8,134.2,76861
41065,135.6,138.7,133.6,137.2,78415
41066,136.6,138.4,133.5,134.4,80696
41067,134.6,135.3,126.3,126.6,84465
41068,125.8,129.2,124.5,127.9,64176
41069,128.5,128.5,127.5,128.3,1053
41071,127.3,128.2,123.5,124,72026
41072,124.2,126.8,121.8,126.1,72092
41073,125.6,125.6,122,123.2,62877
41074,123.1,137.8,121.4,136.2,1.3078e+05
41075,136.5,142.5,136.4,137.7,1.0396e+05
41076,137.1,137.9,136.8,137.5,1068
41078,138.9,146.8,137.9,145.1,1.007e+05
41079,146,150.2,140.2,142.3,94798
41080,142.5,150.6,141.2,143.5,1.0231e+05
41081,143,149.9,140.5,146.7,1.0352e+05
41082,148,152.2,145.7,151,84461
41083,150.9,152.1,150.4,150.8,1950
41085,151.7,155.7,150.5,152.9,53406
41086,152.5,156.8,151.8,156.1,50649
41087,159.9,168.8,159.9,163.9,1.1036e+05
41088,163,163.2,153.5,154.1,97544
41089,155,157.8,151.8,154.5,67086
41090,155.4,156.6,155.4,155.9,1740
41092,156.1,157.9,153,155.6,71177
41093,156.6,157.5,152.9,157,79931
41094,157.2,162,157.2,161.4,38623
41095,161.5,163.1,159.3,161.6,69966
41096,162,168.1,156.5,157.7,1.4058e+05
41097,157.1,157.5,155.9,157.3,2665
41099,156.9,161.9,156.2,160.8,84566
41100,160.6,162.1,154,155,1.0786e+05
41101,154.2,157,151.4,156.2,87881
41102,157.3,162.4,152.6,161,1.474e+05
41103,160.4,160.8,156.8,159,80400
41104,158.4,159,158.4,158.8,958
41106,158.3,161.4,153.3,154.1,98796
41107,153.9,157.3,152.4,155.6,94192
41108,155.4,164.9,153.8,164.1,1.2628e+05
41109,164,167,160.2,165,1.1567e+05
41110,165.8,169.7,164.9,168.9,91417
41111,169.4,171,169.4,170.6,3790
41113,171.4,175.8,168.1,172.8,1.1057e+05
41114,173.7,180,173.4,179.3,1.05e+05
41115,179.4,179.4,171.2,171.7,99181
41116,171.9,174.9,168.8,172,71199
41117,171.8,172.6,166.7,167.7,74379
41118,167.4,169.2,167.4,168.5,2490
41120,168.8,178.2,168.8,177.7,1.0643e+05
41121,178,183,176.8,178.5,1.307e+05
41122,179.1,181.4,174.8,175.6,1.269e+05
41123,175.7,177.7,166.6,167.5,1.1823e+05
41124,167.1,167.1,160.1,161.6,1.0658e+05
41125,161,161.8,161,161.6,1845
41127,161.3,161.4,156.4,160.2,1.1101e+05
41128,160.8,164.6,160,163.6,1.1663e+05
41129,163.9,165.8,160.8,161.7,1.2464e+05
41130,161.9,171.9,159.7,168.6,2.0254e+05
41131,168.1,168.1,153.9,154.4,1.5789e+05
41132,153.8,153.9,152.3,153.1,5278
41134,152.6,155.3,151.1,153.9,1.0742e+05
41135,153.6,159.6,152.5,159,1.4103e+05
41137,158,158,150.1,153.8,1.697e+05
41138,153.1,153.8,150.4,152.9,95948
41139,153.3,153.7,152.3,152.8,2419
41141,152,155.3,151.5,154.2,94839
41142,154.2,157.5,149.5,155.6,1.6168e+05
41143,156,158.3,154.5,156.1,1.0796e+05
41144,156.9,158,149.2,152.3,1.5601e+05
41145,152.3,158,150.8,151.9,1.5373e+05
41146,151,151,149.3,150.3,4994
41148,151,153.8,147,147.7,1.1601e+05
41149,147.4,149.3,145.4,146.5,88784
41150,148.1,151,146.7,150.4,1.1735e+05
41151,150.5,155,148,154,1.5368e+05
41152,154.1,156.3,151.6,155.5,1.0188e+05
41153,156,156.7,156,156.3,2198
41155,155.5,156.1,154.8,155.5,19569
41156,155.7,161.5,154.7,160.7,1.1539e+05
41157,160.5,161.1,156.6,157,97459
41158,157,159.9,155.1,157.8,1.2831e+05
41159,157.4,157.4,148.3,148.6,1.0494e+05
41160,148.9,149.3,147.6,147.9,4879
41162,147.7,152.7,147.7,152.1,1.0205e+05
41163,152.4,167.6,152.4,165.8,1.6694e+05
41164,166,169.3,163.4,168.8,1.4063e+05
41165,168.8,170.6,163.4,164.3,1.2873e+05
41166,165.5,167.3,158.2,159.7,96542
41167,159.5,159.7,159.1,159.6,1878
41169,159.1,161.3,154.3,155.4,63364
41170,156,157.4,151.4,152.6,81727
41171,152,154.9,149,151.4,81940
41172,151.3,153.4,149.6,151.8,1.0081e+05
41173,152.3,154.7,149,152.5,1.1989e+05
41174,153.7,154.1,153.2,153.6,3139
41176,154,154.3,150.5,152.2,1.1008e+05
41177,152.5,154.9,152.1,154.1,80952
41178,165.3,173.2,165.3,172.1,1.1154e+05
41179,171.9,176.5,171.3,174.9,1.2993e+05
41180,174.8,176.5,172.8,175.3,81118
41181,175.6,176.5,175.6,176.1,2401
41183,176.5,183,176.5,181.6,99085
41185,182.1,185.5,176,176.5,1.1894e+05
41186,178,180.1,173.7,177.2,1.1946e+05
41187,177.1,178.9,174.2,174.9,86602
41188,175.1,177.2,175.1,176.7,4145
41190,175.8,180.5,175.2,179.3,83215
41191,179.3,185.9,176.8,184.4,1.1146e+05
41192,184.9,186.9,182.7,186,1.0644e+05
41193,186.4,191.2,183.2,189.6,1.1989e+05
41194,190,192.4,188.7,190,95897
41195,190.5,191.1,190.5,190.9,3377
41197,191.1,191.1,183.7,185.5,1.0677e+05
41198,185.5,186.8,180.8,181.8,1.1784e+05
41199,181.7,185.3,180.3,183.4,97164
41200,183.7,192.6,182.7,191.6,1.3749e+05
41201,191.5,197.5,191.3,196.2,1.0875e+05
41202,195.7,195.7,193.6,194.5,4954
41204,195.2,195.5,185.7,186.1,1.0076e+05
41205,185.7,192.2,184.5,190.8,92159
41206,189.2,192.2,186,188.5,65003
41207,187,187,181,184.4,1.2449e+05
41208,184.4,184.4,179.6,181.9,40125
41211,203.4,210,201.9,208.7,85600
41212,207.8,208,199.4,200.9,95359
41213,200.9,204.8,199.6,201.9,91761
41214,202.4,202.6,197.6,198.7,1.0651e+05
41215,198.5,199.6,192.1,192.8,90513
41216,192.9,193.5,192.4,193.2,2719
41218,193,197.1,190.9,195.3,88600
41219,194.9,196.5,192.3,194.7,82166
41220,194.8,196.7,193.3,195.2,75266
41221,195,196.4,192.3,195.7,79536
41222,194.9,197,191.3,191.7,59948
41223,191.7,192.5,191.7,192.3,1713
41225,192.2,197.7,191.6,196.9,46894
41226,197.3,204.2,197.3,203.4,33964
41227,203.5,210.9,203.5,208.5,82359
41228,208.5,210.4,203.3,206.7,97059
41229,205.7,209.4,203.1,208.9,78633
41230,209.3,209.6,209.1,209.3,3127
41232,209.8,211.6,205.4,206.3,86794
41233,206,210.4,205.7,209.9,78784
41234,210,215.8,208.8,214.5,97851
41235,215,217.2,214.6,216.2,36837
41236,216.5,217.1,213.1,216.1,86775
41237,215.6,216,215.4,215.8,2826
41239,215.3,215.5,207.2,207.6,1.1964e+05
41240,208.1,210.2,206.6,209.2,63334
41242,210.8,211.6,200.7,202.1,1.2481e+05
41243,201.5,201.8,195.3,195.8,90298
41244,196,197.2,195.6,196.9,3187
41246,196.1,199.7,194.7,197.4,97175
41247,198.2,198.5,194.2,195.7,73833
41248,195,202.4,192.7,201.9,1.0165e+05
41249,201.8,204.5,197.5,202.2,1.3038e+05
41250,202.1,202.1,195.7,196.2,85051
41251,195.7,195.7,193.2,193.7,6015
41253,193.3,193.3,186.7,187.4,90445
41254,187.1,190.7,185.3,187.5,1.065e+05
41255,187,188,183.5,184,1.0302e+05
41256,184.2,185.4,180.4,181.1,1.181e+05
41257,181.5,183.2,178.7,181,92194
41258,180.8,182.1,180.6,181.9,4362
41260,181,186.4,179.7,184.6,1.1428e+05
41261,184.4,190,183.8,187.1,1.0955e+05
41262,186.8,187,180.5,183,1.0651e+05
41263,183.2,190.8,183.2,188.7,1.2277e+05
41264,189.2,193.8,189,191.7,1.0115e+05
41265,191.4,191.9,190.8,191.6,2075
41267,191,191,184.5,184.9,66496
41269,184.5,186.7,181.6,186,69122
41270,189.2,189.8,185.8,188.3,80932
41271,189,192.8,185.5,191.4,1.0865e+05
41272,191.2,192.4,191.2,192,3576
41274,192.1,192.1,184.6,184.9,82936
41275,184.8,186,184.3,185.1,16272
41276,184.6,184.6,173.4,174.5,1.5278e+05
41277,175,177.4,173.2,176.5,1.2079e+05
41278,177,182,176.5,181,1.358e+05
41279,181.3,181.4,180.5,180.6,3959
41281,181.5,186.2,179.8,180.4,1.2922e+05
41282,180.7,182.1,177.3,177.9,1.3309e+05
41283,177.3,177.3,170.4,170.7,1.3063e+05
41284,171.2,175.8,170.8,174.1,1.3554e+05
41285,174,182,173.9,181,1.1666e+05
41286,181.1,183,181,182.2,5684
41288,182.5,186.1,182.2,185.7,93914
41289,185.1,189.3,182.2,188.9,1.6584e+05
41290,188.8,190,184.6,186.7,1.4178e+05
41291,187,191,183.8,190.5,1.4939e+05
41292,189.9,191.8,188.1,191.4,1.1814e+05
41293,191.8,192.5,191.5,192.3,3964
41295,192.8,195.7,192.8,194.8,75307
41296,194.5,195.9,188.5,192.3,1.4356e+05
41297,192.4,193.3,188.3,190,1.0278e+05
41298,190.5,193.8,186.1,187.2,1.4753e+05
41299,187.5,187.7,184.3,186.5,69776
41302,186.1,186.1,177.5,178.9,90695
41303,181.6,181.6,174.9,175.5,1.2611e+05
41304,176.2,178.9,174.8,178.2,1.2879e+05
41305,178.5,181.8,173.8,178.2,1.6506e+05
41306,178.5,180.8,175.3,176.4,1.1823e+05
41307,176,176.5,175.7,176.3,4531
41309,176.8,179.4,174.7,178.9,1.0212e+05
41310,179,179.7,176.9,178.9,91880
41311,179.5,184.5,179.5,183.9,1.2625e+05
41312,184,184.6,177.6,178.5,1.3991e+05
41313,178.2,178.7,175.8,176.8,1.1082e+05
41314,176,176.6,175.7,176.1,5180
41316,176,178.4,173.5,177.2,1.0554e+05
41317,177,179,174.9,175.9,1.1723e+05
41318,175.6,179.4,174.5,179,1.097e+05
41319,178.8,178.8,169.8,170.3,1.4163e+05
41320,170.8,173.8,169.3,172,1.0995e+05
41321,172.4,172.4,171.7,172,1880
41323,171.5,173.2,171.1,172.9,51940
41324,173.2,178.2,172.7,177.7,1.1236e+05
41325,178,179.6,176.6,178.5,99318
41326,178,182.6,175.4,178.5,1.3296e+05
41327,178.4,178.4,175.8,177.7,69316
41328,177.7,177.9,177.1,177.5,3750
41330,178,185.2,178,183.9,82588
41331,188.4,191.7,187,187.9,1.1441e+05
41332,188.1,192.2,185.9,190.2,1.2489e+05
41333,190.2,191.6,185.5,191.1,1.5016e+05
41334,191.4,194.5,190.8,192.2,1.0865e+05
41335,192.5,192.5,191.5,191.9,2764
41337,191.3,195.9,188.4,195.6,1.3961e+05
41338,195.6,197.6,194.8,197.1,1.1826e+05
41339,197.1,197.1,191.1,192.3,1.3159e+05
41340,192.2,196.8,189.8,196.2,1.4931e+05
41341,196.1,198,194.7,197.8,89931
41342,197.7,197.8,197.3,197.4,4437
41344,197.8,199,195.8,198.3,1.0812e+05
41345,198.5,199.9,196.4,197.4,1.2902e+05
41346,197.5,201.7,197.2,201.1,1.0045e+05
41347,201,206.5,200.4,205.7,1.4694e+05
41348,206.2,212.5,206.2,208.7,1.8397e+05
41349,208.7,209.5,208.7,209.2,4676
41351,209.7,215.1,209.7,212.3,1.362e+05
41352,211.4,216.9,210.2,216.3,1.5448e+05
41353,216.5,216.6,211.3,215.2,1.5911e+05
41354,215,218.9,211.8,214.5,2.2719e+05
41355,214.6,217.8,212.9,213.8,1.2046e+05
41356,213.8,214.8,213.6,214.6,5642
41358,214.6,216.1,211.7,213,1.0496e+05
41359,215.5,216.7,212.5,215.8,1.3572e+05
41360,216.1,223.4,216,222.7,1.1651e+05
41361,222.8,224.4,217.6,219.4,1.9695e+05
41363,219.9,228.2,219.7,221.9,20528
41365,221.8,221.8,215.5,220.1,1.6685e+05
41366,219.8,220.7,215.8,216.7,1.5621e+05
41367,216.9,217.7,214.6,215.4,1.083e+05
41368,215.3,218.8,213.2,215.2,1.4275e+05
41369,216.2,226.3,216.2,225.8,2.0372e+05
41370,226.4,234.8,226.4,229.5,21894
41372,229,229,221.6,222.5,1.7988e+05
41373,220.5,224.4,218.3,219.5,1.6342e+05
41374,219.5,227,219.5,225.4,1.6207e+05
41375,224,227.4,220.3,224.8,1.9421e+05
41376,226.6,232.4,226.2,231.3,1.4945e+05
41377,230.4,233.3,229.6,231.1,13441
41379,231.9,234.4,225.8,226.9,1.2936e+05
41380,226.5,227.3,221.5,223.8,1.4071e+05
41381,223.9,229.6,223.9,228,1.2125e+05
41382,227.1,238.2,225.6,236.9,2.0789e+05
41383,237,237.9,235.4,236.6,81332
41384,237.3,237.3,235.8,236,4599
41386,235.1,235.4,230.7,231,1.1342e+05
41387,230.7,234.2,230,232.7,1.0278e+05
41388,232.6,232.6,225.3,227.3,98016
41389,227,230,224.1,228.1,1.212e+05
41390,229.8,229.8,222.8,227.1,1.1459e+05
41391,227.8,231.8,227.8,230.6,9273
41393,231.7,237.9,229.2,237.3,1.304e+05
41394,237.1,238,232,232.6,1.2362e+05
41395,233.5,238.4,232.5,233.6,84029
41396,232.5,235,217.1,217.9,2.1113e+05
41397,217.1,219.4,214.5,217.7,1.1031e+05
41398,218.4,219.2,217.9,218.7,2694
41400,217.6,220,215.4,216.8,81380
41401,216.6,217.1,212.5,212.9,84882
41402,212.5,214.9,210.8,214.4,94765
41403,214.3,218.4,211.1,216.8,1.2988e+05
41404,216,220.3,214.7,215.1,93651
41405,214.5,214.6,213.6,214.1,4324
41407,214.5,218.1,213.6,215.2,78227
41408,215,219.7,214.5,219.2,82631
41409,219.8,223.7,219.3,222.7,82470
41410,222.4,224.7,214.3,215.5,1.2797e+05
41411,216,225.7,214.7,223.5,96130
41412,223,226.5,221,226,11696
41414,226.5,229.3,225.7,226.6,82012
41415,226.1,233.2,224.5,232.7,85155
41416,232.7,235.4,230.8,233.4,87286
41417,234.5,237.2,231.7,236.8,1.1047e+05
41418,236.7,239,234.8,236.4,58613
41421,235,239.8,234.3,239.3,47054
41422,238.7,238.7,230.3,233,87852
41424,234.8,236.8,228.4,229.2,1.2061e+05
41425,229.6,230.7,227.1,227.7,90482
41426,227.4,227.4,226.5,227.1,1800
41428,226.5,229.1,224.2,226.1,91684
41429,225.6,228.1,224.7,227.5,79749
41430,226.8,229.5,225.9,228.3,77693
41431,228.1,228.3,218,218.6,1.1287e+05
41432,218.5,221.5,216.8,220,65717
41433,219.7,220.3,219.2,220.1,1183
41435,220.2,225.7,219.9,221.9,83035
41436,222,224.1,217.6,218.5,71852
41437,218.5,218.9,215.1,218.5,73505
41438,218.3,223.7,216,221.1,1.237e+05
41439,220.7,221.1,215.7,216.3,77443
41440,216.2,216.9,215.9,216.5,1632
41442,217.2,225.7,216.7,224.9,90815
41443,226,232.9,226,228.6,93657
41444,229.3,234.1,229.3,233.6,78474
41445,233.8,237,230.1,233.1,1.1346e+05
41446,232.5,232.5,226.1,227,87554
41447,226.4,227.5,226.1,227.2,2195
41449,226.1,228.6,223.7,224.2,78900
41450,223.6,224.6,218.7,219.6,59120
41451,220.8,227.6,220.2,225.6,72610
41452,225.9,227.9,215.4,215.8,1.0729e+05
41453,216.5,216.7,211.6,215.3,69203
41454,215.3,215.3,214.2,214.8,2042
41456,214.4,215.8,211.2,213.7,43088
41457,213.7,219,213,218.6,49752
41458,219,221.9,216.2,221,49440
41459,221.5,222.8,218.8,220.8,33515
41460,221.1,222.8,218.7,220.2,35275
41461,220.9,222,220.9,221.7,1481
41463,222,228.7,221.4,228,45382
41464,227.1,227.1,218.4,219.2,42737
41465,219.8,228.9,218.5,221.1,68001
41466,219.7,222.4,215,216.9,70535
41467,216.8,221.4,216.5,219.3,43375
41468,219.1,219.3,218.4,218.9,1821
41470,219.6,221.9,212.5,213.9,58891
41471,213.8,219.4,213.8,216.9,58784
41472,216.5,219.2,215,216.3,44987
41473,216.6,229.3,216.1,229,88712
41474,229.1,229.1,223.8,225.7,50206
41475,225,225,224.1,224.6,1805
41477,224.3,224.3,216,219,44929
41478,219.9,223.8,219,222.7,46038
41479,221.7,223.4,218.8,220,44380
41480,220,222.7,215.2,216.3,74341
41481,215.5,215.5,209.7,210.2,37544
41484,212.6,212.6,205.3,208.2,43200
41485,207.3,213.2,207.3,210.1,39085
41486,210.7,212.9,209.5,210.8,42578
41487,210.1,210.4,203.7,206.7,56334
41488,206.5,209.5,205,205.7,31496
41489,205.1,205.5,204.3,204.6,1482
41491,204.3,206.7,202.9,203.9,31249
41492,204.2,207.2,204.2,205.6,30987
41493,204.5,204.7,199.5,200.8,49780
41494,200.2,200.2,192.4,199.1,80816
41495,200.3,201.9,197.3,197.7,28563
41496,197.1,197.1,194.8,195.4,2905
41498,196.4,206,196.4,204.3,46453
41499,204.7,205.7,200.8,202.3,39296
41500,202.7,207.2,202.1,206.7,37357
41502,207.2,213.3,207.2,211.5,23677
41503,210.6,212.6,210.6,212.3,1188
41505,212.9,223.2,212.9,221.1,33905
41506,221.9,222.3,216.6,218.8,28964
41507,217.2,225.5,216.2,224.5,26697
41508,224.8,230.2,224.7,227.6,45955
41509,228.1,229.5,223.6,224.9,31922
41510,224.5,224.8,223.3,223.8,1126
41512,224,228.7,223.6,226.7,26545
41513,232.9,240.6,232.3,239.9,20885
41514,240.8,254,225.6,238.4,32254
41515,241.2,247.4,235.8,244,56377
41516,245,247.1,239.2,241.1,36540
41517,241.2,241.9,238.8,239.5,2415
41519,240.9,248.9,240.9,248.2,20248
41520,247.6,254.3,246.1,253.7,29414
41521,254.8,257.1,242.7,244.1,27969
41522,242.5,248.7,239.1,239.4,40687
41523,238.2,239.5,229.1,229.6,27943
41524,229.7,230.2,228.8,229.8,904
41526,230.4,234.1,229.9,231.3,10645
41527,232.3,235.3,226.3,228.8,25307
41528,229.9,231.8,224.7,229.7,28495
41529,229,234.8,225.6,232.6,42327
41530,234,234.3,229.7,233.5,24534
41531,233.5,235.7,233,235.1,1368
41533,234.6,236.5,228.7,235.4,30906
41534,237,240.5,235.6,237,33006
41535,237.9,238.3,233.8,237,29682
41536,236.1,236.6,229.6,230.3,41226
41537,230.9,232.7,228.8,231.4,24125
41538,231.4,231.4,231.4,231.4,NaN
41540,229.5,231.2,225.8,226.4,21244
41541,225.7,228.4,219.9,220.3,25516
41542,219.8,222.3,219.2,221.4,14619
41543,225.1,225.1,216,221.1,47263
41544,222.4,228.5,222.1,227.5,30178
41545,227.5,227.5,227.5,227.5,NaN
41547,227.8,227.8,222,223.8,24561
41548,223.1,230.5,222.1,228.7,33357
41550,227.6,227.6,217.6,219.8,42500
41551,219,219.2,215.7,216.1,23055
41552,216.1,216.1,216.1,216.1,NaN
41554,217.3,226.9,217.3,225.7,32175
41555,225.9,232.5,225.1,232,31517
41556,231.7,232.9,228.8,230,30805
41557,230.5,233.8,228.3,230.5,48026
41558,230,232.7,229.6,231,25204
41559,231,231,231,231,NaN
41561,232.5,236.5,231.8,234.9,31229
41562,235.5,238.9,233.6,235.1,34409
41563,236.1,238.3,233,235.2,25084
41564,234.1,234.3,228.4,229.5,29281
41565,229.7,232.1,226.1,231.1,33977
41566,231.1,231.1,231.1,231.1,NaN
41568,231.5,234.6,228.8,229.5,31482
41569,228.8,228.8,219.6,220.2,42798
41570,220.2,224.3,219.8,222.9,28418
41571,222.9,224.3,218.6,223.5,43754
41572,222.8,228.3,221.2,227.3,27095
41573,227.3,227.3,227.3,227.3,NaN
41575,226.9,226.9,218.7,220.1,27787
41576,227.4,228.2,220.8,224.2,28512
41577,225.2,225.9,222.3,223.8,27681
41578,224.5,226.4,220.8,223,35510
41579,222.6,222.7,219.7,221.2,23205
41580,221.2,221.2,221.2,221.2,NaN
41582,219.8,219.8,213.2,214.3,16254
41583,213.5,218,210.5,217.2,32283
41584,217.9,222.7,215.9,220.8,40788
41585,220.2,228.2,219.2,221.9,64830
41586,222.8,228.6,221.4,227.1,41842
41587,227.1,227.1,227.1,227.1,NaN
41589,227.8,229.5,226.3,227.1,32969
41590,227.6,235,227.4,234.4,40791
41591,234,234,227.8,228.7,46354
41592,228.5,228.8,222.2,227.8,53403
41593,228.1,229.9,226.3,229.5,35936
41594,229.5,229.5,229.5,229.5,NaN
41596,229.8,232.2,227.7,228.6,35209
41597,227.6,227.6,222.6,223,38383
41598,222.2,228.2,222,227.8,41796
41599,228.9,235.7,228.9,234.2,46605
41600,234.5,237.4,231.8,235.9,34657
41601,235.9,235.9,235.9,235.9,NaN
41603,235.9,240.4,234.8,236.8,29683
41605,240,246.4,240,245.6,52178
41606,245.5,247.4,243.6,247.2,27404
41607,246.6,248,243.2,246.7,46421
41608,246.7,246.7,246.7,246.7,NaN
41610,246.2,247.7,244.1,247.2,42068
41611,247.5,251.6,247.3,248.4,48051
41612,249.2,250.9,246.3,247.9,45334
41613,247,255.2,244.5,254.5,73683
41614,255.2,258.7,252.7,253.4,58954
41615,253.4,253.4,253.4,253.4,NaN
41617,254.5,259,254.3,258.5,48499
41618,259,262.4,257,258,62660
41619,258.5,266.6,256.5,265.5,80099
41620,267,275.9,267,270.5,95576
41621,271.7,276.7,270.2,272.5,68184
41622,272.5,272.5,272.5,272.5,NaN
41624,272.7,272.7,260,263.9,73463
41625,265.8,267.1,260,263.6,56609
41626,263.6,269,263.6,266.4,56437
41627,267,278.3,267,276.2,72884
41628,277.1,279.3,274.1,276.1,48238
41629,276.1,276.1,276.1,276.1,NaN
41631,277,280.9,275.8,276.8,39742
41632,277,277.7,271,273.1,39096
41634,273.1,276.7,271.2,275.4,29727
41635,278,278.2,272.6,273.4,49177
41636,273.4,273.4,273.4,273.4,NaN
41638,274.3,277.9,273.6,274.5,46445
41639,274.6,275.8,264.8,265.5,42849
41640,265,265,263,264.1,7035
41641,263.6,271.4,261.4,269.5,54091
41642,269.2,274.8,263.2,273.2,90020
41643,273.2,273.2,273.2,273.2,NaN
41645,273.4,274.1,267.2,268.5,66546
41646,268.2,276.8,268.2,269.9,75721
41647,269.6,271.8,264.3,264.8,63308
41648,264.5,264.5,252.1,252.8,86905
41649,253,253,245.4,251.2,60170
41650,251.2,251.2,251.2,251.2,NaN
41652,251.9,261.9,251.9,261.5,66305
41653,263,269.3,263,268.5,50347
41654,268.1,273,267.8,270.5,58004
41655,270,276.7,267.2,269.2,1.043e+05
41656,268.7,269,265.5,266.1,48277
41657,266.1,266.1,266.1,266.1,NaN
41659,265.3,265.3,261.5,262.9,36293
41660,263.7,275.7,263.7,273.3,64306
41661,274.5,290,274.5,289.3,92279
41662,291,306.1,291,297,1.2157e+05
41663,299.8,319.9,299.8,318.8,98885
41664,318.8,318.8,318.8,318.8,NaN
41666,321.4,341.7,306.5,315.7,1.1728e+05
41667,314,322.4,306.7,317.9,61436
41668,308.2,322.4,303.5,321.1,1.1056e+05
41669,323.3,343.8,318.2,320.3,1.6089e+05
41670,316.1,316.1,294.4,302.6,1.2623e+05
41671,302.6,302.6,302.6,302.6,NaN
41673,302.8,312.2,298.6,310.7,94200
41674,312.2,335.4,312.2,333.6,1.1951e+05
41675,334.5,359.4,322.4,324.5,1.9696e+05
41676,322.2,337.4,307,309,1.6916e+05
41677,310.6,312,295.6,300,1.2382e+05
41678,300,300,300,300,NaN
41680,299.8,299.8,285.3,287.6,98064
41681,287.2,297.9,285.6,295.9,87400
41682,298.6,311.7,296.6,308.3,1.2653e+05
41683,306.3,320.4,303.7,318.7,1.224e+05
41684,320.5,333.9,320.1,324.4,1.3816e+05
41685,324.4,324.4,324.4,324.4,NaN
41687,325.9,338.8,325.9,337.2,65493
41688,339.8,345.4,335.8,340.6,1.019e+05
41689,344.4,381.4,344.4,379.2,1.5967e+05
41690,381.4,395.5,366.1,386.2,1.7869e+05
41691,385.6,392,365,378,1.4019e+05
41692,378,378,378,378,NaN
41694,384.9,402.7,342.1,345.4,1.5768e+05
41695,341.3,341.3,297.6,300.8,86305
41696,291,291,280.1,284.2,93654
41697,282.2,284.8,277.3,283.2,72142
41698,282,288.7,276.5,288.1,70613
41699,288.1,288.1,288.1,288.1,NaN
41701,289.2,294.9,282.6,284.2,77020
41702,283.3,288.8,279.6,286.1,82492
41703,289,293.7,278.7,280,92678
41704,280.5,287,276.7,282.6,92037
41705,283.9,286.6,282.2,283.3,50442
41706,283.3,283.3,283.3,283.3,NaN
41708,283.4,289.9,278.7,281.6,83163
41709,282.6,286.4,280,281.7,55360
41710,283,284.4,272.9,277.4,61691
41711,276,276,267.6,268.9,61067
41712,269.5,272.9,266.6,272.3,50649
41713,272.3,272.3,272.3,272.3,NaN
41715,273.3,281,273.3,277.7,24885
41716,277.6,277.9,273,273.5,34564
41717,273.7,275.5,270.1,273.1,37761
41718,272.8,273.8,266.2,266.7,52464
41719,266.2,267.5,261.3,263.1,38757
41720,263.1,263.1,263.1,263.1,NaN
41722,264.4,264.7,259.1,259.6,34508
41723,259.6,266.5,258.8,265.6,35149
41724,265.1,266.7,261.8,265.1,32860
41725,266,274.3,264.3,272.7,49027
41726,273.9,275.5,269,270.5,47544
41727,270.5,270.5,270.5,270.5,NaN
41729,269.1,270.7,261.7,262.5,43015
41730,262.9,264.7,257.4,257.8,41731
41731,256.9,263.9,253.4,263.5,50814
41732,262.8,270.6,261,270.1,61469
41733,270.2,270.2,265.5,267.1,42076
41736,268.1,273.8,268.1,273.2,40681
41737,272.1,274.7,269.4,273.6,33105
41738,274,277.1,271.7,276.5,46321
41739,276.7,284.1,272.6,283.4,62584
41740,282.4,282.8,278.7,280.7,32468
41743,280.1,280.1,274.8,275.3,24050
41744,275.2,280,272.6,276.3,45260
41745,275.1,278.3,273.5,274.4,32923
41746,274.2,286.5,271.1,285.5,65102
41750,286.6,290.3,285.1,285.6,43995
41751,285.9,288.8,284.1,288.1,37578
41752,288.8,292.3,288.4,291.1,30034
41754,289.2,289.2,283,285,28761
41757,285,292.4,283.6,292.1,36765
41758,291.3,293.4,288.4,291.5,43230
41759,292.4,293.5,287.5,292.6,35791
41760,291.9,291.9,284,286,34866
41761,285.5,288.3,282.1,282.3,38436
41764,282,285.6,280.7,283.2,35558
41765,283.5,289.2,283.5,288.6,37869
41766,289.2,290.5,283.1,283.8,40993
41767,284.6,285.7,274.1,275.4,46074
41768,274.8,276.7,270,270.3,29358
41771,270,270,265,265.4,28205
41772,264.9,267.3,259.5,259.9,36157
41773,261.7,262.4,258.7,259.1,21725
41774,258.6,268,256,267,53209
41775,265.5,265.5,259.4,259.9,21039
41778,259.2,264.6,258.4,263.3,28004
41779,262.8,267.9,260.6,266.9,35283
41780,267,269.2,263,263.5,36137
41781,263.5,263.5,254.1,254.7,48221
41782,255.2,257.4,254.4,257,25343
41785,257,260.2,256.5,259.6,11432
41786,258.6,265.6,257.3,265.1,26672
41787,266,272.9,265.3,272.1,38335
41788,272.6,275.7,267.8,271.8,59161
41789,271,272.5,266.3,271.2,42339
41792,271.9,273.7,268.6,273.3,35902
41793,273,277.4,272.7,275.8,37377
41794,275.4,276.6,272.1,275.9,36878
41795,276.6,279.4,272.2,278.5,54763
41796,279.5,280.4,276.4,279,30109
41799,279.6,280.7,275.7,276.6,38435
41800,276,276,268.8,269.3,35655
41801,269.7,271.7,268.2,269.3,28396
41802,269.5,282.1,268.3,281.9,56155
41803,282.5,286.9,282.2,284.7,35877
41806,285.8,288.7,281.1,284,56771
41807,285,286.3,281.4,285.2,39585
41808,284,288.7,279.8,280.4,42464
41809,279.9,282.8,275.4,277,55265
41810,276,277.9,272.2,273.2,30858
41813,273.4,274.4,267.3,267.7,30788
41814,268,274.2,266.9,273.8,33788
41815,273.8,276.7,272.2,273.3,23487
41816,275.3,278.7,267.2,267.8,50205
41817,269,269.7,264,264.9,30152
41820,265.6,271.3,264.5,269.9,39039
41821,269.2,270.6,265.6,268.2,43646
41822,267.9,268.5,260.4,260.8,36696
41823,260.4,263.9,259.1,261.6,44317
41824,262.2,263.2,260.4,262.2,16737
41827,261.7,261.7,252.8,253.5,39283
41828,254.1,254.3,248.3,251.6,40756
41829,252.2,253.7,250.5,251.7,34626
41830,251.3,253.5,248.4,249.1,39753
41831,249.2,250.6,247.5,250.1,28057
41834,248.9,251.8,247,249,41285
41835,249.6,250.4,247.5,248.1,27923
41836,247.9,249.8,247.2,249.1,25925
41837,248.1,248.1,238.3,238.6,52274
41838,239.4,240.5,236.6,237.8,20375
41841,237.2,237.2,231,232.2,30339
41842,231.8,232.7,228.2,228.9,26341
41843,228,229.4,226.2,226.7,26619
41844,226.2,233.9,225.5,231.4,41788
41845,231.7,232.4,226.2,227.1,26892
41848,228.6,233.1,226.1,227.5,22879
41849,227.1,230.2,226.7,228.9,21572
41850,230.3,231.9,227.5,228.9,31127
41851,229.1,238,229.1,237.6,56402
41852,236.9,237.5,232,233.9,44300
41855,233,236.4,232.1,235.7,31346
41856,235.4,240,233.8,239.3,37937
41857,239.5,242.7,239.2,242.3,40212
41858,243,246.8,238.1,238.8,57933
41859,239.5,243.8,238.5,243.3,34837
41862,244.6,246.7,240.7,242.9,40909
41863,243.3,246.8,243.3,245.8,38644
41864,245.2,245.2,234.6,235.5,47393
41865,235.3,240.4,232.7,239.4,43934
41869,238.2,238.2,227.6,232,35384
41870,230.2,238.2,230,236.9,40549
41871,235.7,236.2,230.4,232.3,44136
41872,233.2,240.4,229.8,235.4,65815
41873,234.2,235.9,231.5,231.9,33991
41876,233.4,238.9,232.3,237.3,33816
41877,237.7,240.7,236.3,238.8,28225
41878,242.1,244.7,238.8,241.4,49217
41879,242.7,248.8,242.3,244.2,61492
41880,244.9,247.4,243.9,246.9,28530
41883,246,248.2,244.8,247.7,23958
41884,247,247,237.8,238.4,55169
41885,238,238.5,232.7,233.2,38908
41886,233.9,235.4,229.8,231,46693
41887,231.5,233.5,228.9,229.5,34449
41890,228.9,235.3,228.9,235,40943
41891,234.7,245,234.1,244.1,50378
41892,243.6,244.7,241.1,241.5,35307
41893,241.1,242.4,232.6,233.4,45685
41894,233.5,235.9,230.9,235.6,28243
41897,236,242.1,236,240.2,45418
41898,239.9,244.3,236.6,243.7,41446
41899,243.6,246.5,242,244.6,39058
41900,244.8,245.9,237.7,238.4,53572
41901,238.1,238.3,233.8,234.9,28450
41904,235.1,236.3,232.6,235.4,31227
41905,235.1,238.8,234,234.6,29299
41906,234.6,236.9,231.6,236.4,30016
41907,236.2,241.3,232.6,240.2,37105
41908,246.9,249,244.4,248,41775
41911,248.1,257.5,247.7,256,39678
41912,255.5,259.3,254.8,257.8,44555
41913,257.2,258.9,252.7,253.6,31436
41915,252.2,252.2,244.6,249.3,22542
41918,248.1,248.1,240.6,241.1,22750
41919,240.1,244.5,238.7,243.5,35706
41920,242.4,242.6,237.2,237.7,33985
41921,237,241.4,233.7,235.6,58174
41922,236.1,239.2,235.5,236,30150
41925,235.2,238.6,234.7,237.8,36562
41926,238.7,243.6,234.5,235.5,51094
41928,235,238.2,232.3,234.6,44440
41929,234.7,235.6,228.3,230.9,34075
41932,230.4,230.4,225.1,225.5,34724
41933,225.5,227,222.8,225.6,34845
41934,226.4,227.8,223.8,224.2,27643
41935,223.5,225.6,221.1,224.4,14408
41936,223,223,217.8,220.5,23403
41939,221.3,224.1,217.6,219.2,34855
41940,219.1,224,217.2,223.2,26085
41941,229,237.2,227.9,235.4,51512
41942,236.8,237.7,233,235.7,42079
41943,235.1,244,234.5,239.9,47320
41946,242.5,250.6,242.5,246.8,49302
41947,247.6,256.6,247.6,255.6,40302
41948,256.6,265.8,255.5,258.2,65408
41949,258.2,264.8,253.1,263.9,49618
41950,264.9,276.4,264.4,274.4,82098
41953,276.2,279.3,266.6,269.4,86326
41954,266.6,266.6,254.6,262.7,86282
41955,261.2,261.2,255.7,259.1,70093
41956,257.6,257.7,249.7,250.6,64497
41957,250,251,243.4,249,82977
41960,251.1,263.9,251.1,262.9,60477
41961,263,267.8,256.9,264.2,90427
41962,266.1,279.7,260,274.2,94607
41963,274.5,278.9,264.1,265.8,1.0165e+05
41964,267.8,280.7,264.1,266.1,79389
41967,263.6,263.6,246.3,254.4,43661
41969,273.4,280.9,272.3,274.7,84871
41970,273,273,259.3,260.9,46057
41971,261.5,267.4,256.4,259.3,62559
41974,256.2,256.2,244,245.9,60089
41975,248,251.3,239.5,240,57271
41976,238.4,241,234.1,235.3,49105
41977,235.3,236.4,226.1,226.8,56491
41978,227.9,240.4,227.9,236.9,64563
41981,235.8,235.8,224.3,225.4,57331
41982,227.4,231.3,224.6,229.1,65938
41983,227.5,233.7,225,233,65152
41984,231.9,237,226.7,228.3,79022
41985,229.8,238,229.1,236.8,56419
41988,239,246.3,236.2,238.4,62030
41989,240.4,241.7,233.2,234.6,57169
41990,234.4,238,231.7,235,44357
41991,235.2,239.8,229.9,230.6,66417
41992,230.3,232.7,219.7,221.4,63153
41995,219.5,219.5,197.3,201.5,82766
41996,202,205.4,197,198.9,71210
41997,200.4,202.7,191,191.7,49489
41999,194.7,195.4,188.8,191.9,34528
42002,195.8,204.8,195.4,203.8,49647
42003,204.1,204.1,196.4,197.4,45911
42004,197.1,198.3,188.5,189.1,54325
42005,186.6,187,182.8,185.2,5776
42006,182.9,196.3,182.4,195.7,75196
42009,198.1,202.8,189.4,190.1,79133
42010,189.4,189.4,179.7,183,84130
42011,185.8,191.7,182.6,184,78789
42012,182.2,185.2,177.3,184,80478
42013,185.5,187.5,181,183.9,54698
42016,182.2,182.6,173.5,174.7,64397
42017,175.3,182.3,175,180.7,68125
42018,182,202.3,182,201.2,89381
42019,201.6,207.4,195.8,198.5,91723
42020,197,199.5,187.2,192.8,83076
42023,190.8,190.8,181.5,182.7,30987
42024,183.7,186.2,174.5,175.9,65794
42025,177.8,186.2,176.7,179.4,74901
42026,181.7,187.9,170.1,172.2,79203
42027,173.8,184,173.8,182.8,58402
42031,180.3,185,178.4,183.9,33765
42032,182.4,182.4,172.7,173.7,42196
42033,174.4,181.5,166.8,167.6,73344
42034,168.6,169.7,164.6,168.4,51471
42037,168,171.2,162.4,165.4,55226
42038,166.3,172.1,164.8,171.6,56706
42039,172,172.8,165,165.4,61356
42040,165.7,167.8,160.3,162.5,64504
42041,162.7,163.8,160,161.1,36744
42044,161.7,167.8,160.6,161.2,50488
42045,162,171.7,162,170.6,59262
42046,169.8,178.5,167.7,174.7,81901
42047,175.2,180,166.9,169.2,83219
42048,169.9,174.2,165.6,173.4,57471
42051,174.5,180.4,174.5,179.4,46948
42052,178.1,178.9,168.4,169.2,49789
42053,170.7,176.5,170.5,174.3,62218
42054,175,179.3,172.6,174.3,81660
42055,174.2,185.9,174.2,184,81736
42058,186.3,189.3,180.4,181.6,58413
42059,180,185,176,184.1,49450
42060,183.6,183.9,176.7,177.5,56536
42061,179.3,180.2,168.1,169.1,83834
42062,168.6,171,167.2,169.9,49340
42063,169,169.6,167.3,167.7,4408
42065,169,171.7,167.8,169,41160
42066,168.8,170.2,165.4,169.6,56722
42067,170,174.3,169.5,173.7,57071
42068,174,178.1,171.9,177.4,76572
42069,176.2,180.9,175.5,178.7,35079
42072,176.3,176.3,169.4,170.1,50884
42073,170.8,173.5,169.6,172.4,37983
42074,172,179.4,168.5,178.6,74343
42075,177.9,179.9,171.5,172,78821
42076,172.5,174.5,169.4,173.5,50838
42079,172.2,173.4,169.4,171.3,37744
42080,172.4,179.4,172.4,178.5,56404
42081,179,184.2,175,182.9,61307
42082,183.6,183.6,174.3,174.9,67651
42083,176,182.1,172.6,174.7,59682
42086,173.5,173.5,167.9,170.4,38041
42087,170.9,175.7,170.6,174,45648
42088,173.1,174.2,169.2,171,51502
42089,170.9,172.6,166.1,166.8,47158
42090,170.5,170.5,166,166.6,28171
42093,167.5,168.6,164.7,166.7,30088
42094,166.6,169.3,165.3,167,29865
42095,166.1,167.8,162.2,163.8,38468
42096,163.5,170.2,162.9,169,44479
42100,168,168.6,165,165.8,28618
42101,166.5,169.9,166.1,168.4,42216
42102,167.3,167.3,163.4,163.9,36619
42103,164.1,165.5,158.2,158.6,57501
42104,159.4,160,157.6,157.9,25162
42107,157.8,159.4,155.7,156.3,37704
42108,158,159.7,157.5,158,21373
42109,157.1,164.2,156.2,163.9,45689
42110,163,168.2,159.3,166.9,84207
42111,167.3,168.3,164.6,164.9,39459
42114,164.2,164.2,160.3,161,29385
42115,161.1,164,160.7,162.3,37332
42116,161.7,165.4,160.8,164.1,34769
42117,163.5,164.5,159.7,160.5,49336
42118,160.8,163.1,160.3,161.3,25093
42121,160,160,155.4,157.3,27826
42122,159.7,162.2,158.7,161.5,26518
42123,161.1,166.6,160.1,165.6,37746
42124,165.8,178.5,163.2,175.6,58905
42125,174.5,179.4,173.7,178.6,27502
42128,176.6,180.1,175.9,179.1,27804
42129,178.8,179.8,176.5,177.1,36750
42130,177.7,180.7,175.5,178.8,38765
42131,177.5,181.7,174.5,175.7,59358
42132,175.5,184.5,175.1,183.3,52405
42135,184.3,186.3,180.3,180.8,42604
42136,180.5,189.2,179.6,187,48807
42137,187,190.5,183.2,188.3,52388
42138,188.3,192.1,183.3,190.6,57830
42139,191.2,192.9,188.8,192.4,39015
42142,191.5,194.5,189.9,191.6,38853
42143,191.9,198.3,187.8,189.7,66951
42144,189.6,192.9,185.4,186,49210
42145,186.1,192.3,186.1,188.4,53368
42146,188.2,188.4,183.4,184.5,28808
42149,183.7,183.7,178.3,179.6,14166
42150,180,182.3,177.8,179,23128
42151,182.7,188,181.8,183.7,48433
42152,183,183,174,174.4,42648
42153,174.2,175.1,169.5,169.8,35033
42156,169,171.1,167.6,170.2,36863
42157,170,172.6,166.9,171.7,38374
42158,172.1,175.1,169.2,169.6,43682
42159,169.8,172.3,165,168.1,62912
42160,168.7,169.8,166.4,166.9,30526
42163,167.6,174.4,167.6,173.2,37625
42164,173.5,182.9,173.1,182.5,55722
42165,183,187.1,181.1,185.1,68890
42166,184.2,187,180.7,182.4,57455
42167,181.3,181.3,176.3,177.5,41736
42170,177.5,185.9,177.5,185.4,52433
42171,186,188.6,182.5,184.7,65143
42172,186,189.8,182.5,183.3,62324
42173,182.5,183.7,176.7,177.2,60045
42174,176.8,180.2,174.3,179.5,41731
42177,177.3,177.3,172.7,173.2,28710
42178,173,177.8,172.7,173.9,40694
42179,173.6,176.9,172.7,174.8,37543
42180,175.9,181.5,175.1,180.3,49054
42181,182.5,183.3,177,177.6,40348
42184,178,182,175.8,181.2,57382
42185,180.6,180.7,176.3,179.9,46260
42186,180.3,182.5,176.8,177.6,54172
42187,178.6,183.8,178.6,181.2,61618
42188,180.9,181.9,175.5,176.1,32655
42191,175.5,177,174.1,175.7,30632
42192,176,178.4,171.6,173.2,43772
42193,172.6,176,171.2,171.8,38000
42194,171.4,173.3,168.4,173,44854
42195,173.5,178.4,173.5,177.4,34092
42198,178.4,183.5,177.4,182,37424
42199,182.9,185.9,179.3,181.1,49187
42200,180.6,186.3,179.8,185.3,44610
42201,185.7,186.2,180.9,181.4,54440
42202,182,183.9,179.6,181.4,38933
42205,180.8,182.9,177.7,180.2,39524
42206,180.7,183.6,180.1,183,32936
42207,183.1,185.6,181.1,183.9,47258
42208,183.9,188.2,180.3,180.9,59090
42209,180.2,180.2,177.6,178.7,27125
42212,178,180.9,176.2,179.7,35350
42213,179.1,182.4,177.8,179.8,30350
42214,181.2,184.1,181.2,183.5,37311
42215,183.9,185.1,178.6,178.8,51911
42216,179.4,179.7,174.5,174.8,29496
42219,176.2,179.3,174.3,176.3,44176
42220,177,180.6,177,178.8,43592
42221,179.4,183,179.3,180,40647
42222,179.1,181.4,174.5,180.2,73510
42223,180.2,180.9,176.8,179.4,44847
42226,180.5,182.7,180.5,182.1,32332
42227,182,183.7,180.5,183,36122
42228,183.8,190.7,183.8,190.1,42809
42229,189.9,191.3,183.1,183.5,57128
42230,184.4,184.7,181.5,182.7,29245
42233,182.3,182.5,178.4,178.8,27322
42234,179,179.5,176,177.4,26904
42235,177.3,179.1,176.1,177.5,30906
42236,177.3,183.2,176.6,182.3,48110
42237,181.3,181.9,177.3,177.9,32218
42240,177.1,180.6,175.3,178.7,29171
42241,178.3,178.9,175.6,175.9,23742
42242,176.9,179.5,176.9,178,18670
42243,179.4,180.3,175.8,178.2,44734
42244,178,181.7,177.9,181,24784
42247,180.2,180.2,177.1,178.7,22421
42248,179.3,181.7,178.2,180.1,28930
42249,179.4,179.5,176.7,177.2,21671
42250,177,181.7,175.4,180.9,57157
42251,180.4,181.1,177.9,178.4,27879
42254,178.8,181.4,177.6,177.9,25257
42255,178,181.7,178,181.4,27839
42256,180.7,180.7,176.6,176.9,27180
42257,177.6,182.6,177.6,179.3,51782
42258,179.3,181.2,177.8,179.9,29163
42261,180.2,184.3,179.4,183.7,32402
42262,184.3,185.8,182,182.6,34426
42263,181.9,182.1,176.5,176.8,34385
42264,177.1,177.8,174,175.7,33313
42265,175.8,175.9,172,172.2,24924
42268,172,172,168,169.5,27512
42269,168.8,171.5,168.7,170.7,26126
42270,170.3,172.1,169.6,170.6,22740
42271,170.1,171,167.2,170.5,33786
42275,175.8,181,175.8,177.9,33442
42276,178.3,178.3,171.6,172.3,32621
42277,172,172.8,165.7,166.7,44805
42278,167,167.6,161.3,161.9,55992
42282,161.5,163.3,159.5,160.8,39672
42283,161.3,163.3,160,161.2,44441
42284,161.5,164.9,160.9,163.2,41727
42285,162.4,164.9,160.5,163.1,56807
42286,162.5,163.8,160.8,163.1,40895
42289,164,165.7,163.3,164.7,37996
42290,165.3,167,162.7,163.7,41266
42291,163.2,165,161.7,163.7,40073
42292,164.2,167.3,159.5,159.9,67257
42293,160.2,160.6,156.7,157.7,43178
42296,158.8,161.4,158.8,159.9,40991
42297,160.4,162.5,160.3,160.6,39529
42298,160.9,161.7,155.5,156.5,46378
42299,156.5,158.5,153.3,154.7,42290
42300,153.8,153.8,148.6,148.8,40880
42303,145,145.4,133.2,134.9,85296
42304,133.5,137.3,127,134,63742
42305,155,155.7,147.9,149.1,62842
42306,150.1,155.9,148.1,149.3,77003
42307,148.7,152.9,144,152,94138
42310,150.3,150.3,147.3,148.5,52959
42311,148.8,151.4,147.8,148.9,64730
42312,149.5,152.4,149,149.7,58811
42313,149.7,157.7,148.7,157.1,78605
42314,156.7,159.1,154.1,157.6,68054
42317,158.4,158.8,151.8,152.1,52015
42318,153.4,157.2,152.7,156,48145
42319,155,155.6,151.6,154.8,15381
42320,152.7,153.4,148.6,150.5,37893
42321,151.4,157.5,151.4,155.1,61681
42324,155.9,162,155.9,158.5,63762
42325,156.3,158.5,151.3,157.4,62538
42326,157.1,160,154.6,155.9,49025
42327,155.1,157.3,152.6,153.1,55961
42328,152.6,152.6,143.2,143.6,64834
42331,140.6,146.3,136.3,145.4,57866
42332,144.9,146.2,141.5,145.3,32250
42334,153.5,153.5,150.2,150.7,27643
42335,150.2,151.8,148.7,149.6,31160
42338,148.7,150.6,147.5,150.3,39958
42339,149.5,151.1,146.9,147.7,57174
42340,148.5,148.7,144.6,145.1,36979
42341,146,147.7,143.2,146.3,55283
42342,146.9,148.6,145.4,146.2,31388
42345,145.6,145.6,138.3,138.6,36523
42346,138.8,140.1,135.5,138.7,46505
42347,139.2,142.3,137.7,138.7,39747
42348,138.5,140.6,134.6,135.3,56289
42349,134.2,135.6,131.8,134.3,39182
42352,132.5,132.5,125.6,126.4,44385
42353,127.3,128.1,122.2,123.1,45718
42354,122.5,122.6,118.8,120.8,55424
42355,121.4,123.2,118.1,119.3,85499
42356,118.2,119.9,114.2,117.4,61107
42359,118.8,128,118.8,127.7,97334
42360,127.1,128.6,123.7,124.6,62036
42361,125.4,129.4,123.9,128.8,63023
42362,133.8,135.2,131,133.4,71773
42366,135.3,147.3,135.3,146.5,50453
42367,149.9,160.2,149.9,157.5,83197
42368,156.6,156.6,146.1,147.6,70636
42369,149.5,157.9,149.5,155.9,1.0078e+05
42370,155.3,157.9,155.3,156.9,7636
42373,155.3,158.5,149.7,157,87202
42374,156,156,150.8,151.5,60733
42375,153.8,157.9,151.3,151.9,81702
42376,152.8,161.3,152.6,160.9,83485
42377,160.5,164.4,158.8,163.5,59857
42380,163.8,165.7,159,159.3,62643
42381,158.7,158.7,152.3,153.4,48950
42382,153.3,155.2,151,152.8,50902
42383,152.5,154.1,144.2,144.6,63209
42384,145.6,145.6,141.9,142.9,37960
42387,142,145.6,138.5,144.8,38985
42388,144,146.9,140.9,142.6,63031
42389,142.5,145.7,140.7,142.4,53452
42390,144,148.6,141.5,145.6,77540
42391,146,146.7,143.1,145.4,42915
42394,146.9,147.2,140.9,144.4,49440
42396,146.5,151.2,145.6,147.6,50418
42397,147,150,143,149.1,62824
42398,150.5,156.6,150.5,155.9,51251
42401,155,155,145.4,145.9,45104
42402,145.4,146,135.2,136.6,52823
42403,137.9,141,136.3,139,53933
42404,138.8,139.1,132.8,133.1,58289
42405,135,140.9,134.8,139.5,63558
42408,140.9,147.8,140.9,145.9,37769
42409,145.5,145.6,140.8,144.4,38778
42410,143.4,143.9,137.3,138.5,33174
42411,140,143.5,136.1,136.6,40655
42412,137.8,139.1,133.4,133.9,30803
42415,133,134.1,131,131.2,22466
42416,131.3,133.1,129.2,129.7,28685
42417,130.5,133.4,129.8,132.5,33450
42418,133.2,134.1,127.5,128,51068
42419,128,128.8,123.5,123.8,35676
42422,123.2,126.7,121.4,124.6,39285
42423,125.5,126.8,121.9,122.7,37888
42424,122.4,123.9,120.7,123,29235
42425,127,127,121.4,124.4,47244
42426,124,125.2,120.2,121.6,39909
42429,120.5,120.5,116.5,118.1,43288
42430,118.2,120.9,115,118.6,66626
42431,118.2,118.2,112.9,115.3,60558
42432,114.3,114.5,110.9,111.7,71769
42433,111.2,112.6,109,112,49757
42436,111.5,117.2,109.8,115.8,45384
42437,116.2,117.9,114.1,115.3,54628
42438,116.6,120.4,116.3,119.7,55350
42439,119.3,121,116.8,119.7,74259
42440,120.4,124.4,120.4,123.3,48258
42443,122.5,126.7,119.5,122.9,67658
42444,122.5,128,121.9,125.3,64250
42445,125.1,126.8,123,125.9,52465
42446,125,127.8,122.2,127.3,79962
42447,127.9,129.6,126.5,127.3,54532
42450,126.3,127,122.5,123.2,58457
42451,122.5,124.4,120.4,123.2,59249
42452,123.2,126.8,121.3,121.9,60288
42453,121.2,122.3,119,120.8,43560
42457,120.5,123.3,117.2,122.2,49636
42458,130,132.8,128.5,132.1,58820
42459,132,133.8,130.8,132.8,58508
42460,132.7,134.4,129,129.9,71846
42461,130.2,132.6,128.8,129.7,60094
42464,130.9,137.3,130.9,133.9,69942
42465,133.5,136,129,129.9,67099
42466,129.3,129.7,127,127.7,45734
42467,127,134.5,126.4,134,77353
42468,134.3,136.5,132.6,133.9,60884
42471,132.5,132.5,127.1,127.7,43260
42472,128.4,132,128.2,131.5,41781
42473,132.5,136.6,132.4,135.9,51251
42474,135,135.3,131.6,132.4,49089
42475,132.3,132.3,126.1,127.7,36060
42478,127,129.9,126.1,129.1,53511
42479,129.3,137.9,129.3,137.1,45332
42480,138.1,141.5,136.5,138.4,79078
42481,138,139.9,136.1,138.3,57828
42482,137.9,143,135.6,142.6,61804
42485,143.8,147.9,136.5,137.8,49710
42486,138.3,139.7,133.1,133.8,36201
42487,144.5,147,141.3,143.7,55884
42488,143.2,143.6,138.5,139.3,55789
42489,139.9,146.5,136.5,143.8,75723
42492,143,143,137.2,137.8,49126
42493,137,140.5,136.3,139.1,58236
42494,139.8,144.4,138.1,143.5,58871
42495,143.8,145.4,138.3,138.7,77553
42496,139.2,141,136.8,139.9,47315
42499,140.4,142.2,139.1,140.8,47035
42500,140.8,145.1,140,144.4,48676
42501,144.2,145.7,141.5,144.7,50543
42502,144,146.4,142.4,143.9,49066
42503,142.5,145.3,139.1,141.4,63271
42506,140.7,140.7,135.8,136.1,40445
42507,136.2,139.6,136,137.4,40778
42508,137.4,137.9,134.2,134.5,34879
42509,135.6,138.8,133,138.3,66628
42510,136.8,140,136.1,138.7,45138
42513,140.3,144.2,138.7,139.3,48713
42514,138.5,141.4,134.5,134.8,43233
42515,135.2,135.5,131.8,133.2,37489
42517,145,147.6,141.7,147,51948
42520,146.9,146.9,145.3,145.9,21258
42521,146.8,155.6,146.4,155,69257
42522,154.1,161.9,153.8,161.3,69179
42523,161.7,163.8,159.6,162.9,63045
42524,163.1,165.5,160.5,162,54530
42527,162.5,166,161.2,163.7,46462
42528,163.5,166.2,161.4,165.1,55127
42529,166,167.3,163.6,164,48607
42530,164.7,175.9,164,175,75423
42531,173.8,174.6,171,172,48148
42534,173.5,177,173.5,174.4,40831
42535,173.6,176.7,171,175.4,56984
42536,175.3,177,174,175.1,47002
42537,174.9,178.1,172.5,174.8,73348
42538,174.4,176.5,172.1,175.6,46774
42541,176,186.6,176,185.8,64990
42542,185.5,188.6,183.1,187.1,54204
42543,186.5,187.5,181.1,181.9,47615
42544,180.6,183.2,176.2,182.1,68983
42545,181.1,183.7,179.1,181.5,47606
42548,181.5,184.6,179.2,184.1,39925
42549,186.9,196.5,186.6,195.4,65366
42550,194.9,201.4,192.6,193.4,80054
42551,194.1,199.3,193.2,197.3,80738
42552,198.2,200.9,195.1,199.2,65796
42555,198.4,198.5,194,195.9,35586
42556,196.7,198.5,186.2,188,76303
42557,188.1,188.7,183.1,188,36809
42558,189.7,191.8,184.5,187.2,64777
42559,186.5,190.3,185.7,188.3,45991
42562,189.1,193.1,181.6,182.1,50694
42563,182.4,185,180.7,184,44229
42564,181.1,187.6,180.8,184.1,44834
42565,184.7,185.5,181.1,183.2,57609
42566,182.8,186.4,178.9,184.7,54395
42569,186.6,188,183.4,184.4,39643
42570,182,187.1,182,183.5,40440
42571,182.6,183.6,178.6,179.2,45662
42572,178.5,181.8,176.6,180.2,58415
42573,179.7,187.9,178.8,187.3,53074
42576,187.7,188.8,184,185.3,44017
42577,183.9,185.5,180.7,183.2,39320
42578,180.6,183.8,178.9,180.8,51895
42579,180.9,194.7,178.8,194.2,88346
42580,193,195.4,190.8,192.9,54095
42583,191.5,192.8,186.4,186.8,43599
42584,185.8,187.7,182.9,183.9,41436
42585,183.1,192,183,191.6,52780
42586,191.1,193.5,188.4,191,59821
42587,189.5,189.7,185.5,186.1,36871
42590,184.5,185,181.4,184.4,40379
42591,183.9,184.2,175.8,176.1,49595
42592,175.4,177.1,170.9,172,46960
42593,172.7,174.2,169.3,170.2,63828
42594,169.6,175.8,169.3,173.7,47963
42598,173.5,175.2,172.9,174.7,38144
42599,175.7,177.7,173.3,176.1,53460
42600,175.2,180.5,174.2,180.2,44707
42601,179.1,179.6,173.5,175,35802
42604,176,181.3,176,179.4,47388
42605,179.3,184.6,177.9,184.1,55047
42606,184.9,189.5,184.8,188.2,56433
42607,187.3,191.8,186.2,191,58563
42608,191.2,194.7,187.4,194.1,35935
42611,196.4,197.6,193.1,193.8,51568
42612,195,197.8,189.9,190.7,63211
42613,190.5,196.1,189,194.4,61233
42614,193.1,194.2,186.8,187.3,57493
42615,187.5,189.6,185.8,187.2,37884
42618,185,190,182.2,184.8,17293
42619,184.2,184.7,180,180.6,30723
42620,181.1,182.5,177.5,178.4,39336
42621,178.9,187.9,178.9,186.1,61783
42622,186.5,190.3,186.4,188.3,47929
42625,189,195.8,189,194.7,63637
42626,195.4,196.9,194.1,196.2,40925
42627,196.5,199.3,190.8,193.5,70886
42628,194.5,197,190,195.9,74144
42629,194.9,198.8,192.3,198,53059
42632,197.4,197.6,193.9,195.5,45186
42633,196.3,204,196.3,203.6,60608
42634,204.3,207.6,203.1,204,52473
42635,205.8,206.5,199.5,200.6,66648
42636,200,201.2,195.5,196.2,55730
42639,196.6,200.9,196.6,199.8,40632
42640,200.5,200.9,197.8,199.3,31834
42641,203,203,196.4,198.3,49188
42642,199.8,202.8,197.7,199.2,61268
42643,198,198.8,193.5,194,49220
42646,194.2,196.1,191.6,194.6,42363
42647,194.3,195.8,192,195.1,35500
42648,195.8,203.4,194.9,201.5,47497
42649,201.3,205.2,199.2,203.9,65856
42650,203.5,214.6,202.3,212.4,66390
42653,211.1,218.9,210.2,217.6,58939
42654,217.9,219,214.6,217.8,37837
42655,216,217.8,213.7,214.5,34401
42656,215,225.2,212,223.7,84368
42657,224.3,224.5,217.8,218.3,54707
42660,217.2,218.8,214.9,216.4,37942
42661,217.5,221.3,217.1,217.7,52352
42662,217.3,217.6,210.1,210.5,55857
42663,212.2,213.9,207.3,210,68152
42664,208.7,208.7,201,201.5,60952
42667,203.7,205.6,190.8,191.3,79704
42668,191,192.7,184.3,186.7,90977
42669,211.4,211.4,200,200.7,42216
42670,202,208,199.5,204.1,89079
42671,206.5,209,202.4,207.6,74914
42674,208.7,211.8,203.3,204.1,53844
42675,203.5,203.5,192.2,196.6,91705
42676,194.2,194.2,186.3,188.9,94698
42677,187,189.9,182.7,186.5,95494
42678,188,188.3,183.8,186.2,62548
42681,187.4,192.5,186.2,187.9,56675
42682,188.7,189,176,177.9,94112
42683,173.1,182.9,170.9,180.6,75676
42684,178.7,180.8,173.5,174.7,68940
42685,175.6,182.4,172.7,178.8,63679
42688,181.5,189.5,180.6,189,43629
42689,189,191.9,185.7,186.8,60270
42690,185,189.4,182.4,187.7,58649
42691,188.5,190.3,183.5,184.9,65395
42692,184.6,194.4,184.1,193.6,53403
42695,194.5,202.4,194.5,200.7,41603
42696,202.2,206,199.2,204.2,57041
42697,202.4,211.1,200.5,210.1,53133
42698,207.3,209.7,206.5,208.8,26308
42699,207.7,213.9,206.8,212.1,24210
42702,224,230.5,223.5,230.1,38533
42703,233,233,225.5,228.1,51898
42704,229.3,231,225.3,229.6,51309
42705,227.7,240.9,227.6,239.8,49583
42706,240.7,244.1,230.4,233.7,52667
42709,237.5,248.5,236.6,248.1,48323
42710,247.1,253.2,243.1,247.7,70115
42711,247.3,253.2,246.4,249.7,66255
42712,247.2,249,236.3,246.8,98515
42713,247.5,254.9,247.3,249,58377
42716,246.9,246.9,234.5,239.8,62230
42717,238.1,241.6,234.2,236.8,56249
42718,235.4,240,232.6,238.8,49678
42719,240.4,243.3,230.6,234.2,79121
42720,232.6,233,227,229.9,44791
42723,227.5,233.8,226.3,232.5,51991
42724,230.4,231.1,221.1,225.1,47841
42725,225.5,238.6,224.8,238.1,74077
42726,239,246.3,238.4,240.7,85083
42727,241,251.6,240.1,247.7,53846
42730,248.4,251.9,247,251.3,13657
42731,254.7,257,250.6,255.1,48832
42732,254.2,262.5,251.8,261.8,58767
42733,262.8,264.1,255.3,256.2,65743
42734,256,260.4,251.1,252,60660
42737,252.1,254.2,250.6,251.1,8950
42738,249.3,249.3,224,228.9,81972
42739,229.4,229.4,220.4,221.1,59551
42740,221.9,225.2,215.8,218.6,68095
42741,219.5,227.8,219.1,224.3,73977
42744,223.5,224.1,212.1,212.7,56590
42745,213.3,227.6,213.3,224.6,62323
42746,223.1,229.5,220.1,223.1,63955
42747,223.7,234.9,223.7,231.6,61005
42748,233,234.6,227.7,233.1,57050
42751,236,238.9,232.2,237.8,41912
42752,238.4,239.3,228.3,231.6,58206
42753,233,233,223.8,225.5,49055
42754,226.3,231.9,222,230.5,62653
42755,227,227.9,219.7,221.8,47229
42758,218.9,221.1,214.8,220.2,52463
42759,222.5,227.9,222.5,225.8,40933
42760,224.1,228.7,221.7,225.5,36434
42762,229,230.3,222.8,228.9,56900
42765,228,228,219.8,220.4,48819
42766,220,220,211.6,212.8,53214
42767,212.5,218.8,212.3,213.5,57231
42768,214.4,216.4,210.3,215.4,66328
42769,214.7,214.7,205.2,206.2,62355
42772,205.7,208,202.6,205.9,58225
42773,207,213.1,207,211.8,54873
42774,212.6,212.6,206.3,211.8,56983
42775,212.5,213.4,208,209.2,53492
42776,207.5,207.5,201.5,204.1,52134
42779,202.5,202.5,198.2,198.6,36652
42780,197.7,198,194.2,194.6,46093
42781,196.4,200.7,195.5,196.6,47203
42782,197.8,197.8,191.4,192.8,48190
42783,192.1,194.7,190.6,191.2,33419
42786,190,190,184.2,185.4,27968
42787,186.2,186.5,171.6,172.5,63987
42788,172,176.9,169,174.9,60172
42789,175.7,180.8,173.5,175.1,53493
42793,182.5,182.5,178.2,179.7,42883
42794,180,186.6,177.7,185,72704
42795,185.5,189.5,184,186.1,55661
42796,186.8,189.8,183,188.2,77764
42797,188.1,189.9,186,187.1,60378
42800,187.8,197.3,187.8,196.6,51933
42801,195,195,188.6,189.3,52219
42802,190.7,197.4,189.6,196.8,54650
42803,195,199.4,193.2,196.5,57451
42804,198.5,202.2,197.7,199.9,47130
42807,202.3,203.5,200.8,202,23042
42808,200.7,202.7,193.5,194,46837
42809,193.2,197.3,191.5,195.4,44463
42810,194.8,194.8,189.3,192,56493
42811,191.6,193.8,189,193.3,49507
42814,191,198.8,190.1,197.5,48118
42815,199,202.8,198,200.8,57773
42816,201.5,202,197.8,198.2,37101
42817,198.9,199.6,195.5,197.6,51339
42818,198,201.4,197.2,200.3,36964
42821,202,203.8,199.2,200,34115
42822,197.5,201.5,196,201,27549
42823,206,211.4,205.3,210.7,40784
42824,210.2,210.2,204.6,207.2,48810
42825,207.5,210.2,205.2,205.8,37950
42828,207.9,210.6,203.8,204.2,44934
42829,205.1,213.4,204.8,212.8,50501
42830,213.8,217.5,211.5,213.1,59473
42831,212.8,215.7,209.4,214.7,63234
42832,214.2,214.7,209.4,210,41993
42835,209.5,212.8,208.5,209.4,37786
42836,210.7,211.1,203.5,203.9,48489
42837,204.6,207.2,202.9,206.7,43673
42838,205.6,209,203,207.1,51692
42842,204.5,208.5,204.1,205,42711
42843,204,205.5,201.4,202.8,47305
42844,204,208.4,202.9,207.5,48129
42845,206.6,207.9,202.9,203.4,39719
42846,204.8,205.8,199.5,201.2,39588
42849,202,202,195.5,198.5,40156
42850,197.8,198.2,194.6,195,23155
42851,203.2,210.5,203.2,209.9,46280
42852,210.5,210.5,206.2,208.3,47691
42853,209.2,212.6,208,212.1,39139
42856,211.7,213.4,206.2,206.6,33489
42857,206.6,210.4,204.3,204.6,54511
42858,204.8,207.6,204.2,207.3,35933
42859,206.8,209,203.6,204.3,45398
42860,205.8,210.8,204.9,210.2,40375
42863,209,209.6,202.2,204.2,38261
42864,205,210.2,205,209.7,40942
42865,208.3,216.3,207.1,213.4,51890
42866,212.4,218.4,211.1,217.8,53574
42867,216.5,220,215.6,219.7,36076
42870,218.4,218.7,213.7,215,37467
42871,215,216,205.9,206.3,50215
42872,207.1,209.6,203.2,204.7,52593
42873,205.3,211.2,205.3,207.8,56922
42874,207.8,211.6,206.2,210.6,41183
42877,211.9,214.8,211.7,214.5,30812
42878,214.4,215.3,209.2,210,41786
42879,209.4,210.6,205.6,208.6,42447
42880,208.2,210,203,204.2,31581
42884,214.5,214.5,206.1,206.7,26455
42885,207.1,208.9,203.7,204.1,38935
42886,203.5,204.8,198.2,198.6,54879
42887,199.8,202.2,193.1,194.3,63512
42888,194.5,196.4,192.7,193.7,49044
42891,195,196.4,189.5,193.2,54589
42892,192,197.5,191.6,196.6,48705
42893,197.2,199.5,195.7,196.4,45923
42894,195.1,197.4,191.8,196.2,59072
42895,196.2,197.9,195.2,196.1,32735
42898,195,199.2,194.5,195.3,45891
42899,194.7,197.6,190.2,192,61057
42900,192,192,187.7,188.8,58125
42901,189.4,198,189.1,197.6,65668
42902,197.9,199.1,195.6,195.9,41444
42905,195.3,195.3,186,187.8,54116
42906,187.7,188.4,186.1,188.1,36849
42907,187.4,190.4,186.1,186.5,35688
42908,188.1,191.3,184.3,187.4,56560
42909,188,189.7,187.1,189,28235
42912,192.4,195,191.8,194.4,21796
42913,196,197.2,194.6,195.9,30199
42914,197.9,201.9,197.5,199.8,33991
42915,199.5,202.1,198,198.8,46357
42916,197.8,197.8,192.7,193.8,45587
42919,192.7,198.4,191.6,193.3,54121
42920,192.8,194.9,191.4,194.5,39291
42921,194.3,196.2,183.9,184.3,71890
42922,184.8,187.8,184.8,186.5,41377
42923,187.2,190.7,184.8,185.2,60896
42926,186.3,190.4,185.7,189.4,48240
42927,189.4,197.1,189,196.8,48743
42928,196.7,196.7,191.7,192.5,43186
42929,193.9,194.9,190.3,192.2,55747
42930,191.6,193,189.1,192.3,50180
42933,193,196.3,192.3,194,41633
42934,194.8,199,194.5,198.1,43274
42935,198.2,199.5,197.1,197.5,38369
42936,198.1,200.8,196.4,196.7,50175
42937,196.3,196.3,192.6,193.4,39459
42940,192.5,192.5,186.2,186.6,40127
42941,187.6,190,187.1,189.6,33331
42942,190.6,191.2,186.6,187.8,25739
42943,188.1,192.5,186.7,191.4,48109
42944,191.2,192,189.2,189.5,28521
42947,189.1,189.1,179.3,180,47964
42948,181.5,182.4,177.8,181.2,49483
42949,181.5,181.5,178.2,180.2,38410
42950,180.2,181.8,178.5,179.4,44187
42951,179.2,179.2,176.1,178.1,37414
42954,178.5,180,177.4,179.4,28694
42955,180,181.1,177.8,180.1,28606
42956,180,185.8,179.7,185.4,34805
42957,184.4,192.6,184.2,191.9,52142
42958,191.9,192.5,190.5,191.7,27686
42961,192.9,193.4,187.7,189.3,37268
42963,188.1,188.6,185.4,186.2,33726
42964,185.8,188.5,183.4,188.2,46724
42965,187.9,188.3,185.2,186,22059
42968,186.5,191.3,184.2,190.3,45027
42969,190.3,192.9,187.8,188.7,33835
42970,188.8,189.8,186,187.8,29364
42971,187.5,191,187.3,189.2,35765
42972,188,188.3,184.6,185,21083
42975,185.1,189.4,182.2,186.2,29348
42976,189.5,191.9,189,190.8,32438
42977,190.3,190.5,188.1,188.9,23989
42978,190.1,195.4,186.8,194.8,53297
42979,195.2,197.7,192.3,196.9,42162
42982,196.1,196.2,192.6,193.2,17813
42983,194,195.6,190.6,191.4,40436
42984,191.3,194.5,190,193,43858
42985,193.1,194.2,190.4,191.4,44069
42986,190.2,190.8,185.1,185.6,35859
42989,187.1,189.4,185.8,189.1,30921
42990,189.1,195.4,188.3,192.9,49349
42991,193,197.6,192.7,197.1,32350
42992,196.6,199.5,195.3,197.3,51067
42993,196.5,197.4,193.1,193.9,33960
42996,194.4,203.3,194.4,202.5,42253
42997,202,203.9,201.1,201.5,28142
42998,201.5,202.7,199.3,200.3,35540
42999,199,200.3,191.9,192.2,47458
43000,192.9,193.4,191.3,192.6,21679
43003,193.1,194.8,190.3,190.8,27563
43004,191.5,193.2,189.5,190,21091
43005,197.5,203.9,197.5,201.8,33007
43006,202.3,202.7,197.3,198.3,49544
43007,197.6,199.7,196.3,198.4,27152
43011,196.2,196.2,189.8,190.7,33809
43012,191,194.5,189.7,192.1,37654
43013,192.5,195.4,191.1,192.6,46207
43014,191.9,191.9,187.8,188.3,39386
43017,188.2,189.4,185.9,186.2,37444
43018,186.3,189.5,186.1,189,35269
43019,189.9,193.5,189.9,190.6,35580
43020,190,196.2,189,195.7,53615
43021,195.2,197.5,193.5,195.2,40485
43024,195,195,188.8,190.8,43187
43025,191.8,196.9,191.8,192.9,42388
43026,191.5,191.5,186.3,186.6,44875
43027,186.4,186.5,185.2,186,5162
43028,187,191.5,185.9,190,41821
43031,191.6,195.9,191.6,194.2,50014
43032,193.9,195.5,193.2,194.5,35601
43033,195.4,198.1,189.7,190.4,42826
43034,190.5,190.5,185.8,188.1,33962
43035,200.1,200.1,192.5,194.2,48197
43038,195.2,196,192,193.7,35609
43039,194.7,195.7,187.4,187.8,52316
43040,188.3,190.1,184.9,187.1,48972
43041,188,191.7,188,190.3,49906
43042,190.1,194.5,189.8,194.2,37955
43045,195.5,202.7,195.5,202,43607
43046,202.7,207.6,201.3,206.7,66578
43047,205.9,207.8,203.1,207,47868
43048,206.9,209.8,205,209,59641
43049,209.1,210.4,207.6,209.3,48594
43052,209.1,212,206.5,210.6,59299
43053,209.1,209.1,200.4,203.3,61395
43054,203,206.5,200.4,201,55581
43055,202.5,203.4,199.4,200.4,52739
43056,199.7,203.4,198.8,203,44905
43059,202.5,202.5,197.2,199.4,44000
43060,198,198.9,195.7,196.3,43217
43061,196.3,196.5,192.1,193.8,51694
43062,194,194,186.1,186.8,46701
43063,188.1,189.5,180.4,182.1,57639
43066,183.2,190.3,183.2,189.5,52003
43067,196.9,203.9,196,203,54132
43068,203.2,207.9,202.6,205.2,53379
43069,205.1,206.7,196.2,197.1,77809
43070,197.6,201.8,196,198.8,66786
43073,199.4,202.2,191.6,192.2,73133
43074,193.3,193.9,186.1,187.6,73357
43075,188.6,191.7,187.1,188.8,61903
43076,189.5,189.5,178.7,180,80369
43077,180.5,182.5,178.3,180,62398
43080,182.3,183.9,180.4,182.7,51084
43081,182.2,183.8,174.5,175.2,77297
43082,175.2,177.6,171.8,176.4,77888
43083,175.4,175.4,170.3,172.1,87884
43084,173.8,175.6,165.8,166.5,90538
43087,169.4,180.8,169.4,177.3,86035
43088,176.5,177.7,172.8,174.5,79740
43089,175.1,176.7,167.6,169,76777
43090,169.7,171,164.7,166.9,94989
43091,167.4,170.7,165.6,170,59547
43095,170.8,178,170.2,171.9,70431
43096,171.7,177.4,168.6,175.9,80579
43097,176.8,189.2,176.4,188.2,1.0267e+05
43098,188.8,192.7,187.7,189.7,92633
43101,191.4,191.8,184.6,190.4,16667
43102,192.9,196.6,186.4,194.4,1.433e+05
43103,192.8,194.7,188.6,190.9,88757
43104,192,195.4,184.3,185.2,1.2838e+05
43105,184.3,184.3,174.8,177.1,1.1088e+05
43108,178.8,182.7,177.4,179.2,87969
43109,180.9,186.8,180.6,183.2,98970
43110,184.8,191.3,183.7,185.4,1.1389e+05
43111,186.4,196.4,184.6,195.4,1.1828e+05
43112,196.5,205.3,195.8,204,1.3796e+05
43115,202.2,202.3,197.8,199.6,66365
43116,200.1,201.2,195.4,199.5,93165
43117,199.3,210,199.2,208.3,1.2374e+05
43118,207.7,208.6,196.5,199.3,1.1188e+05
43119,200.5,207.2,200.1,203.5,92172
43122,204.6,208.4,201.2,206.2,88962
43123,207,220.5,207,219.3,1.1933e+05
43124,221.9,230.5,220.3,222.3,1.5087e+05
43125,222.8,230.5,215.8,222.7,85145
43129,199.5,203.7,194.5,202.4,86459
43130,203.5,208,202.7,207.6,1.0513e+05
43131,205.4,205.4,189.6,190.5,1.5338e+05
43132,191.1,191.1,182.4,183.7,1.0577e+05
43133,185.2,188,183.3,184.9,81572
43136,183.9,185.7,176.2,177.1,72251
43137,179.3,179.7,174.5,176.7,67940
43138,178.5,179.7,173.1,176.2,72866
43139,175.2,178.4,173,175.7,68753
43140,174.3,174.4,166.9,167.2,71164
43143,168,168.1,163.8,165.5,64095
43144,168.2,170.4,167.5,169,39261
43145,168,168.9,164.5,166.9,56523
43146,167.2,167.8,162.5,164.4,72369
43147,165,166.3,163.3,165.5,43331
43150,167,169.5,165,165.5,41054
43151,167.1,172.9,167.1,171,65210
43152,170.8,173.9,166.7,172.6,74401
43153,172.2,173.9,170.9,171.8,46321
43154,169.6,170.2,165.6,169.3,48946
43157,176,177.6,172.6,174.9,51577
43158,175.3,177.1,172.3,176.7,51372
43159,176,177.7,174.5,175.9,52581
43160,175.1,179,173.4,177.4,69934
43161,177.5,178.5,176.5,177.4,22903
43164,176.6,177.8,174.9,176,41336
43165,176.6,179.2,176.3,178.9,35172
43166,179.3,181.7,179.2,181.3,34602
43167,181.2,182.4,178.8,180.4,42256
43168,179.6,179.8,177.6,178.1,34514
43171,178.5,182.7,177.3,181.4,44753
43172,181.5,183,180.1,180.8,37181
43173,181.5,182.3,176.3,177.4,48227
43174,178.3,178.9,173.7,173.9,48219
43175,174.8,175.4,173.7,175.1,26091
43178,175.2,176.7,172.8,173.8,35895
43179,173.9,176.2,173.2,175.1,28924
43180,174.9,176.7,172.6,173.1,33339
43181,173,174,170.6,171.1,35348
43182,170.7,171.1,167.8,169,32827
43185,172.2,175,171.5,174.2,17627
43186,174.2,176.4,174,176,33780
43187,176.5,177.5,176.2,176.6,28020
43188,177.4,180.5,177.4,179.4,31509
43192,178.5,179.9,173.2,175,45748
43193,175.5,176.7,174.2,176.1,27985
43194,176.7,179.2,174.9,178.5,35432
43195,177.7,177.7,172.8,173.4,43253
43196,174.3,177,174.3,175.9,32135
43199,174.8,175.4,172,174.4,33740
43200,175.2,177.4,172.4,172.8,42404
43201,173,175.9,171.6,175,36779
43202,175.1,176.7,173.5,175.7,34626
43203,176,180.4,174.9,179.1,33819
43206,179.3,182.1,179.3,180.8,25874
43207,179.7,181.5,178.3,180.7,29690
43208,180.4,183.5,179.9,181.2,24732
43209,180.2,180.9,176.4,176.7,39045
43210,177.6,181.9,175.7,181.4,26948
43213,181.5,183.1,179.8,182.3,25671
43214,182.1,184.5,181.3,184,21923
43215,187.7,190.2,187.5,188.4,10986
43216,188.6,191,187.8,190.5,27169
43217,189.2,189.3,185.6,186,23848
43220,185.2,187,182.3,183.8,22435
43221,185,188.9,185,186.9,24434
43222,187.6,188.2,184.3,185,26784
43223,184.2,185.6,181.1,182.2,32549
43224,182.5,184.1,181.5,182.3,22900
43227,183.5,186.9,181.8,184.8,30305
43228,184.6,186.6,182.3,183.1,31087
43229,184.5,186.4,184.1,185.4,23421
43230,184.9,189.3,183,189.1,46401
43231,188.6,190.8,188.3,189.8,22667
43234,188.5,192.6,188.5,192.3,27103
43235,192.1,195.6,191.4,194.1,27402
43236,193.4,193.4,190.8,191.2,26972
43237,190.8,194.1,188.2,193.8,37643
43238,193.4,195.4,193.3,194.3,21264
43241,193.2,194.3,191.6,192.4,24966
43242,191.9,198.1,191.7,197.9,29463
43243,198,201.3,197.6,199.9,27733
43244,201.2,202.9,198.5,200.4,27349
43245,199.8,202.2,198.8,199.5,18248
43248,200.5,203.1,198.8,202.2,28668
43249,201,203.4,195.3,197.1,45755
43250,197.4,197.4,194.2,195.9,24414
